question_id,question_uid,subject_code,stem_60chars,kp1_id,kp1_name,kp1_sim,kp2_id,kp2_name,kp2_sim,kp3_id,kp3_name,kp3_sim,review_status,review_kp_id,review_kp_name,notes
718,biology_2024_beijing_8,biology,在北京马拉松比赛42.195km的赛程中，运动员的血糖浓度维持在正常范围，在此调节过程中不会发生的是（ ）,BIO-G0-001,第1章 走近细胞,0.100,BIO-G0-004,第4章 细胞的物质输入和输出,0.100,BIO-G0-007,第1章 遗传因子的发现,0.100,,,,
724,biology_2024_beijing_14,biology,高中生物学实验中，利用显微镜观察到下列现象，其中由取材不当引起的是（ ）,BIO-G0-002,第2章 组成细胞的分子,,BIO-G0-003,第3章 细胞的基本结构,,BIO-G0-001,第1章 走近细胞,,,,,
725,biology_2024_beijing_15,biology,1961年到2007年间全球人类的生态足迹如图所示，下列叙述错误的是（ ）,BIO-G0-002,第2章 组成细胞的分子,0.091,BIO-G0-001,第1章 走近细胞,0.091,BIO-G0-007,第1章 遗传因子的发现,0.091,,,,
732,biology_2025_beijing_1,biology,2025年，国家持续推进“体重管理年”行动。为践行“健康饮食、科学运动”，应持有的正确认识是（ ）,BIO-G0-002,第2章 组成细胞的分子,0.167,BIO-G0-008,第2章 基因和染色体的关系,0.167,BIO-G0-015,第2章 动物和人体生命活动的调节,0.167,,,,
737,biology_2025_beijing_6,biology,用于啤酒生产酿酒酵母是真核生物，其生活史如图。下列叙述错误的是（ ）,BIO-G0-002,第2章 组成细胞的分子,,BIO-G0-003,第3章 细胞的基本结构,,BIO-G0-001,第1章 走近细胞,,,,,
738,biology_2025_beijing_7,biology,抗维生素D佝偻病是一种伴X染色体显性遗传病。正常女子与男患者所生子女患该病的概率是（ ）,BIO-G0-002,第2章 组成细胞的分子,,BIO-G0-003,第3章 细胞的基本结构,,BIO-G0-001,第1章 走近细胞,,,,,
741,biology_2025_beijing_10,biology,外科医生给足外伤患者缝合伤口时，先在伤口附近注射局部麻醉约，以减轻患者疼痛。局部麻醉药的作用原理是（ ）,BIO-G0-002,第2章 组成细胞的分子,,BIO-G0-003,第3章 细胞的基本结构,,BIO-G0-001,第1章 走近细胞,,,,,
742,biology_2025_beijing_11,biology,为了解甲基苯丙胺（MA，俗称冰毒）对心脏功能影响，研究者比较了吸食与不吸食MA人群左心室的泵血能力，结果如图。下列叙述正,BIO-G0-002,第2章 组成细胞的分子,,BIO-G0-003,第3章 细胞的基本结构,,BIO-G0-001,第1章 走近细胞,,,,,
744,biology_2025_beijing_13,biology,近年来，北京建设了许多大型湿地公园，对于生态环境的改善产生了积极作用。以下关于湿地公园生态功能的叙述错误的是（ ）,BIO-G0-002,第2章 组成细胞的分子,,BIO-G0-003,第3章 细胞的基本结构,,BIO-G0-001,第1章 走近细胞,,,,,
2062,biology_2015_guangdong_002,biology,83（83.18） 腊梅,BIO-G0-001,第1章 走近细胞,0.143,BIO-G0-007,第1章 遗传因子的发现,0.143,BIO-G0-014,第1章 人体的内环境与稳态,0.143,,,,
2065,biology_2015_guangdong_003,biology,19（99.55）,BIO-G0-001,第1章 走近细胞,0.100,BIO-G0-005,第5章 细胞的能量供应和利用,0.100,BIO-G0-007,第1章 遗传因子的发现,0.100,,,,
2070,biology_2015_guangdong_004,biology,44（94.25）[来源:,BIO-G0-002,第2章 组成细胞的分子,0.100,BIO-G0-004,第4章 细胞的物质输入和输出,0.100,BIO-G0-008,第2章 基因和染色体的关系,0.100,,,,
2078,biology_2015_guangdong_007,biology,以下选项正确的是（） 二、双项选择题,BIO-G0-002,第2章 组成细胞的分子,,BIO-G0-003,第3章 细胞的基本结构,,BIO-G0-001,第1章 走近细胞,,,,,
2081,biology_2017_shanghai_001,biology,8,BIO-G0-002,第2章 组成细胞的分子,,BIO-G0-003,第3章 细胞的基本结构,,BIO-G0-001,第1章 走近细胞,,,,,
2088,biology_2017_shanghai_005,biology,为了解某食品样液中的营养成分，对其做出三种规范的鉴定操作，得到相应现象如表1。由此判断该食品样液中至少含有 表1,BIO-G0-002,第2章 组成细胞的分子,,BIO-G0-003,第3章 细胞的基本结构,,BIO-G0-001,第1章 走近细胞,,,,,
2091,biology_2017_shanghai_008,biology,病原微生物的表面抗原是疫苗制备的主要来源，下列构成病原微生物的组分中，最适用来制备疫苗的是,BIO-G0-002,第2章 组成细胞的分子,,BIO-G0-003,第3章 细胞的基本结构,,BIO-G0-001,第1章 走近细胞,,,,,
2092,biology_2017_shanghai_009,biology,皮肤和黏膜能阻挡多种病菌和病毒入侵机体，因此这两者属于机体的 ①特异性免疫 ②先天性免疫 ③非特异性免疫 ④获得性免疫,BIO-G0-002,第2章 组成细胞的分子,,BIO-G0-003,第3章 细胞的基本结构,,BIO-G0-001,第1章 走近细胞,,,,,
2094,biology_2017_shanghai_011,biology,Turner综合征患者的性染色体组成和正常女性的性染色体组成如图4，据图4判断造成Turner综合征患者的染色体畸变类型,BIO-G0-002,第2章 组成细胞的分子,,BIO-G0-003,第3章 细胞的基本结构,,BIO-G0-001,第1章 走近细胞,,,,,
2099,biology_2017_shanghai_016,biology,图9为人体内葡萄糖氧化分解的某一途径，其中①②③表示代谢过程，字母代表物质，据图分析下列表述正确的是,BIO-G0-002,第2章 组成细胞的分子,,BIO-G0-003,第3章 细胞的基本结构,,BIO-G0-001,第1章 走近细胞,,,,,
2100,biology_2017_shanghai_017,biology,某芽孢杆菌只有在含蛋白胨、牛肉膏、氯化钠和微量维生素的培养基中才能生长，此时微量维生素对该菌的培养而言属于,BIO-G0-002,第2章 组成细胞的分子,,BIO-G0-003,第3章 细胞的基本结构,,BIO-G0-001,第1章 走近细胞,,,,,
2110,biology_2017_shanghai_027,biology,（2分）图14中GS神经元膜两侧I、II分别是_________________,BIO-G0-002,第2章 组成细胞的分子,0.167,BIO-G0-008,第2章 基因和染色体的关系,0.167,BIO-G0-015,第2章 动物和人体生命活动的调节,0.167,,,,
2128,biology_2019_shanghai_001,biology,93：1 3：1 叶绿素含量 mg,BIO-G0-001,第1章 走近细胞,0.200,BIO-G0-007,第1章 遗传因子的发现,0.200,BIO-G0-014,第1章 人体的内环境与稳态,0.200,,,,
2141,biology_2019_shanghai_007,biology,人体角膜是一层无血管、无色素并具有丰富神经末梢的结构，若有异物与角膜接触，眼脸就不由自主的合上，在此过程中，感受器是（ ,BIO-G0-002,第2章 组成细胞的分子,,BIO-G0-003,第3章 细胞的基本结构,,BIO-G0-001,第1章 走近细胞,,,,,
2145,biology_2019_shanghai_010,biology,给狗喂食时，一直按铃，如此重复多次。之后，听到铃声，反应刺激是M。如果一直按铃，但是不喂食，一段时间后，听到铃声，反应刺,BIO-G0-002,第2章 组成细胞的分子,,BIO-G0-003,第3章 细胞的基本结构,,BIO-G0-001,第1章 走近细胞,,,,,
2146,biology_2019_shanghai_011,biology,相同温度相同时间内，在X处能收集到的CO2最多的装置是（ ） 甲 乙 丙 丁,BIO-G0-002,第2章 组成细胞的分子,,BIO-G0-003,第3章 细胞的基本结构,,BIO-G0-001,第1章 走近细胞,,,,,
2148,biology_2019_shanghai_013,biology,60* 2 45* *表示与不补光组相比差异显著,BIO-G0-002,第2章 组成细胞的分子,0.125,BIO-G0-006,第6章 细胞的生命历程,0.125,BIO-G0-008,第2章 基因和染色体的关系,0.125,,,,
2153,biology_2019_shanghai_015,biology,眼轴变长会导致近视，根据图8，以下预防近视的做法最合理的是（ ） 图8,BIO-G0-002,第2章 组成细胞的分子,,BIO-G0-003,第3章 细胞的基本结构,,BIO-G0-001,第1章 走近细胞,,,,,
2154,biology_2019_shanghai_016,biology,某人使用外源性生长激素促进肌肉生长，但会导致其自身分泌生长激素减少，引起这种现象的调节方式为（ ）,BIO-G0-002,第2章 组成细胞的分子,,BIO-G0-003,第3章 细胞的基本结构,,BIO-G0-001,第1章 走近细胞,,,,,
2156,biology_2019_shanghai_017,biology,03,BIO-G0-002,第2章 组成细胞的分子,,BIO-G0-003,第3章 细胞的基本结构,,BIO-G0-001,第1章 走近细胞,,,,,
2183,biology_2019_shanghai_039,biology,（2分）图15所示第V阶段，抗原蛋白 r和抗r抗体的不同_________ (多选）,BIO-G0-002,第2章 组成细胞的分子,0.222,BIO-G0-008,第2章 基因和染色体的关系,0.222,BIO-G0-015,第2章 动物和人体生命活动的调节,0.222,,,,
2192,biology_2021_shanghai_002,biology,鸭子毛色有黑色、白色等多种，这体现了（ ）,BIO-G0-002,第2章 组成细胞的分子,,BIO-G0-003,第3章 细胞的基本结构,,BIO-G0-001,第1章 走近细胞,,,,,
2194,biology_2021_shanghai_003,biology,答题前，考生务必在答题纸上用钢笔或圆珠笔清楚填写姓名、准考证号，并将核对后的条形码贴在指定位置上。,BIO-G0-002,第2章 组成细胞的分子,,BIO-G0-003,第3章 细胞的基本结构,,BIO-G0-001,第1章 走近细胞,,,,,
2196,biology_2021_shanghai_004,biology,“温故知新”的是一种优良的学习品质，关于学习反射的特点正确的是（ ） ①非条件反射 ②条件反射 ③会消退 ④不会消退,BIO-G0-002,第2章 组成细胞的分子,,BIO-G0-003,第3章 细胞的基本结构,,BIO-G0-001,第1章 走近细胞,,,,,
2201,biology_2021_shanghai_008,biology,游客给猴子投喂不含脂肪的香蕉后，导致猴子肥胖，据图分析原因是（ ）,BIO-G0-002,第2章 组成细胞的分子,,BIO-G0-003,第3章 细胞的基本结构,,BIO-G0-001,第1章 走近细胞,,,,,
2202,biology_2021_shanghai_009,biology,水稻种子萌发时所需能量主要来自（ ）,BIO-G0-002,第2章 组成细胞的分子,,BIO-G0-003,第3章 细胞的基本结构,,BIO-G0-001,第1章 走近细胞,,,,,
2203,biology_2021_shanghai_010,biology,狂犬病疫苗的接种需在一定时期内间隔注射三次，其目的是（ ）,BIO-G0-002,第2章 组成细胞的分子,,BIO-G0-003,第3章 细胞的基本结构,,BIO-G0-001,第1章 走近细胞,,,,,
2204,biology_2021_shanghai_011,biology,马拉松运动后大量饮用清水会出现的现象是（ ）,BIO-G0-002,第2章 组成细胞的分子,,BIO-G0-003,第3章 细胞的基本结构,,BIO-G0-001,第1章 走近细胞,,,,,
2211,biology_2021_shanghai_018,biology,在a、b、c、d条件下，测得酵母菌呼吸时CO2和O2体积变化的相对值如表。若底物是葡萄糖，下列关于d条件的叙述中正确是（,BIO-G0-002,第2章 组成细胞的分子,,BIO-G0-003,第3章 细胞的基本结构,,BIO-G0-001,第1章 走近细胞,,,,,
2221,biology_2021_shanghai_028,biology,（2分）根据CRIA综合征的致病机理分析，Ⅱ-3体内未被切割的RIPK1蛋白：被切 割的RIPKl蛋白比例接近 。,BIO-G0-002,第2章 组成细胞的分子,0.182,BIO-G0-003,第3章 细胞的基本结构,0.182,BIO-G0-008,第2章 基因和染色体的关系,0.182,,,,
2231,biology_2022_hainan_001,biology,脊髓灰质炎病毒已被科学家人工合成。该人工合成病毒能够引发小鼠脊髓灰质炎，但其毒性比天然病毒小得多。下列有关叙述正确的是（,BIO-G0-002,第2章 组成细胞的分子,,BIO-G0-003,第3章 细胞的基本结构,,BIO-G0-001,第1章 走近细胞,,,,,
2236,biology_2022_hainan_006,biology,假性肥大性肌营养不良是伴Ｘ隐性遗传病，该病某家族的遗传系谱如图。下列有关叙述正确的是（ ）,BIO-G0-002,第2章 组成细胞的分子,,BIO-G0-003,第3章 细胞的基本结构,,BIO-G0-001,第1章 走近细胞,,,,,
2237,biology_2022_hainan_007,biology,植物激素和植物生长调节剂可调控植物的生长发育。下列有关叙述错误的是（ ）,BIO-G0-002,第2章 组成细胞的分子,,BIO-G0-003,第3章 细胞的基本结构,,BIO-G0-001,第1章 走近细胞,,,,,
2238,biology_2022_hainan_008,biology,某学者提出，岛屿上的物种数取决于物种迁入和灭亡的动态平衡。图中曲线表示面积大小不同和距离大陆远近不同的岛屿上物种的迁入率,BIO-G0-002,第2章 组成细胞的分子,,BIO-G0-003,第3章 细胞的基本结构,,BIO-G0-001,第1章 走近细胞,,,,,
2242,biology_2022_hainan_012,biology,为探究校内植物园土壤中的细菌种类，某兴趣小组采集园内土壤样本并开展相关实验。下列有关叙述错误的是（ ）,BIO-G0-002,第2章 组成细胞的分子,,BIO-G0-003,第3章 细胞的基本结构,,BIO-G0-001,第1章 走近细胞,,,,,
2244,biology_2022_hainan_014,biology,机体内血糖浓度受多种激素共同调节。某实验小组探究了三种激素单独或联合作用调节血糖的效应，实验前血糖浓度为5.0mmol/,BIO-G0-002,第2章 组成细胞的分子,,BIO-G0-003,第3章 细胞的基本结构,,BIO-G0-001,第1章 走近细胞,,,,,
2260,biology_2023_chongqing_003,biology,分析题图：当a为①、b为⑤，袋内溶液逐渐变为蓝色，说明淀粉不能通过透析袋、碘液可通过透析袋；当a为②、b为③，水浴（55,BIO-G0-002,第2章 组成细胞的分子,,BIO-G0-003,第3章 细胞的基本结构,,BIO-G0-001,第1章 走近细胞,,,,,
2269,biology_2023_chongqing_008,biology,我国学者首次揭示了夜间光照影响血糖代谢的机制。健康受试者于夜间分别在某波长光照和黑暗条件下口服等量葡萄糖，然后在不同时间,BIO-G0-002,第2章 组成细胞的分子,,BIO-G0-003,第3章 细胞的基本结构,,BIO-G0-001,第1章 走近细胞,,,,,
2270,biology_2023_chongqing_009,biology,垃圾分类有利于变废为宝，减少环境污染。如图为分类后餐厨垃圾资源化处理的流程设计。下列叙述错误的是（ ）,BIO-G0-002,第2章 组成细胞的分子,,BIO-G0-003,第3章 细胞的基本结构,,BIO-G0-001,第1章 走近细胞,,,,,
2272,biology_2023_chongqing_011,biology,为研究马铃薯贮藏时间与内源激素含量之间的关系，研究人员测定了马铃薯块茎贮藏期间在不同温度条件下的发芽率（图1），以及20,BIO-G0-002,第2章 组成细胞的分子,,BIO-G0-003,第3章 细胞的基本结构,,BIO-G0-001,第1章 走近细胞,,,,,
2283,biology_2024_zhejiang_001,biology,94 1 胞间CO2浓度 -0.99 -0.98 -0.99 1 叶绿素含量,BIO-G0-002,第2章 组成细胞的分子,,BIO-G0-003,第3章 细胞的基本结构,,BIO-G0-001,第1章 走近细胞,,,,,
2289,biology_2024_zhejiang_002,biology,考生答题前，务必将自己的姓名、准考证号用黑色字迹的签字笔或钢笔填写在答题纸上。,BIO-G0-002,第2章 组成细胞的分子,,BIO-G0-003,第3章 细胞的基本结构,,BIO-G0-001,第1章 走近细胞,,,,,
2291,biology_2024_zhejiang_003,biology,下列不属于水在植物生命活动中作用的是（ ）,BIO-G0-002,第2章 组成细胞的分子,,BIO-G0-003,第3章 细胞的基本结构,,BIO-G0-001,第1章 走近细胞,,,,,
2298,biology_2024_zhejiang_008,biology,某快递小哥跳入冰冷刺骨的河水勇救落水者时，体内会发生系列变化。下列叙述正确的是（ ）,BIO-G0-002,第2章 组成细胞的分子,,BIO-G0-003,第3章 细胞的基本结构,,BIO-G0-001,第1章 走近细胞,,,,,
2302,biology_2024_zhejiang_012,biology,越野跑、马拉松等运动需要大量消耗糖、脂肪、水和无机盐等物质。运动员到达终点时，下列各种激素水平与正常的相比。正确的是（ ,BIO-G0-002,第2章 组成细胞的分子,,BIO-G0-003,第3章 细胞的基本结构,,BIO-G0-001,第1章 走近细胞,,,,,
2306,biology_2024_zhejiang_016,biology,稻苞虫是完全变态发育昆虫。其幼虫主要啃食水稻等植物叶片，成虫主要舔食植物花粉。某稻田发现了稻苞虫的虫情，下列措施既能有效,BIO-G0-002,第2章 组成细胞的分子,,BIO-G0-003,第3章 细胞的基本结构,,BIO-G0-001,第1章 走近细胞,,,,,
2309,biology_2024_zhejiang_019,biology,坐骨神经可以支配包括腓肠肌在内的多块骨骼肌。取坐骨神经腓肠肌标本，将电位表的两个电极置于坐骨神经表面II、III两处，如,BIO-G0-002,第2章 组成细胞的分子,,BIO-G0-003,第3章 细胞的基本结构,,BIO-G0-001,第1章 走近细胞,,,,,
2318,biology_2025_jiangsu_002,biology,该实验的步骤为选材→固定→解离→漂洗→染色→制片。,BIO-G0-002,第2章 组成细胞的分子,,BIO-G0-003,第3章 细胞的基本结构,,BIO-G0-001,第1章 走近细胞,,,,,
2325,biology_2025_jiangsu_005,biology,江苏某地运用生态修复工程技术，将废弃矿区建设成为中国最美的乡村湿地之一。下列相关叙述错误的是（ ）,BIO-G0-002,第2章 组成细胞的分子,,BIO-G0-003,第3章 细胞的基本结构,,BIO-G0-001,第1章 走近细胞,,,,,
2326,biology_2025_jiangsu_006,biology,某同学利用红叶李果实制作果醋，图示其操作的简易流程。下列相关叙述正确的是（ ）,BIO-G0-002,第2章 组成细胞的分子,,BIO-G0-003,第3章 细胞的基本结构,,BIO-G0-001,第1章 走近细胞,,,,,
2331,biology_2025_jiangsu_011,biology,从种植草莓的土壤中分离致病菌，简易流程如下：制备土壤悬液、分离、纯化、鉴定。下列相关叙述正确的是（ ）,BIO-G0-002,第2章 组成细胞的分子,,BIO-G0-003,第3章 细胞的基本结构,,BIO-G0-001,第1章 走近细胞,,,,,
2338,biology_2025_jiangsu_018,biology,图示部分竹子的进化发展史，其中A~D和H代表不同的染色体组。下列相关叙述正确的有（ ）,BIO-G0-002,第2章 组成细胞的分子,,BIO-G0-003,第3章 细胞的基本结构,,BIO-G0-001,第1章 走近细胞,,,,,
5976,biology_2008_zhejiang_001,biology,为了验证胰岛素具有降低血糖含量的作用，在设计实验时，如果以正常小鼠注射某种药物前后小鼠症 状作为观察指标，则下列对实验组,BIO-G0-002,第2章 组成细胞的分子,,BIO-G0-003,第3章 细胞的基本结构,,BIO-G0-001,第1章 走近细胞,,,,,
5995,biology_2010_guangdong_004,biology,下列叙述正确的是( D ),BIO-G0-002,第2章 组成细胞的分子,,BIO-G0-003,第3章 细胞的基本结构,,BIO-G0-001,第1章 走近细胞,,,,,
6002,biology_2011_zhejiang_003,biology,在离体实验条件下单条神经纤维的动作电位示意图如下，下列叙述正确的,BIO-G0-002,第2章 组成细胞的分子,,BIO-G0-003,第3章 细胞的基本结构,,BIO-G0-001,第1章 走近细胞,,,,,
6003,biology_2011_zhejiang_004,biology,与被动免疫相比，下列关于主动免疫的叙述，正确的是,BIO-G0-002,第2章 组成细胞的分子,,BIO-G0-003,第3章 细胞的基本结构,,BIO-G0-001,第1章 走近细胞,,,,,
6009,biology_2014_zhejiang_001,biology,94,BIO-G0-002,第2章 组成细胞的分子,,BIO-G0-003,第3章 细胞的基本结构,,BIO-G0-001,第1章 走近细胞,,,,,
6022,biology_2014_zhejiang_004,biology,下列关于环境容纳量的叙述，正确的是,BIO-G0-002,第2章 组成细胞的分子,,BIO-G0-003,第3章 细胞的基本结构,,BIO-G0-001,第1章 走近细胞,,,,,
6026,biology_2014_zhejiang_007,biology,82,BIO-G0-002,第2章 组成细胞的分子,,BIO-G0-003,第3章 细胞的基本结构,,BIO-G0-001,第1章 走近细胞,,,,,
6031,biology_2014_zhejiang_022,biology,95,BIO-G0-002,第2章 组成细胞的分子,,BIO-G0-003,第3章 细胞的基本结构,,BIO-G0-001,第1章 走近细胞,,,,,
6039,biology_2016_zhejiang_001,biology,A+甲,BIO-G0-002,第2章 组成细胞的分子,,BIO-G0-003,第3章 细胞的基本结构,,BIO-G0-001,第1章 走近细胞,,,,,
6040,biology_2016_zhejiang_002,biology,A+乙,BIO-G0-002,第2章 组成细胞的分子,,BIO-G0-003,第3章 细胞的基本结构,,BIO-G0-001,第1章 走近细胞,,,,,
6042,biology_2016_zhejiang_004,biology,B+甲,BIO-G0-002,第2章 组成细胞的分子,,BIO-G0-003,第3章 细胞的基本结构,,BIO-G0-001,第1章 走近细胞,,,,,
6043,biology_2016_zhejiang_005,biology,B+乙,BIO-G0-002,第2章 组成细胞的分子,,BIO-G0-003,第3章 细胞的基本结构,,BIO-G0-001,第1章 走近细胞,,,,,
6045,biology_2016_zhejiang_007,biology,C+甲,BIO-G0-002,第2章 组成细胞的分子,,BIO-G0-003,第3章 细胞的基本结构,,BIO-G0-001,第1章 走近细胞,,,,,
6046,biology_2016_zhejiang_008,biology,C+乙,BIO-G0-002,第2章 组成细胞的分子,,BIO-G0-003,第3章 细胞的基本结构,,BIO-G0-001,第1章 走近细胞,,,,,
6048,biology_2016_zhejiang_010,biology,（6分）（1）10 3 （2）北极狐和雪鸮 （3）分解者 (b/a)×100% 生产者,BIO-G0-002,第2章 组成细胞的分子,0.133,BIO-G0-003,第3章 细胞的基本结构,0.133,BIO-G0-001,第1章 走近细胞,0.133,,,,
6050,biology_2016_zhejiang_012,biology,（7分）（1）灰身 r （2）BBXrY 5/6 （3）1/3 （4）,BIO-G0-002,第2章 组成细胞的分子,0.095,BIO-G0-003,第3章 细胞的基本结构,0.095,BIO-G0-001,第1章 走近细胞,0.095,,,,
6080,biology_2017_zhejiang_003,biology,非选择题的答案必须使用黑色字迹的签字笔或钢笔写在答题纸上相应区域内，作图时可先用2B铅笔，确定后必须使用黑色字迹的签字笔,BIO-G0-002,第2章 组成细胞的分子,,BIO-G0-003,第3章 细胞的基本结构,,BIO-G0-001,第1章 走近细胞,,,,,
6082,biology_2017_zhejiang_004,biology,下列不属于水体污染防治措施的是（ ）,BIO-G0-002,第2章 组成细胞的分子,,BIO-G0-003,第3章 细胞的基本结构,,BIO-G0-001,第1章 走近细胞,,,,,
6084,biology_2017_zhejiang_006,biology,将云母片插入苗尖端及其下部的不同位置如图所示，给与单侧光照射，下列不发的是发生弯曲生长的是（ ）,BIO-G0-002,第2章 组成细胞的分子,,BIO-G0-003,第3章 细胞的基本结构,,BIO-G0-001,第1章 走近细胞,,,,,
6088,biology_2017_zhejiang_010,biology,"下列关于食物链和食物网的叙述,正确的是（ ）",BIO-G0-002,第2章 组成细胞的分子,,BIO-G0-003,第3章 细胞的基本结构,,BIO-G0-001,第1章 走近细胞,,,,,
6090,biology_2017_zhejiang_012,biology,"下列关于脂质的叙述,错误的是（ ）",BIO-G0-002,第2章 组成细胞的分子,,BIO-G0-003,第3章 细胞的基本结构,,BIO-G0-001,第1章 走近细胞,,,,,
6098,biology_2024_anhui_003,biology,82,BIO-G0-002,第2章 组成细胞的分子,,BIO-G0-003,第3章 细胞的基本结构,,BIO-G0-001,第1章 走近细胞,,,,,
6110,biology_2024_anhui_007,biology,人在睡梦中偶尔会出现心跳明显加快、呼吸急促，甚至惊叫。如果此时检测这些人的血液，会发现肾上腺素含量明显升高。下列叙述错误,BIO-G0-002,第2章 组成细胞的分子,,BIO-G0-003,第3章 细胞的基本结构,,BIO-G0-001,第1章 走近细胞,,,,,
6111,biology_2024_anhui_008,biology,羊口疮是由羊口疮病毒（ORFV）感染引起的急性接触性人畜共患传染病，宿主易被ORFV反复感染，影响畜牧业发展，危害人体健,BIO-G0-002,第2章 组成细胞的分子,,BIO-G0-003,第3章 细胞的基本结构,,BIO-G0-001,第1章 走近细胞,,,,,
6112,biology_2024_anhui_009,biology,植物生命活动受植物激素、环境因素等多种因素的调节。下列叙述正确的是（ ）,BIO-G0-002,第2章 组成细胞的分子,,BIO-G0-003,第3章 细胞的基本结构,,BIO-G0-001,第1章 走近细胞,,,,,
6128,biology_2024_anhui_021,biology,0,BIO-G0-002,第2章 组成细胞的分子,,BIO-G0-003,第3章 细胞的基本结构,,BIO-G0-001,第1章 走近细胞,,,,,
6131,biology_2024_anhui_024,biology,06 917 灌丛,BIO-G0-002,第2章 组成细胞的分子,,BIO-G0-003,第3章 细胞的基本结构,,BIO-G0-001,第1章 走近细胞,,,,,
6132,biology_2024_anhui_025,biology,94,BIO-G0-002,第2章 组成细胞的分子,,BIO-G0-003,第3章 细胞的基本结构,,BIO-G0-001,第1章 走近细胞,,,,,
6133,biology_2024_anhui_026,biology,05,BIO-G0-002,第2章 组成细胞的分子,,BIO-G0-003,第3章 细胞的基本结构,,BIO-G0-001,第1章 走近细胞,,,,,
6158,biology_2024_chongqing_001,biology,6 6 180 15,BIO-G0-006,第6章 细胞的生命历程,0.111,BIO-G0-012,第6章 从杂交育种到基因工程,0.111,BIO-G0-019,第6章 生态环境的保护,0.111,,,,
6183,biology_2024_chongqing_014,biology,养殖场粪便是农家肥的重要来源，其中某些微生物可使氨氮化合物转化为尿素进而产生NH3，影响畜禽健康。为筛选粪便中能利用氨氮,BIO-G0-002,第2章 组成细胞的分子,,BIO-G0-003,第3章 细胞的基本结构,,BIO-G0-001,第1章 走近细胞,,,,,
6191,biology_2024_fujian_001,biology,我国科研团队研制出全球首个以尿液中的抗原为靶标的戊肝诊断试剂盒，该成果属于单克隆抗体在临床上的应用。下列叙述错误的是（ ,BIO-G0-002,第2章 组成细胞的分子,,BIO-G0-003,第3章 细胞的基本结构,,BIO-G0-001,第1章 走近细胞,,,,,
6194,biology_2024_fujian_004,biology,朱鹮是国家一级保护鸟类。我国在朱鹮保护方面取得了重大成就，其数量从1981年的7只增加到现在的11000多只。下列保护措,BIO-G0-002,第2章 组成细胞的分子,,BIO-G0-003,第3章 细胞的基本结构,,BIO-G0-001,第1章 走近细胞,,,,,
6196,biology_2024_fujian_006,biology,成年棘胸蛙存在雄蛙大、雌蛙小的两性异形现象，推测这是雌蛙对雄蛙长期选择的结果。支持该推测的证据是（ ）,BIO-G0-002,第2章 组成细胞的分子,,BIO-G0-003,第3章 细胞的基本结构,,BIO-G0-001,第1章 走近细胞,,,,,
6197,biology_2024_fujian_007,biology,中国水仙是一种三倍体观赏花卉。传统生产采用分球茎繁殖方式，不仅周期长、产率低、花色单调，还易积累病毒。下列措施无法达到改,BIO-G0-002,第2章 组成细胞的分子,,BIO-G0-003,第3章 细胞的基本结构,,BIO-G0-001,第1章 走近细胞,,,,,
6198,biology_2024_fujian_008,biology,橘小实蝇是一种危害柑橘类果树的害虫。研究发现，雄虫能提供底物给直肠中的芽孢杆菌，让芽孢杆菌合成吸引雌虫的信息素。下列叙述,BIO-G0-002,第2章 组成细胞的分子,,BIO-G0-003,第3章 细胞的基本结构,,BIO-G0-001,第1章 走近细胞,,,,,
6211,biology_2024_gansu_001,biology,36 1 S6,BIO-G0-009,第3章 基因的本质,0.143,BIO-G0-003,第3章 细胞的基本结构,0.143,BIO-G0-016,第3章 植物的激素调节,0.143,,,,
6229,biology_2024_gansu_002,biology,82,BIO-G0-002,第2章 组成细胞的分子,,BIO-G0-003,第3章 细胞的基本结构,,BIO-G0-001,第1章 走近细胞,,,,,
6252,biology_2024_gansu_007,biology,03,BIO-G0-002,第2章 组成细胞的分子,,BIO-G0-003,第3章 细胞的基本结构,,BIO-G0-001,第1章 走近细胞,,,,,
6255,biology_2024_gansu_008,biology,08,BIO-G0-002,第2章 组成细胞的分子,,BIO-G0-003,第3章 细胞的基本结构,,BIO-G0-001,第1章 走近细胞,,,,,
6262,biology_2024_gansu_010,biology,88,BIO-G0-002,第2章 组成细胞的分子,,BIO-G0-003,第3章 细胞的基本结构,,BIO-G0-001,第1章 走近细胞,,,,,
6272,biology_2024_gansu_014,biology,土壤镉污染影响粮食生产和食品安全，是人类面临的重要环境问题。种植富集镉的植物可以修复镉污染的土壤。为了筛选这些植物，某科,BIO-G0-002,第2章 组成细胞的分子,,BIO-G0-003,第3章 细胞的基本结构,,BIO-G0-001,第1章 走近细胞,,,,,
6279,biology_2024_gansu_019,biology,0,BIO-G0-002,第2章 组成细胞的分子,,BIO-G0-003,第3章 细胞的基本结构,,BIO-G0-001,第1章 走近细胞,,,,,
6285,biology_2024_gansu_024,biology,98,BIO-G0-002,第2章 组成细胞的分子,,BIO-G0-003,第3章 细胞的基本结构,,BIO-G0-001,第1章 走近细胞,,,,,
6286,biology_2024_gansu_025,biology,98,BIO-G0-002,第2章 组成细胞的分子,,BIO-G0-003,第3章 细胞的基本结构,,BIO-G0-001,第1章 走近细胞,,,,,
6292,biology_2024_gansu_031,biology,02 玉米芯,BIO-G0-002,第2章 组成细胞的分子,,BIO-G0-003,第3章 细胞的基本结构,,BIO-G0-001,第1章 走近细胞,,,,,
6299,biology_2024_guangdong_001,biology,“碳汇渔业”，又称“不投饵渔业”，是指充分发挥生物碳汇功能，通过收获水产品直接或间接减少CO2的渔业生产活动，是我国实现,BIO-G0-002,第2章 组成细胞的分子,,BIO-G0-003,第3章 细胞的基本结构,,BIO-G0-001,第1章 走近细胞,,,,,
6305,biology_2024_guangdong_003,biology,银杏是我国特有的珍稀植物，其叶片变黄后极具观赏价值。某同学用纸层析法探究银杏绿叶和黄叶的色素差别，下列实验操作正确的是（,BIO-G0-002,第2章 组成细胞的分子,,BIO-G0-003,第3章 细胞的基本结构,,BIO-G0-001,第1章 走近细胞,,,,,
6309,biology_2024_guangdong_005,biology,意义：有利于不同生物充分利用环境资源。,BIO-G0-002,第2章 组成细胞的分子,,BIO-G0-003,第3章 细胞的基本结构,,BIO-G0-001,第1章 走近细胞,,,,,
6311,biology_2024_guangdong_006,biology,研究发现，耐力运动训练能促进老年小鼠大脑海马区神经发生，改善记忆功能。下列生命活动过程中，不直接涉及记忆功能改善的是 （,BIO-G0-002,第2章 组成细胞的分子,,BIO-G0-003,第3章 细胞的基本结构,,BIO-G0-001,第1章 走近细胞,,,,,
6312,biology_2024_guangdong_007,biology,某患者甲状腺激素分泌不足。经诊断，医生建议采用激素治疗。下列叙述错误的是（ ）,BIO-G0-002,第2章 组成细胞的分子,,BIO-G0-003,第3章 细胞的基本结构,,BIO-G0-001,第1章 走近细胞,,,,,
6313,biology_2024_guangdong_008,biology,松树受到松叶蜂幼虫攻击时，会释放植物信息素，吸引寄生蜂将卵产入松叶蜂幼虫体内，寄生蜂卵孵化后以松叶蜂幼虫为食。下列分析错,BIO-G0-002,第2章 组成细胞的分子,,BIO-G0-003,第3章 细胞的基本结构,,BIO-G0-001,第1章 走近细胞,,,,,
6317,biology_2024_guangdong_012,biology,Janzen-Connel假说（詹曾-康奈尔假说）认为，某些植物母株周围会积累对自身有害的病原菌、昆虫等，从而抑制母株附,BIO-G0-002,第2章 组成细胞的分子,,BIO-G0-003,第3章 细胞的基本结构,,BIO-G0-001,第1章 走近细胞,,,,,
6318,biology_2024_guangdong_013,biology,为探究人类活动对鸟类食性及物种多样性的影响，研究者调查了某地的自然保护区、农田和城区3种生境中雀形目鸟类的物种数量（取样,BIO-G0-002,第2章 组成细胞的分子,,BIO-G0-003,第3章 细胞的基本结构,,BIO-G0-001,第1章 走近细胞,,,,,
6339,biology_2024_guangxi_006,biology,"百香果具有较高的经济价值，在广西多地种植，赋能乡村振兴。为探究百香果健壮枝条生根的最适 2,4-D 浓度，某兴趣小组提出",BIO-G0-002,第2章 组成细胞的分子,,BIO-G0-003,第3章 细胞的基本结构,,BIO-G0-001,第1章 走近细胞,,,,,
6340,biology_2024_guangxi_007,biology,我国科研人员研发了一种长效胰岛素制剂。当血糖浓度升高时，该制剂能迅速释放胰岛素，使血糖恢复 正常，之后缓慢持续释放微盟胰,BIO-G0-002,第2章 组成细胞的分子,,BIO-G0-003,第3章 细胞的基本结构,,BIO-G0-001,第1章 走近细胞,,,,,
6341,biology_2024_guangxi_008,biology,屠呦呦等科学家发现青蒿素，为全球疟疾治疗做出突出贡献。随着时间推移。发现疟原虫对单方青蒿素 出现了一定抗药性，为了解决该,BIO-G0-002,第2章 组成细胞的分子,,BIO-G0-003,第3章 细胞的基本结构,,BIO-G0-001,第1章 走近细胞,,,,,
6355,biology_2024_guizhou_001,biology,种子萌发形成幼苗离不开糖类等能源物质，也离不开水和无机盐。下列叙述正确的是（ ）,BIO-G0-002,第2章 组成细胞的分子,,BIO-G0-003,第3章 细胞的基本结构,,BIO-G0-001,第1章 走近细胞,,,,,
6360,biology_2024_guizhou_003,biology,为探究不同光照强度对叶色的影响，取紫鸭跖草在不同光照强度下，其他条件相同且适宜，分组栽培，一段时间后获取各组光合色素提取,BIO-G0-002,第2章 组成细胞的分子,,BIO-G0-003,第3章 细胞的基本结构,,BIO-G0-001,第1章 走近细胞,,,,,
6367,biology_2024_guizhou_009,biology,矮壮素可使草莓植株矮化，提高草莓的产量。科研人员探究了不同浓度的矮壮素对草莓幼苗的矮化和地上部鲜重，以及对果实总产量的影,BIO-G0-002,第2章 组成细胞的分子,,BIO-G0-003,第3章 细胞的基本结构,,BIO-G0-001,第1章 走近细胞,,,,,
6368,biology_2024_guizhou_010,biology,接种疫苗是预防传染病的重要手段，下列疾病中可通过接种疾苗预防的是（ ） ①肺结核 ②白化病 ③缺铁性贫血 ④流行性感冒 ,BIO-G0-002,第2章 组成细胞的分子,,BIO-G0-003,第3章 细胞的基本结构,,BIO-G0-001,第1章 走近细胞,,,,,
6369,biology_2024_guizhou_011,biology,在公路边坡修复过程中，常选用“豆科-禾本科”植物进行搭配种植。下列叙述错误的是（ ）,BIO-G0-002,第2章 组成细胞的分子,,BIO-G0-003,第3章 细胞的基本结构,,BIO-G0-001,第1章 走近细胞,,,,,
6370,biology_2024_guizhou_012,biology,孑遗植物杪椤，在贵州数量多、分布面积大。调查发现，常有害虫啃食杪椤嫩叶，影响杪椤的生长、发育和繁殖。下列叙述正确的是（ ,BIO-G0-002,第2章 组成细胞的分子,,BIO-G0-003,第3章 细胞的基本结构,,BIO-G0-001,第1章 走近细胞,,,,,
6371,biology_2024_guizhou_013,biology,生物学实验中合理选择材料和研究方法是顺利完成实验的前提条件。下列叙述错误的是（ ）,BIO-G0-002,第2章 组成细胞的分子,,BIO-G0-003,第3章 细胞的基本结构,,BIO-G0-001,第1章 走近细胞,,,,,
6376,biology_2024_guizhou_018,biology,每当中午放学时、同学们结伴而行，有说有笑走进食堂排队就餐。回答下列问题。 （1）同学们看到喜欢吃的食物时、唾液的分泌就会,BIO-G0-002,第2章 组成细胞的分子,,BIO-G0-003,第3章 细胞的基本结构,,BIO-G0-001,第1章 走近细胞,,,,,
6384,biology_2024_hainan_003,biology,许多红树植物从含盐量高的泥滩中吸收盐分，并通过其叶表面的盐腺主动将盐排出体外避免盐害。下列有关这些红树植物的叙述，正确的,BIO-G0-002,第2章 组成细胞的分子,,BIO-G0-003,第3章 细胞的基本结构,,BIO-G0-001,第1章 走近细胞,,,,,
6385,biology_2024_hainan_004,biology,水平衡是指人每天摄入和排出的水处于动态平衡之中，是维持机体正常生理功能的必要条件之一。下列有关叙述错误的是（ ）,BIO-G0-002,第2章 组成细胞的分子,,BIO-G0-003,第3章 细胞的基本结构,,BIO-G0-001,第1章 走近细胞,,,,,
6387,biology_2024_hainan_006,biology,发展生态农业有助于乡村振兴。某乡村因地制宜实施了“春夏种稻、冬闲种薯、薯糠喂牛、粪尿肥田”的生态农业模式，提高了当地的经,BIO-G0-002,第2章 组成细胞的分子,,BIO-G0-003,第3章 细胞的基本结构,,BIO-G0-001,第1章 走近细胞,,,,,
6391,biology_2024_hainan_010,biology,多花报春（AA）和轮花报春（BB）均是二倍体植物，其中A、B分别代表两个远缘物种的1个染色体组，每个染色体组均含9条染色,BIO-G0-002,第2章 组成细胞的分子,,BIO-G0-003,第3章 细胞的基本结构,,BIO-G0-001,第1章 走近细胞,,,,,
6421,biology_2024_hebei_008,biology,某同学足球比赛时汗流浃背，赛后适量饮水并充分休息。下列相关叙述错误的是（ ）,BIO-G0-002,第2章 组成细胞的分子,,BIO-G0-003,第3章 细胞的基本结构,,BIO-G0-001,第1章 走近细胞,,,,,
6422,biology_2024_hebei_009,biology,甲状腺激素在肝脏中激活其β受体，使机体产生激素G，进而促进胰岛素分泌。下列叙述错误的是（ ）,BIO-G0-002,第2章 组成细胞的分子,,BIO-G0-003,第3章 细胞的基本结构,,BIO-G0-001,第1章 走近细胞,,,,,
6426,biology_2024_hebei_013,biology,天然林可分为单种乔木的纯林和包含多种乔木的混交林。人工林通常是在栽培某树种后，经多年持续去除自然长出的其他树木进行抚育，,BIO-G0-002,第2章 组成细胞的分子,,BIO-G0-003,第3章 细胞的基本结构,,BIO-G0-001,第1章 走近细胞,,,,,
6427,biology_2024_hebei_014,biology,下列相关实验操作正确的是（ ）,BIO-G0-002,第2章 组成细胞的分子,,BIO-G0-003,第3章 细胞的基本结构,,BIO-G0-001,第1章 走近细胞,,,,,
6432,biology_2024_hebei_019,biology,中国传统白酒多以泥窖为发酵基础，素有“千年老窖万年糟”“以窖养糟，以糟养泥”之说。多年反复利用的老窖池内壁窖泥中含有大量,BIO-G0-002,第2章 组成细胞的分子,,BIO-G0-003,第3章 细胞的基本结构,,BIO-G0-001,第1章 走近细胞,,,,,
6433,biology_2024_hebei_020,biology,高原地区蓝光和紫外光较强，常采用覆膜措施辅助林木育苗。为探究不同颜色覆膜对藏川杨幼苗生长的影响，研究者检测了白膜、蓝膜和,BIO-G0-002,第2章 组成细胞的分子,,BIO-G0-003,第3章 细胞的基本结构,,BIO-G0-001,第1章 走近细胞,,,,,
6434,biology_2024_hebei_021,biology,8,BIO-G0-002,第2章 组成细胞的分子,,BIO-G0-003,第3章 细胞的基本结构,,BIO-G0-001,第1章 走近细胞,,,,,
6440,biology_2024_hebei_025,biology,0 0,BIO-G0-002,第2章 组成细胞的分子,,BIO-G0-003,第3章 细胞的基本结构,,BIO-G0-001,第1章 走近细胞,,,,,
6442,biology_2024_hubei_001,biology,制醋、制饴、制酒是我国传统发酵技术。醋酸菌属于好氧型原核生物，常用于食用醋的发酵。下列叙述错误的是（ ）,BIO-G0-002,第2章 组成细胞的分子,,BIO-G0-003,第3章 细胞的基本结构,,BIO-G0-001,第1章 走近细胞,,,,,
6453,biology_2024_hubei_003,biology,据报道，2015年到2019年长江经济带人均生态足迹由0.3212hm2下降至0.2958hm2，5年的下降率为7.91,BIO-G0-002,第2章 组成细胞的分子,0.071,BIO-G0-003,第3章 细胞的基本结构,0.071,BIO-G0-008,第2章 基因和染色体的关系,0.071,,,,
6455,biology_2024_hubei_004,biology,4 21800 ③ 光照16h/黑暗8h 7月26日,BIO-G0-002,第2章 组成细胞的分子,0.053,BIO-G0-001,第1章 走近细胞,0.053,BIO-G0-004,第4章 细胞的物质输入和输出,0.053,,,,
6479,biology_2024_hubei_023,biology,3 100 112 48,BIO-G0-009,第3章 基因的本质,0.091,BIO-G0-003,第3章 细胞的基本结构,0.091,BIO-G0-016,第3章 植物的激素调节,0.091,,,,
6480,biology_2024_hubei_024,biology,0 1 120 79,BIO-G0-002,第2章 组成细胞的分子,,BIO-G0-003,第3章 细胞的基本结构,,BIO-G0-001,第1章 走近细胞,,,,,
6481,biology_2024_hubei_025,biology,8 5,BIO-G0-002,第2章 组成细胞的分子,,BIO-G0-003,第3章 细胞的基本结构,,BIO-G0-001,第1章 走近细胞,,,,,
6482,biology_2024_hubei_026,biology,9 15,BIO-G0-002,第2章 组成细胞的分子,,BIO-G0-003,第3章 细胞的基本结构,,BIO-G0-001,第1章 走近细胞,,,,,
6483,biology_2024_hubei_027,biology,2 10 113 53,BIO-G0-002,第2章 组成细胞的分子,0.100,BIO-G0-008,第2章 基因和染色体的关系,0.100,BIO-G0-015,第2章 动物和人体生命活动的调节,0.100,,,,
6484,biology_2024_hubei_028,biology,8 46,BIO-G0-002,第2章 组成细胞的分子,,BIO-G0-003,第3章 细胞的基本结构,,BIO-G0-001,第1章 走近细胞,,,,,
6485,biology_2024_hubei_029,biology,0 28,BIO-G0-002,第2章 组成细胞的分子,,BIO-G0-003,第3章 细胞的基本结构,,BIO-G0-001,第1章 走近细胞,,,,,
6486,biology_2024_hunan_001,biology,答题前，先将自己的姓名、准考证号、考场号、座位号填写在试卷和答题卡上，并认真核准准考证号条形码上的以上信息，将条形码粘贴,BIO-G0-002,第2章 组成细胞的分子,,BIO-G0-003,第3章 细胞的基本结构,,BIO-G0-001,第1章 走近细胞,,,,,
6489,biology_2024_hunan_002,biology,请按题号顺序在答题卡上各题目的答题区域内作答，写在试卷、草稿纸和答题卡上的非答题区域均无效。,BIO-G0-002,第2章 组成细胞的分子,,BIO-G0-003,第3章 细胞的基本结构,,BIO-G0-001,第1章 走近细胞,,,,,
6498,biology_2024_hunan_006,biology,微生物平板划线和培养的具体操作如图所示，下列操作正确的是（ ）,BIO-G0-002,第2章 组成细胞的分子,,BIO-G0-003,第3章 细胞的基本结构,,BIO-G0-001,第1章 走近细胞,,,,,
6499,biology_2024_hunan_007,biology,我国科学家成功用噬菌体治疗方法治愈了耐药性细菌引起的顽固性尿路感染。下列叙述错误的是（ ）,BIO-G0-002,第2章 组成细胞的分子,,BIO-G0-003,第3章 细胞的基本结构,,BIO-G0-001,第1章 走近细胞,,,,,
6501,biology_2024_hunan_009,biology,一名甲状腺疾病患者某抗体检测呈阳性，该抗体可与促甲状腺激素（TSH）竞争TSH受体，阻断受体功能。下列叙述错误的是（ ）,BIO-G0-002,第2章 组成细胞的分子,,BIO-G0-003,第3章 细胞的基本结构,,BIO-G0-001,第1章 走近细胞,,,,,
6502,biology_2024_hunan_010,biology,9,BIO-G0-002,第2章 组成细胞的分子,,BIO-G0-003,第3章 细胞的基本结构,,BIO-G0-001,第1章 走近细胞,,,,,
6506,biology_2024_hunan_013,biology,土壤中纤毛虫的动态变化可反映生态环境的变化。某地实施退耕还林后，10年内不同恢复阶段土壤中纤毛虫物种数情况如图所示。下列,BIO-G0-002,第2章 组成细胞的分子,,BIO-G0-003,第3章 细胞的基本结构,,BIO-G0-001,第1章 走近细胞,,,,,
6508,biology_2024_hunan_015,biology,9,BIO-G0-002,第2章 组成细胞的分子,,BIO-G0-003,第3章 细胞的基本结构,,BIO-G0-001,第1章 走近细胞,,,,,
6512,biology_2024_hunan_016,biology,0,BIO-G0-002,第2章 组成细胞的分子,,BIO-G0-003,第3章 细胞的基本结构,,BIO-G0-001,第1章 走近细胞,,,,,
6532,biology_2024_hunan_025,biology,0 丁,BIO-G0-002,第2章 组成细胞的分子,,BIO-G0-003,第3章 细胞的基本结构,,BIO-G0-001,第1章 走近细胞,,,,,
6541,biology_2024_jiangsu_004,biology,为了防治莲藕食根金花虫，研究者在藕田套养以莲藕食根金花虫为食的泥鳅、黄鳝，并开展相关研究，结果见下表。下列相关叙述错误的,BIO-G0-002,第2章 组成细胞的分子,,BIO-G0-003,第3章 细胞的基本结构,,BIO-G0-001,第1章 走近细胞,,,,,
6542,biology_2024_jiangsu_005,biology,关于“探究植物生长调节剂对扦插枝条生根的作用”的实验，下列叙述正确的是（ ）,BIO-G0-002,第2章 组成细胞的分子,,BIO-G0-003,第3章 细胞的基本结构,,BIO-G0-001,第1章 走近细胞,,,,,
6548,biology_2024_jiangsu_010,biology,图示反射弧传导兴奋部分结构，a、b表示轴突末梢。下列相关叙述错误的是（ ）,BIO-G0-002,第2章 组成细胞的分子,,BIO-G0-003,第3章 细胞的基本结构,,BIO-G0-001,第1章 走近细胞,,,,,
6550,biology_2024_jiangsu_012,biology,治疗恶性黑色素瘤的药物DIC是一种嘌呤类生物合成的前体，能干扰嘌呤的合成。下列相关叙述错误的是（ ）,BIO-G0-002,第2章 组成细胞的分子,,BIO-G0-003,第3章 细胞的基本结构,,BIO-G0-001,第1章 走近细胞,,,,,
6551,biology_2024_jiangsu_013,biology,图示植物原生质体制备、分离和检测的流程。下列相关叙述正确的是（ ）,BIO-G0-002,第2章 组成细胞的分子,,BIO-G0-003,第3章 细胞的基本结构,,BIO-G0-001,第1章 走近细胞,,,,,
6552,biology_2024_jiangsu_014,biology,关于“利用乳酸菌发酵制作酸奶或泡菜”的实验，下列叙述正确的是（ ）,BIO-G0-002,第2章 组成细胞的分子,,BIO-G0-003,第3章 细胞的基本结构,,BIO-G0-001,第1章 走近细胞,,,,,
6556,biology_2024_jiangsu_018,biology,神经元释放的递质引起骨骼肌兴奋，下列相关叙述正确的有（ ）,BIO-G0-002,第2章 组成细胞的分子,,BIO-G0-003,第3章 细胞的基本结构,,BIO-G0-001,第1章 走近细胞,,,,,
6565,biology_2024_jiangsu_027,biology,2 139 【答案】B 【解析】 【分析】由表可知混合套养泥鳅和黄鳝的防治率最高，达到94.2%，明显高于单独套养泥鳅或,BIO-G0-002,第2章 组成细胞的分子,0.125,BIO-G0-008,第2章 基因和染色体的关系,0.125,BIO-G0-015,第2章 动物和人体生命活动的调节,0.125,,,,
6566,biology_2024_jiangxi_001,biology,03,BIO-G0-002,第2章 组成细胞的分子,,BIO-G0-003,第3章 细胞的基本结构,,BIO-G0-001,第1章 走近细胞,,,,,
6591,biology_2024_jiangxi_006,biology,农谚有云：“雨生百谷”。“雨”有利于种子的萌发，是“百谷”丰收的基础。下列关于种子萌发的说法，错误的是（ ）,BIO-G0-002,第2章 组成细胞的分子,,BIO-G0-003,第3章 细胞的基本结构,,BIO-G0-001,第1章 走近细胞,,,,,
6593,biology_2024_jiangxi_008,biology,从炎热的室外进入冷库后，机体可通过分泌糖皮质激素调节代谢（如下图）以适应冷环境。综合激素调节的机制，下列说法正确的是（ ,BIO-G0-002,第2章 组成细胞的分子,,BIO-G0-003,第3章 细胞的基本结构,,BIO-G0-001,第1章 走近细胞,,,,,
6597,biology_2024_jiangxi_012,biology,井冈霉素是我国科学家发现的一种氨基寡糖类抗生素，它由吸水链霉菌井冈变种（JGs，一种放线菌，菌体呈丝状生长）发酵而来，在,BIO-G0-002,第2章 组成细胞的分子,,BIO-G0-003,第3章 细胞的基本结构,,BIO-G0-001,第1章 走近细胞,,,,,
6599,biology_2024_jiangxi_014,biology,阳光为生命世界提供能量，同时作为光信号调控生物的生长、发育和繁衍，使地球成为生机勃勃的美丽星球。下列叙述正确的是（ ）,BIO-G0-002,第2章 组成细胞的分子,,BIO-G0-003,第3章 细胞的基本结构,,BIO-G0-001,第1章 走近细胞,,,,,
6600,biology_2024_jiangxi_015,biology,“种豆南山下，草盛豆苗稀”描绘了诗人的田耕生活。下图是大豆和杂草R在某种养分生态位维度上的分布曲线。下列叙述错误的是（ ,BIO-G0-002,第2章 组成细胞的分子,,BIO-G0-003,第3章 细胞的基本结构,,BIO-G0-001,第1章 走近细胞,,,,,
6603,biology_2024_jiangxi_017,biology,某病毒颗粒表面有一特征性的大分子结构蛋白S（含有多个不同的抗原决定基，每一个抗原决定基能够刺激机体产生一种抗体）。为了建,BIO-G0-002,第2章 组成细胞的分子,,BIO-G0-003,第3章 细胞的基本结构,,BIO-G0-001,第1章 走近细胞,,,,,
6615,biology_2024_jiangxi_027,biology,0,BIO-G0-002,第2章 组成细胞的分子,,BIO-G0-003,第3章 细胞的基本结构,,BIO-G0-001,第1章 走近细胞,,,,,
6626,biology_2024_liaoning_004,biology,关于人类活动对生态环境的影响，下列叙述错误的是（ ）,BIO-G0-002,第2章 组成细胞的分子,,BIO-G0-003,第3章 细胞的基本结构,,BIO-G0-001,第1章 走近细胞,,,,,
6627,biology_2024_liaoning_005,biology,弗兰克氏菌能够与沙棘等非豆科木本植物形成根瘤，进行高效的共生固氮，促进植物根系生长，增强其对旱、寒等逆境的适应性。下列叙,BIO-G0-002,第2章 组成细胞的分子,,BIO-G0-003,第3章 细胞的基本结构,,BIO-G0-001,第1章 走近细胞,,,,,
6629,biology_2024_liaoning_007,biology,关于采用琼脂糖凝胶电泳鉴定PCR产物的实验，下列叙述正确的是（ ）,BIO-G0-002,第2章 组成细胞的分子,,BIO-G0-003,第3章 细胞的基本结构,,BIO-G0-001,第1章 走近细胞,,,,,
6633,biology_2024_liaoning_011,biology,梅尼埃病表现为反复发作的眩晕、听力下降，并伴有内耳淋巴水肿。检测正常人及该病患者急性发作期血清中相关激素水平的结果如下表,BIO-G0-002,第2章 组成细胞的分子,,BIO-G0-003,第3章 细胞的基本结构,,BIO-G0-001,第1章 走近细胞,,,,,
6635,biology_2024_liaoning_013,biology,为研究土壤中重金属砷抑制拟南芥生长的原因，研究者检测了高浓度砷酸盐处理后拟南芥根的部分指标。据图分析，下列推测错误的是（,BIO-G0-002,第2章 组成细胞的分子,,BIO-G0-003,第3章 细胞的基本结构,,BIO-G0-001,第1章 走近细胞,,,,,
6643,biology_2024_liaoning_020,biology,位于同源染色体上的短串联重复序列（STR）具有丰富的多态性。跟踪STR的亲本来源可用于亲缘关系鉴定。分析下图家系中常染色,BIO-G0-002,第2章 组成细胞的分子,,BIO-G0-003,第3章 细胞的基本结构,,BIO-G0-001,第1章 走近细胞,,,,,
6671,biology_2024_shandong_011,biology,棉蚜是个体微小、肉眼可见的害虫。与不抗棉蚜棉花品种相比，抗棉蚜棉花品种体内某种次生代谢物的含量高，该次生代谢物对棉蚜有一,BIO-G0-002,第2章 组成细胞的分子,,BIO-G0-003,第3章 细胞的基本结构,,BIO-G0-001,第1章 走近细胞,,,,,
6674,biology_2024_shandong_014,biology,在发酵过程中，多个黑曲霉菌体常聚集成团形成菌球体，菌球体大小仅由菌体数量决定。黑曲霉利用糖类发酵产生柠檬酸时需要充足的氧,BIO-G0-002,第2章 组成细胞的分子,,BIO-G0-003,第3章 细胞的基本结构,,BIO-G0-001,第1章 走近细胞,,,,,
6687,biology_2024_tianjin_002,biology,培养酵母菌时，在接种前需要检测培养基是否被污染．对于固体培养基应采用的检测方法是将未接种的培养基在适宜的温度下放置适宜的,BIO-G0-002,第2章 组成细胞的分子,,BIO-G0-003,第3章 细胞的基本结构,,BIO-G0-001,第1章 走近细胞,,,,,
6700,biology_2024_tianjin_008,biology,9,BIO-G0-002,第2章 组成细胞的分子,,BIO-G0-003,第3章 细胞的基本结构,,BIO-G0-001,第1章 走近细胞,,,,,
6703,biology_2024_tianjin_010,biology,H4的Khib修饰改变了（ ）,BIO-G0-002,第2章 组成细胞的分子,,BIO-G0-003,第3章 细胞的基本结构,,BIO-G0-001,第1章 走近细胞,,,,,
6704,biology_2024_tianjin_011,biology,为提高易感棉的抗病性，采取的措施正确的是（ ）,BIO-G0-002,第2章 组成细胞的分子,,BIO-G0-003,第3章 细胞的基本结构,,BIO-G0-001,第1章 走近细胞,,,,,
6707,biology_2024_tianjin_014,biology,7 186,BIO-G0-013,第7章 现代生物进化理论,0.167,BIO-G0-003,第3章 细胞的基本结构,,BIO-G0-002,第2章 组成细胞的分子,,,,,
6713,biology_2024_tianjin_018,biology,8,BIO-G0-002,第2章 组成细胞的分子,,BIO-G0-003,第3章 细胞的基本结构,,BIO-G0-001,第1章 走近细胞,,,,,
6721,biology_2024_tianjin_025,biology,0,BIO-G0-002,第2章 组成细胞的分子,,BIO-G0-003,第3章 细胞的基本结构,,BIO-G0-001,第1章 走近细胞,,,,,
6728,biology_2024_national_a_003,biology,植物生长发育受植物激素的调控。下列叙述错误的是（ ）,BIO-G0-002,第2章 组成细胞的分子,,BIO-G0-003,第3章 细胞的基本结构,,BIO-G0-001,第1章 走近细胞,,,,,
6733,biology_2024_national_a_007,biology,在自然条件下，某植物叶片光合速率和呼吸速率随温度变化的趋势如图所示。回答下列问题。 （1）该植物叶片在温度a和c时的光合,BIO-G0-002,第2章 组成细胞的分子,,BIO-G0-003,第3章 细胞的基本结构,,BIO-G0-001,第1章 走近细胞,,,,,
9888,biology_2023_beijing_2,biology,运动强度越低，骨骼肌的耗氧量越少。如图显示在不同强度体育运动时，骨骼肌消耗的糖类和脂类的相对量。对这一结果正确的理解是（,BIO-G0-002,第2章 组成细胞的分子,,BIO-G0-003,第3章 细胞的基本结构,,BIO-G0-001,第1章 走近细胞,,,,,
9889,biology_2023_beijing_3,biology,在两种光照强度下，不同温度对某植物CO2吸收速率的影响如图。对此图理解错误的是（ ）[图片4],BIO-G0-002,第2章 组成细胞的分子,,BIO-G0-003,第3章 细胞的基本结构,,BIO-G0-001,第1章 走近细胞,,,,,
9890,biology_2023_beijing_4,biology,纯合亲本白眼长翅和红眼残翅果蝇进行杂交，结果如图。F2中每种表型都有雌、雄个体。根据杂交结果，下列推测错误的是（ ）[图,BIO-G0-002,第2章 组成细胞的分子,,BIO-G0-003,第3章 细胞的基本结构,,BIO-G0-001,第1章 走近细胞,,,,,
9892,biology_2023_beijing_14,biology,研究者检测了长期注射吗啡的小鼠和注射生理盐水的小鼠伤口愈合情况，结果如图。由图可以得出的结论是（ ）[图片9],BIO-G0-002,第2章 组成细胞的分子,,BIO-G0-003,第3章 细胞的基本结构,,BIO-G0-001,第1章 走近细胞,,,,,
760,chemistry_2023_beijing_8,chemistry,完成下述实验，装置或试剂不正确的是,CHEM-Z0-004,碳和碳的氧化物,,CHEM-B1-083,第四章 化学反应与电能,,CHEM-Z0-003,水与溶液,,,,,
774,chemistry_2024_beijing_004,chemistry,酸性锌锰干电池的构造示意图如下。关于该电池及其工作原理，下列说法正确的是,CHEM-Z0-004,碳和碳的氧化物,,CHEM-B1-083,第四章 化学反应与电能,,CHEM-Z0-003,水与溶液,,,,,
775,chemistry_2024_beijing_005,chemistry,下列说法不正确的是,CHEM-Z0-004,碳和碳的氧化物,,CHEM-B1-083,第四章 化学反应与电能,,CHEM-Z0-003,水与溶液,,,,,
777,chemistry_2024_beijing_007,chemistry,下列实验的对应操作中，不合理的是,CHEM-Z0-004,碳和碳的氧化物,,CHEM-B1-083,第四章 化学反应与电能,,CHEM-Z0-003,水与溶液,,,,,
779,chemistry_2024_beijing_009,chemistry,关于和的下列说法中，不正确的是,CHEM-Z0-004,碳和碳的氧化物,,CHEM-B1-083,第四章 化学反应与电能,,CHEM-Z0-003,水与溶液,,,,,
783,chemistry_2024_beijing_013,chemistry,下列依据相关数据作出的推断中，不正确的是,CHEM-Z0-004,碳和碳的氧化物,,CHEM-B1-083,第四章 化学反应与电能,,CHEM-Z0-003,水与溶液,,,,,
784,chemistry_2024_beijing_014,chemistry,苯在浓和浓作用下，反应过程中能量变化示意图如下。下列说法不正确的是,CHEM-Z0-004,碳和碳的氧化物,,CHEM-B1-083,第四章 化学反应与电能,,CHEM-Z0-003,水与溶液,,,,,
803,chemistry_2025_beijing_13,chemistry,一种生物基可降解高分子P合成路线如下。下列说法正确的是,CHEM-Z0-004,碳和碳的氧化物,,CHEM-B1-083,第四章 化学反应与电能,,CHEM-Z0-003,水与溶液,,,,,
2345,chemistry_2015_national_ii_001,chemistry,7898,CHEM-B2-094,第2课时 烃 有机高分子材料 - 72 -,0.111,CHEM-B1-083,第四章 化学反应与电能,,CHEM-Z0-004,碳和碳的氧化物,,,,,
2350,chemistry_2015_national_ii_005,chemistry,8,CHEM-Z0-004,碳和碳的氧化物,,CHEM-B1-083,第四章 化学反应与电能,,CHEM-Z0-003,水与溶液,,,,,
2352,chemistry_2015_national_ii_007,chemistry,5 苯酚 94,CHEM-B2-095,第2课时 蛋白质 油脂 - 93 -,0.111,CHEM-B1-083,第四章 化学反应与电能,,CHEM-Z0-004,碳和碳的氧化物,,,,,
2353,chemistry_2015_national_ii_008,chemistry,6,CHEM-B2-093,第2课时 烷烃的性质 - 63 -,0.167,CHEM-B1-083,第四章 化学反应与电能,,CHEM-Z0-004,碳和碳的氧化物,,,,,
2356,chemistry_2018_national_ii_001,chemistry,5,CHEM-Z0-004,碳和碳的氧化物,,CHEM-B1-083,第四章 化学反应与电能,,CHEM-Z0-003,水与溶液,,,,,
2357,chemistry_2018_national_ii_002,chemistry,8,CHEM-Z0-004,碳和碳的氧化物,,CHEM-B1-083,第四章 化学反应与电能,,CHEM-Z0-003,水与溶液,,,,,
2365,chemistry_2018_national_ii_008,chemistry,8,CHEM-Z0-004,碳和碳的氧化物,,CHEM-B1-083,第四章 化学反应与电能,,CHEM-Z0-003,水与溶液,,,,,
2366,chemistry_2018_national_ii_009,chemistry,0,CHEM-Z0-004,碳和碳的氧化物,,CHEM-B1-083,第四章 化学反应与电能,,CHEM-Z0-003,水与溶液,,,,,
2367,chemistry_2018_national_ii_010,chemistry,2 ＞600（分解） ﹣75.5,CHEM-B2-094,第2课时 烃 有机高分子材料 - 72 -,0.231,CHEM-B2-093,第2课时 烷烃的性质 - 63 -,0.231,CHEM-B2-097,第2课时 硫酸 硫酸根离子的检验,0.182,,,,
2369,chemistry_2018_national_ii_012,chemistry,6 ﹣10.0,CHEM-B2-096,第1课时 硫和二氧化硫,0.125,CHEM-B2-099,第1课时 氮气与氮的氧化物,0.125,CHEM-B2-103,第1课时 化学反应与热能,0.125,,,,
2373,chemistry_2020_tianjin_002,chemistry,00,CHEM-Z0-004,碳和碳的氧化物,,CHEM-B1-083,第四章 化学反应与电能,,CHEM-Z0-003,水与溶液,,,,,
2375,chemistry_2020_tianjin_003,chemistry,00,CHEM-Z0-004,碳和碳的氧化物,,CHEM-B1-083,第四章 化学反应与电能,,CHEM-Z0-003,水与溶液,,,,,
2376,chemistry_2021_beijing_zk_001,chemistry,010,CHEM-Z0-004,碳和碳的氧化物,,CHEM-B1-083,第四章 化学反应与电能,,CHEM-Z0-003,水与溶液,,,,,
2380,chemistry_2021_beijing_zk_003,chemistry,下列物质在O2中燃烧，火星四射，生成黑色固体的是,CHEM-B1-056,Fe(OH)2的制备,0.100,CHEM-B1-083,第四章 化学反应与电能,,CHEM-Z0-004,碳和碳的氧化物,,,,,
2382,chemistry_2021_beijing_zk_005,chemistry,下列物质能用作氮肥的是,CHEM-Z0-004,碳和碳的氧化物,,CHEM-B1-083,第四章 化学反应与电能,,CHEM-Z0-003,水与溶液,,,,,
2384,chemistry_2021_beijing_zk_007,chemistry,下列仪器不能加热的是,CHEM-Z0-004,碳和碳的氧化物,,CHEM-B1-083,第四章 化学反应与电能,,CHEM-Z0-003,水与溶液,,,,,
2385,chemistry_2021_beijing_zk_008,chemistry,下列物质含有氢分子的是,CHEM-Z0-004,碳和碳的氧化物,,CHEM-B1-083,第四章 化学反应与电能,,CHEM-Z0-003,水与溶液,,,,,
2386,chemistry_2021_beijing_zk_009,chemistry,下列物质能除铁锈的是,CHEM-Z0-004,碳和碳的氧化物,,CHEM-B1-083,第四章 化学反应与电能,,CHEM-Z0-003,水与溶液,,,,,
2388,chemistry_2021_beijing_zk_011,chemistry,下列元素中，人体摄入过低会引起贫血的是,CHEM-Z0-004,碳和碳的氧化物,,CHEM-B1-083,第四章 化学反应与电能,,CHEM-Z0-003,水与溶液,,,,,
2389,chemistry_2021_beijing_zk_012,chemistry,如图所示的图标表示,CHEM-Z0-004,碳和碳的氧化物,,CHEM-B1-083,第四章 化学反应与电能,,CHEM-Z0-003,水与溶液,,,,,
2390,chemistry_2021_beijing_zk_013,chemistry,下列H2的性质中，属于化学性质的是,CHEM-Z0-004,碳和碳的氧化物,,CHEM-B1-083,第四章 化学反应与电能,,CHEM-Z0-003,水与溶液,,,,,
2399,chemistry_2021_beijing_zk_020,chemistry,下列有关钴元素的说法不正确的是,CHEM-Z0-004,碳和碳的氧化物,,CHEM-B1-083,第四章 化学反应与电能,,CHEM-Z0-003,水与溶液,,,,,
2402,chemistry_2021_beijing_zk_023,chemistry,①中溶质的质量分数约为,CHEM-Z0-004,碳和碳的氧化物,,CHEM-B1-083,第四章 化学反应与电能,,CHEM-Z0-003,水与溶液,,,,,
2422,chemistry_2021_shanghai_002,chemistry,以下关于氚的说法正确的是（ ）,CHEM-Z0-004,碳和碳的氧化物,,CHEM-B1-083,第四章 化学反应与电能,,CHEM-Z0-003,水与溶液,,,,,
2424,chemistry_2021_shanghai_004,chemistry,以下关于合金说法不正确的是（ ）,CHEM-Z0-004,碳和碳的氧化物,,CHEM-B1-083,第四章 化学反应与电能,,CHEM-Z0-003,水与溶液,,,,,
2430,chemistry_2021_shanghai_010,chemistry,如图所示的有机物的一氯代物有几种（ ）,CHEM-Z0-004,碳和碳的氧化物,,CHEM-B1-083,第四章 化学反应与电能,,CHEM-Z0-003,水与溶液,,,,,
2431,chemistry_2021_shanghai_011,chemistry,以下关于苯乙炔说法错误的是（ ）,CHEM-Z0-004,碳和碳的氧化物,,CHEM-B1-083,第四章 化学反应与电能,,CHEM-Z0-003,水与溶液,,,,,
2435,chemistry_2021_shanghai_015,chemistry,有a、b两个装置，以下说法不合理的是（ ）,CHEM-Z0-004,碳和碳的氧化物,,CHEM-B1-083,第四章 化学反应与电能,,CHEM-Z0-003,水与溶液,,,,,
2436,chemistry_2021_shanghai_016,chemistry,括号内为杂质，下列除杂试剂使用正确的是（ ）,CHEM-Z0-004,碳和碳的氧化物,,CHEM-B1-083,第四章 化学反应与电能,,CHEM-Z0-003,水与溶液,,,,,
2437,chemistry_2021_shanghai_017,chemistry,除了常见的三种固氮方法以外，固氮还有下述的方法：，温度和K的关系如下表，以下说法正确的是（ ）,CHEM-Z0-004,碳和碳的氧化物,,CHEM-B1-083,第四章 化学反应与电能,,CHEM-Z0-003,水与溶液,,,,,
2440,chemistry_2021_shanghai_020,chemistry,甲、乙、丙为三个体积为V L的容器，在甲、乙、丙中分别加入不同量的A和B，发生反应A（g）+2B（g）⇌C（s）+Q（Q,CHEM-Z0-004,碳和碳的氧化物,,CHEM-B1-083,第四章 化学反应与电能,,CHEM-Z0-003,水与溶液,,,,,
2451,chemistry_2022_beijing_001,chemistry,06,CHEM-Z0-004,碳和碳的氧化物,,CHEM-B1-083,第四章 化学反应与电能,,CHEM-Z0-003,水与溶液,,,,,
2452,chemistry_2022_beijing_002,chemistry,5,CHEM-Z0-004,碳和碳的氧化物,,CHEM-B1-083,第四章 化学反应与电能,,CHEM-Z0-003,水与溶液,,,,,
2461,chemistry_2022_beijing_005,chemistry,下列方程式与所给事实不相符的是,CHEM-Z0-004,碳和碳的氧化物,,CHEM-B1-083,第四章 化学反应与电能,,CHEM-Z0-003,水与溶液,,,,,
2465,chemistry_2022_beijing_008,chemistry,已知：。下列说法不正确的是,CHEM-Z0-004,碳和碳的氧化物,,CHEM-B1-083,第四章 化学反应与电能,,CHEM-Z0-003,水与溶液,,,,,
2466,chemistry_2022_beijing_009,chemistry,我国科学家提出的聚集诱导发光机制已成为研究热点之一、一种具有聚集诱导发光性能的物质，其分子结构如图所示。下列说法不正确的,CHEM-Z0-004,碳和碳的氧化物,,CHEM-B1-083,第四章 化学反应与电能,,CHEM-Z0-003,水与溶液,,,,,
2469,chemistry_2022_beijing_012,chemistry,高分子Y是一种人工合成的多肽，其合成路线如下。 下列说法不正确的是,CHEM-Z0-004,碳和碳的氧化物,,CHEM-B1-083,第四章 化学反应与电能,,CHEM-Z0-003,水与溶液,,,,,
2470,chemistry_2022_beijing_013,chemistry,某多孔材料孔径大小和形状恰好将“固定”，能高选择性吸附。废气中的被吸附后，经处理能全部转化为。原理示意图如下。 已知： ,CHEM-Z0-004,碳和碳的氧化物,,CHEM-B1-083,第四章 化学反应与电能,,CHEM-Z0-003,水与溶液,,,,,
2479,chemistry_2022_beijing_022,chemistry,6,CHEM-B2-093,第2课时 烷烃的性质 - 63 -,0.167,CHEM-B1-083,第四章 化学反应与电能,,CHEM-Z0-004,碳和碳的氧化物,,,,,
2480,chemistry_2022_beijing_023,chemistry,4,CHEM-B2-092,第2课时 化学反应的限度 化学反应条件的控制 - 45 -,0.167,CHEM-B1-083,第四章 化学反应与电能,,CHEM-Z0-004,碳和碳的氧化物,,,,,
2483,chemistry_2022_beijing_024,chemistry,7 ——,CHEM-B2-094,第2课时 烃 有机高分子材料 - 72 -,0.167,CHEM-B1-083,第四章 化学反应与电能,,CHEM-Z0-004,碳和碳的氧化物,,,,,
2486,chemistry_2022_national_b_001,chemistry,生活中处处有化学，下列叙述正确的是,CHEM-Z0-004,碳和碳的氧化物,,CHEM-B1-083,第四章 化学反应与电能,,CHEM-Z0-003,水与溶液,,,,,
2494,chemistry_2022_national_b_006,chemistry,电池比能量高，在汽车、航天等领域具有良好的应用前景。近年来科学家研究了一种光照充电电池(如图所示)。光照时，光催化电极产,CHEM-Z0-004,碳和碳的氧化物,,CHEM-B1-083,第四章 化学反应与电能,,CHEM-Z0-003,水与溶液,,,,,
2507,chemistry_2023_jiangsu_003,chemistry,实验室制取的实验原理及装置均正确的是 A．制取 B．除去中的HCl C．收集 D．吸收尾气中的,CHEM-Z0-004,碳和碳的氧化物,,CHEM-B1-083,第四章 化学反应与电能,,CHEM-Z0-003,水与溶液,,,,,
2508,chemistry_2023_jiangsu_004,chemistry,元素C、Si、Ge位于周期表中ⅣA族。下列说法正确的是,CHEM-B1-046,Cl－的检验,0.083,CHEM-B1-083,第四章 化学反应与电能,,CHEM-Z0-004,碳和碳的氧化物,,,,,
2523,chemistry_2024_chongqing_002,chemistry,40,CHEM-B2-092,第2课时 化学反应的限度 化学反应条件的控制 - 45 -,0.143,CHEM-B1-083,第四章 化学反应与电能,,CHEM-Z0-004,碳和碳的氧化物,,,,,
2527,chemistry_2024_chongqing_003,chemistry,作答时，务必将答案写在答题卡上，写在试卷及草稿纸上无效。,CHEM-Z0-004,碳和碳的氧化物,,CHEM-B1-083,第四章 化学反应与电能,,CHEM-Z0-003,水与溶液,,,,,
2534,chemistry_2024_chongqing_005,chemistry,下列实验原理或方法正确的是,CHEM-Z0-004,碳和碳的氧化物,,CHEM-B1-083,第四章 化学反应与电能,,CHEM-Z0-003,水与溶液,,,,,
2535,chemistry_2024_chongqing_006,chemistry,某合金含和等元素。下列说法正确的是,CHEM-Z0-004,碳和碳的氧化物,,CHEM-B1-083,第四章 化学反应与电能,,CHEM-Z0-003,水与溶液,,,,,
2536,chemistry_2024_chongqing_007,chemistry,某小组用下图中甲作为气体发生装置，其他装置根据实验需求选用(加热及夹持装置略)。下列说法错误的是,CHEM-Z0-004,碳和碳的氧化物,,CHEM-B1-083,第四章 化学反应与电能,,CHEM-Z0-003,水与溶液,,,,,
2539,chemistry_2024_chongqing_010,chemistry,我国科研工作者研发了一种新型复合电极材料，可将电催化转化为甲酸，如图是电解装置示意图。下列说法正确的是,CHEM-Z0-004,碳和碳的氧化物,,CHEM-B1-083,第四章 化学反应与电能,,CHEM-Z0-003,水与溶液,,,,,
2555,chemistry_2024_national_new_005,chemistry,我国科学家最近研究的一种无机盐纳米药物具有高效的细胞内亚铁离子捕获和抗氧化能力。W、X、Y、Z的原子序数依次增加，且W、,CHEM-Z0-004,碳和碳的氧化物,,CHEM-B1-083,第四章 化学反应与电能,,CHEM-Z0-003,水与溶液,,,,,
2559,chemistry_2024_national_new_007,chemistry,4,CHEM-B2-092,第2课时 化学反应的限度 化学反应条件的控制 - 45 -,0.167,CHEM-B1-083,第四章 化学反应与电能,,CHEM-Z0-004,碳和碳的氧化物,,,,,
2568,chemistry_2025_hebei_001,chemistry,河北省古建筑数量大，历史跨度长，种类齐全，在我国建筑史上占有非常重要地位。下列古建筑组件主要成分属于有机物的是 A．基石,CHEM-Z0-004,碳和碳的氧化物,,CHEM-B1-083,第四章 化学反应与电能,,CHEM-Z0-003,水与溶液,,,,,
2569,chemistry_2025_hebei_002,chemistry,下列不符合实验安全要求的是,CHEM-Z0-004,碳和碳的氧化物,,CHEM-B1-083,第四章 化学反应与电能,,CHEM-Z0-003,水与溶液,,,,,
2570,chemistry_2025_hebei_003,chemistry,高分子材料在生产、生活中得到广泛应用。下列说法错误的是,CHEM-Z0-004,碳和碳的氧化物,,CHEM-B1-083,第四章 化学反应与电能,,CHEM-Z0-003,水与溶液,,,,,
2572,chemistry_2025_hebei_005,chemistry,下列化学用语表述正确的是,CHEM-Z0-004,碳和碳的氧化物,,CHEM-B1-083,第四章 化学反应与电能,,CHEM-Z0-003,水与溶液,,,,,
2573,chemistry_2025_hebei_006,chemistry,丁香挥发油中含丁香色原酮(K)、香草酸(M)，其结构简式如下： 下列说法正确的是,CHEM-Z0-004,碳和碳的氧化物,,CHEM-B1-083,第四章 化学反应与电能,,CHEM-Z0-003,水与溶液,,,,,
2574,chemistry_2025_hebei_007,chemistry,如图所示装置(加热、除杂和尾气处理装置任选)不能完成相应气体的制备和检验的是,CHEM-Z0-004,碳和碳的氧化物,,CHEM-B1-083,第四章 化学反应与电能,,CHEM-Z0-003,水与溶液,,,,,
2579,chemistry_2025_hebei_012,chemistry,氮化镓(GaN)是一种重要的半导体材料，广泛应用于光电信息材料等领域，可利用反应制备。反应历程(TS代表过渡态)如下： ,CHEM-Z0-004,碳和碳的氧化物,,CHEM-B1-083,第四章 化学反应与电能,,CHEM-Z0-003,水与溶液,,,,,
2586,chemistry_2025_shandong_001,chemistry,00 24.98 0.00 0.00 0.00 / 滴定后读数 /,CHEM-B2-095,第2课时 蛋白质 油脂 - 93 -,0.067,CHEM-B1-083,第四章 化学反应与电能,,CHEM-Z0-004,碳和碳的氧化物,,,,,
2589,chemistry_2025_shandong_003,chemistry,回答选择题时，选出每小题答案后，用铅笔把答题卡上对应题目的答案标号涂黑。如需改动， 用橡皮擦干净后、再选涂其他答案标号。,CHEM-Z0-004,碳和碳的氧化物,,CHEM-B1-083,第四章 化学反应与电能,,CHEM-Z0-003,水与溶液,,,,,
2591,chemistry_2025_shandong_004,chemistry,实验室中，下列试剂保存方法正确的是,CHEM-Z0-004,碳和碳的氧化物,,CHEM-B1-083,第四章 化学反应与电能,,CHEM-Z0-003,水与溶液,,,,,
2610,chemistry_2025_shandong_022,chemistry,98 49.78 24.10 25.00 25 02 应舍弃的数据为_______(填序号)；测得该样品的酸值为____,CHEM-B2-099,第1课时 氮气与氮的氧化物,0.045,CHEM-B2-096,第1课时 硫和二氧化硫,0.045,CHEM-B2-103,第1课时 化学反应与热能,0.045,,,,
6766,chemistry_2024_anhui_001,chemistry,下列资源利用中，在给定工艺条件下转化关系正确的是,CHEM-Z0-004,碳和碳的氧化物,,CHEM-B1-083,第四章 化学反应与电能,,CHEM-Z0-003,水与溶液,,,,,
6767,chemistry_2024_anhui_002,chemistry,下列各组物质的鉴别方法中，不可行的是,CHEM-Z0-004,碳和碳的氧化物,,CHEM-B1-083,第四章 化学反应与电能,,CHEM-Z0-003,水与溶液,,,,,
6768,chemistry_2024_anhui_003,chemistry,青少年帮厨既可培养劳动习惯，也能将化学知识应用于实践。下列有关解释合理的是,CHEM-Z0-004,碳和碳的氧化物,,CHEM-B1-083,第四章 化学反应与电能,,CHEM-Z0-003,水与溶液,,,,,
6773,chemistry_2024_anhui_008,chemistry,某催化剂结构简式如图所示。下列说法错误的是,CHEM-Z0-004,碳和碳的氧化物,,CHEM-B1-083,第四章 化学反应与电能,,CHEM-Z0-003,水与溶液,,,,,
6775,chemistry_2024_anhui_010,chemistry,某温度下，在密闭容器中充入一定量的，发生下列反应：，，测得各气体浓度与反应时间的关系如图所示。下列反应进程示意图符合题意,CHEM-Z0-004,碳和碳的氧化物,,CHEM-B1-083,第四章 化学反应与电能,,CHEM-Z0-003,水与溶液,,,,,
6804,chemistry_2024_beijing_021,chemistry,08 【答案】A 【解析】 【详解】A．的质量数为41，质子数为20，所以中子数为，A正确； B．的半衰期长短与得失电子,CHEM-B2-090,第3课时 硝酸 酸雨及防治 - 20 -,0.231,CHEM-B2-092,第2课时 化学反应的限度 化学反应条件的控制 - 45 -,0.143,CHEM-B2-097,第2课时 硫酸 硫酸根离子的检验,0.083,,,,
6805,chemistry_2024_fujian_001,chemistry,福建某科研团队发现，木材中交联纤维素的木质素可替代酚醛树脂、脲醛树脂等作为木材黏合剂。下列说法正确的是,CHEM-Z0-004,碳和碳的氧化物,,CHEM-B1-083,第四章 化学反应与电能,,CHEM-Z0-003,水与溶液,,,,,
6806,chemistry_2024_fujian_002,chemistry,药物X与病毒蛋白对接的原理如图。下列说法错误的是,CHEM-Z0-004,碳和碳的氧化物,,CHEM-B1-083,第四章 化学反应与电能,,CHEM-Z0-003,水与溶液,,,,,
6808,chemistry_2024_fujian_004,chemistry,用探究性质，实验步骤及观察到的现象如下： 该过程中可能涉及反应有： ① ② ③ ④ 下列说法错误的是,CHEM-Z0-004,碳和碳的氧化物,,CHEM-B1-083,第四章 化学反应与电能,,CHEM-Z0-003,水与溶液,,,,,
6815,chemistry_2024_fujian_010,chemistry,将草酸钙固体溶于不同初始浓度的盐酸中，平衡时部分组分的关系如图。已知草酸。下列说法错误的是,CHEM-Z0-004,碳和碳的氧化物,,CHEM-B1-083,第四章 化学反应与电能,,CHEM-Z0-003,水与溶液,,,,,
6824,chemistry_2024_gansu_002,chemistry,下列化学用语表述错误的是,CHEM-Z0-004,碳和碳的氧化物,,CHEM-B1-083,第四章 化学反应与电能,,CHEM-Z0-003,水与溶液,,,,,
6826,chemistry_2024_gansu_003,chemistry,考试结束后，将本试卷和答题卡一并交回。 可能用到的相对原子质量： 一、选择题：本题共14小题，每小题3分，共42分。在每,CHEM-Z0-004,碳和碳的氧化物,,CHEM-B1-083,第四章 化学反应与电能,,CHEM-Z0-003,水与溶液,,,,,
6832,chemistry_2024_gansu_008,chemistry,曲美托嗪是一种抗焦虑药，合成路线如下所示，下列说法错误的是,CHEM-Z0-004,碳和碳的氧化物,,CHEM-B1-083,第四章 化学反应与电能,,CHEM-Z0-003,水与溶液,,,,,
6835,chemistry_2024_gansu_011,chemistry,兴趣小组设计了从中提取的实验方案，下列说法正确的是,CHEM-Z0-004,碳和碳的氧化物,,CHEM-B1-083,第四章 化学反应与电能,,CHEM-Z0-003,水与溶液,,,,,
6836,chemistry_2024_gansu_012,chemistry,晶体中，多个晶胞无隙并置而成的结构如图甲所示，其中部分结构显示为图乙，下列说法错误的是,CHEM-Z0-004,碳和碳的氧化物,,CHEM-B1-083,第四章 化学反应与电能,,CHEM-Z0-003,水与溶液,,,,,
6837,chemistry_2024_gansu_013,chemistry,下列说法错误的是,CHEM-Z0-004,碳和碳的氧化物,,CHEM-B1-083,第四章 化学反应与电能,,CHEM-Z0-003,水与溶液,,,,,
6838,chemistry_2024_gansu_014,chemistry,下列说法错误的是,CHEM-Z0-004,碳和碳的氧化物,,CHEM-B1-083,第四章 化学反应与电能,,CHEM-Z0-003,水与溶液,,,,,
6843,chemistry_2024_guangdong_001,chemistry,龙是中华民族重要的精神象征和文化符号。下列与龙有关的历史文物中，主要材质为有机高分子的是 A B C D 红山玉龙 婆金,CHEM-Z0-004,碳和碳的氧化物,,CHEM-B1-083,第四章 化学反应与电能,,CHEM-Z0-003,水与溶液,,,,,
6844,chemistry_2024_guangdong_002,chemistry,“极地破冰”“太空养鱼”等彰显了我国科技发展的巨大成就。下列说法正确的是,CHEM-Z0-004,碳和碳的氧化物,,CHEM-B1-083,第四章 化学反应与电能,,CHEM-Z0-003,水与溶液,,,,,
6845,chemistry_2024_guangdong_003,chemistry,嘀嗒嘀嗒，时间都去哪儿了！计时器的发展史铭刻着化学的贡献。下列说法不正确的是,CHEM-Z0-004,碳和碳的氧化物,,CHEM-B1-083,第四章 化学反应与电能,,CHEM-Z0-003,水与溶液,,,,,
6846,chemistry_2024_guangdong_004,chemistry,我国饮食注重营养均衡，讲究“色香味形”。下列说法不正确的是,CHEM-Z0-004,碳和碳的氧化物,,CHEM-B1-083,第四章 化学反应与电能,,CHEM-Z0-003,水与溶液,,,,,
6848,chemistry_2024_guangdong_006,chemistry,提纯苯甲酸粗品(含少量和泥沙)的过程如下。其中，操作X为,CHEM-Z0-004,碳和碳的氧化物,,CHEM-B1-083,第四章 化学反应与电能,,CHEM-Z0-003,水与溶液,,,,,
6851,chemistry_2024_guangdong_009,chemistry,从我国南海的柳珊瑚中分离得到的柳珊瑚酸(下图)，具有独特的环系结构。下列关于柳珊瑚酸的说法不正确的是,CHEM-Z0-004,碳和碳的氧化物,,CHEM-B1-083,第四章 化学反应与电能,,CHEM-Z0-003,水与溶液,,,,,
6853,chemistry_2024_guangdong_011,chemistry,按下图装置进行实验。搅拌一段时间后，滴加浓盐酸。不同反应阶段的预期现象及其相应推理均合理的是,CHEM-Z0-004,碳和碳的氧化物,,CHEM-B1-083,第四章 化学反应与电能,,CHEM-Z0-003,水与溶液,,,,,
6854,chemistry_2024_guangdong_012,chemistry,一种可为运动员补充能量的物质，其分子结构式如图。已知R、W、Z、X、Y为原子序数依次增大的短周期主族元素，Z和Y同族，则,CHEM-Z0-004,碳和碳的氧化物,,CHEM-B1-083,第四章 化学反应与电能,,CHEM-Z0-003,水与溶液,,,,,
6857,chemistry_2024_guangdong_015,chemistry,对反应(I为中间产物)，相同条件下：①加入催化剂，反应达到平衡所需时间大幅缩短；②提高反应温度，增大，减小 。基于以上事,CHEM-Z0-004,碳和碳的氧化物,,CHEM-B1-083,第四章 化学反应与电能,,CHEM-Z0-003,水与溶液,,,,,
6864,chemistry_2024_guangdong_022,chemistry,0 0 b,CHEM-Z0-004,碳和碳的氧化物,,CHEM-B1-083,第四章 化学反应与电能,,CHEM-Z0-003,水与溶液,,,,,
6868,chemistry_2024_guangxi_004,chemistry,6-硝基胡椒酸是合成心血管药物奥索利酸的中间体，其合成路线中的某一步如下： 下列有关X和Y的说法正确的是,CHEM-B2-093,第2课时 烷烃的性质 - 63 -,0.167,CHEM-B1-083,第四章 化学反应与电能,,CHEM-Z0-004,碳和碳的氧化物,,,,,
6871,chemistry_2024_guangxi_007,chemistry,如图所示的铼配合物离子能电催化还原。短周期元素的原子序数依次增大。标准状况下，WY和是等密度的无色气体，是黄绿色气体。下,CHEM-Z0-004,碳和碳的氧化物,,CHEM-B1-083,第四章 化学反应与电能,,CHEM-Z0-003,水与溶液,,,,,
6875,chemistry_2024_guangxi_011,chemistry,一定条件下，存在缺陷位的LiH晶体能吸附使其分解为N，随后N占据缺陷位(如图)。下列说法错误的是,CHEM-B1-040,Na2CO3和NaHCO3,0.067,CHEM-B1-083,第四章 化学反应与电能,,CHEM-Z0-004,碳和碳的氧化物,,,,,
6883,chemistry_2024_guizhou_001,chemistry,历史文物见证了中华民族共同体在发展中的交往交流交融。下列贵州出土的文物中主要由天然高分子材料制成的是 选项 A B C ,CHEM-Z0-004,碳和碳的氧化物,,CHEM-B1-083,第四章 化学反应与电能,,CHEM-Z0-003,水与溶液,,,,,
6884,chemistry_2024_guizhou_002,chemistry,4,CHEM-B2-092,第2课时 化学反应的限度 化学反应条件的控制 - 45 -,0.167,CHEM-B1-083,第四章 化学反应与电能,,CHEM-Z0-004,碳和碳的氧化物,,,,,
6892,chemistry_2024_guizhou_005,chemistry,下列装置不能达到实验目的的是,CHEM-Z0-004,碳和碳的氧化物,,CHEM-B1-083,第四章 化学反应与电能,,CHEM-Z0-003,水与溶液,,,,,
6894,chemistry_2024_guizhou_006,chemistry,45 3310,CHEM-B2-092,第2课时 化学反应的限度 化学反应条件的控制 - 45 -,0.200,CHEM-B1-083,第四章 化学反应与电能,,CHEM-Z0-004,碳和碳的氧化物,,,,,
6899,chemistry_2024_guizhou_009,chemistry,60,CHEM-B2-093,第2课时 烷烃的性质 - 63 -,0.143,CHEM-B1-083,第四章 化学反应与电能,,CHEM-Z0-004,碳和碳的氧化物,,,,,
6910,chemistry_2024_guizhou_013,chemistry,贵州重晶石矿(主要成分)储量占全国以上。某研究小组对重晶石矿进行“富矿精开”研究，开发了制备高纯纳米钛酸钡工艺。部分流程,CHEM-Z0-004,碳和碳的氧化物,,CHEM-B1-083,第四章 化学反应与电能,,CHEM-Z0-003,水与溶液,,,,,
6916,chemistry_2024_guizhou_019,chemistry,75,CHEM-B2-094,第2课时 烃 有机高分子材料 - 72 -,0.143,CHEM-B1-083,第四章 化学反应与电能,,CHEM-Z0-004,碳和碳的氧化物,,,,,
6917,chemistry_2024_guizhou_020,chemistry,85,CHEM-Z0-004,碳和碳的氧化物,,CHEM-B1-083,第四章 化学反应与电能,,CHEM-Z0-003,水与溶液,,,,,
6918,chemistry_2024_guizhou_021,chemistry,80,CHEM-Z0-004,碳和碳的氧化物,,CHEM-B1-083,第四章 化学反应与电能,,CHEM-Z0-003,水与溶液,,,,,
6920,chemistry_2024_hainan_001,chemistry,答卷前，考生务必将自己的姓名、准考证号填写在答题卡上。,CHEM-Z0-004,碳和碳的氧化物,,CHEM-B1-083,第四章 化学反应与电能,,CHEM-Z0-003,水与溶液,,,,,
6926,chemistry_2024_hainan_004,chemistry,过氧化脲[]是一种常用的消毒剂，可由过氧化氢()和脲加合而成，代表性结构如图所示。下列关于过氧化脲的说法正确的是,CHEM-Z0-004,碳和碳的氧化物,,CHEM-B1-083,第四章 化学反应与电能,,CHEM-Z0-003,水与溶液,,,,,
6930,chemistry_2024_hainan_008,chemistry,已知时，，的临界温度(能够液化的最高温度)为，下列说法错误的是,CHEM-Z0-004,碳和碳的氧化物,,CHEM-B1-083,第四章 化学反应与电能,,CHEM-Z0-003,水与溶液,,,,,
6931,chemistry_2024_hainan_009,chemistry,海南暗罗是一种药用植物，具有抗菌、抗肿瘤活性。从中提取的一种生物活性物质结构简式如图所示。下列关于该分子说法正确的是,CHEM-Z0-004,碳和碳的氧化物,,CHEM-B1-083,第四章 化学反应与电能,,CHEM-Z0-003,水与溶液,,,,,
6933,chemistry_2024_hainan_011,chemistry,某温控质子驱动反应如图所示，下列说法错误的是,CHEM-Z0-004,碳和碳的氧化物,,CHEM-B1-083,第四章 化学反应与电能,,CHEM-Z0-003,水与溶液,,,,,
6942,chemistry_2024_hebei_001,chemistry,燕赵大地历史悠久，文化灿烂。对下列河北博物院馆藏文物的说法错误的是,CHEM-Z0-004,碳和碳的氧化物,,CHEM-B1-083,第四章 化学反应与电能,,CHEM-Z0-003,水与溶液,,,,,
6943,chemistry_2024_hebei_002,chemistry,关于实验室安全，下列表述错误的是,CHEM-Z0-004,碳和碳的氧化物,,CHEM-B1-083,第四章 化学反应与电能,,CHEM-Z0-003,水与溶液,,,,,
6944,chemistry_2024_hebei_003,chemistry,高分子材料在生产、生活中得到广泛应用。下列说法错误的是,CHEM-Z0-004,碳和碳的氧化物,,CHEM-B1-083,第四章 化学反应与电能,,CHEM-Z0-003,水与溶液,,,,,
6948,chemistry_2024_hebei_007,chemistry,侯氏制碱法工艺流程中的主反应为，其中W、X、Y、Z、Q、R分别代表相关化学元素。下列说法正确的是,CHEM-Z0-004,碳和碳的氧化物,,CHEM-B1-083,第四章 化学反应与电能,,CHEM-Z0-003,水与溶液,,,,,
6949,chemistry_2024_hebei_008,chemistry,从微观视角探析物质结构及性质是学习化学的有效方法。下列实例与解释不符的是 选项 实例 解释 A 原子光谱是不连续的线状谱,CHEM-Z0-004,碳和碳的氧化物,,CHEM-B1-083,第四章 化学反应与电能,,CHEM-Z0-003,水与溶液,,,,,
6950,chemistry_2024_hebei_009,chemistry,是火箭固体燃料重要的氧载体，与某些易燃物作用可全部生成气态产物，如：。下列有关化学用语或表述正确的是,CHEM-Z0-004,碳和碳的氧化物,,CHEM-B1-083,第四章 化学反应与电能,,CHEM-Z0-003,水与溶液,,,,,
6961,chemistry_2024_hubei_002,chemistry,2024年5月8日，我国第三艘航空母舰福建舰顺利完成首次海试。舰体表面需要采取有效的防锈措施，下列防锈措施中不形成表面钝,CHEM-B2-090,第3课时 硝酸 酸雨及防治 - 20 -,0.167,CHEM-B2-097,第2课时 硫酸 硫酸根离子的检验,0.100,CHEM-B2-100,第2课时 氨和铵盐,0.100,,,,
6962,chemistry_2024_hubei_003,chemistry,关于物质的分离、提纯，下列说法错误的是,CHEM-Z0-004,碳和碳的氧化物,,CHEM-B1-083,第四章 化学反应与电能,,CHEM-Z0-003,水与溶液,,,,,
6963,chemistry_2024_hubei_004,chemistry,化学用语可以表达化学过程，下列化学用语表达错误的是,CHEM-Z0-004,碳和碳的氧化物,,CHEM-B1-083,第四章 化学反应与电能,,CHEM-Z0-003,水与溶液,,,,,
6964,chemistry_2024_hubei_005,chemistry,基本概念和理论是化学思维基石。下列叙述错误的是,CHEM-Z0-004,碳和碳的氧化物,,CHEM-B1-083,第四章 化学反应与电能,,CHEM-Z0-003,水与溶液,,,,,
6965,chemistry_2024_hubei_006,chemistry,鹰爪甲素(如图)可从治疗疟疾的有效药物鹰爪根中分离得到。下列说法错误的是,CHEM-Z0-004,碳和碳的氧化物,,CHEM-B1-083,第四章 化学反应与电能,,CHEM-Z0-003,水与溶液,,,,,
6970,chemistry_2024_hubei_011,chemistry,黄金按质量分数分级，纯金为。合金的三种晶胞结构如图，Ⅱ和Ⅲ是立方晶胞。下列说法错误的是,CHEM-Z0-004,碳和碳的氧化物,,CHEM-B1-083,第四章 化学反应与电能,,CHEM-Z0-003,水与溶液,,,,,
6971,chemistry_2024_hubei_012,chemistry,在超高压下转化为平行六面体的分子(如图)。下列说法错误的是,CHEM-Z0-004,碳和碳的氧化物,,CHEM-B1-083,第四章 化学反应与电能,,CHEM-Z0-003,水与溶液,,,,,
6974,chemistry_2024_hubei_015,chemistry,科学家合成了一种如图所示的纳米“分子客车”，能装载多种稠环芳香烃。三种芳烃与“分子客车”的结合常数(值越大越稳定)见表。,CHEM-Z0-004,碳和碳的氧化物,,CHEM-B1-083,第四章 化学反应与电能,,CHEM-Z0-003,水与溶液,,,,,
6980,chemistry_2024_hunan_002,chemistry,近年来，我国新能源产业得到了蓬勃发展，下列说法错误的是,CHEM-Z0-004,碳和碳的氧化物,,CHEM-B1-083,第四章 化学反应与电能,,CHEM-Z0-003,水与溶液,,,,,
6981,chemistry_2024_hunan_003,chemistry,下列化学用语表述错误的是,CHEM-Z0-004,碳和碳的氧化物,,CHEM-B1-083,第四章 化学反应与电能,,CHEM-Z0-003,水与溶液,,,,,
6983,chemistry_2024_hunan_005,chemistry,下列有关化学概念或性质的判断错误的是,CHEM-Z0-004,碳和碳的氧化物,,CHEM-B1-083,第四章 化学反应与电能,,CHEM-Z0-003,水与溶液,,,,,
6984,chemistry_2024_hunan_006,chemistry,组成核酸的基本单元是核苷酸，下图是核酸的某一结构片段，下列说法错误的是,CHEM-Z0-004,碳和碳的氧化物,,CHEM-B1-083,第四章 化学反应与电能,,CHEM-Z0-003,水与溶液,,,,,
6986,chemistry_2024_hunan_008,chemistry,某学生按图示方法进行实验，观察到以下实验现象： ①铜丝表面缓慢放出气泡，锥形瓶内气体呈红棕色； ②铜丝表面气泡释放速度逐,CHEM-Z0-004,碳和碳的氧化物,,CHEM-B1-083,第四章 化学反应与电能,,CHEM-Z0-003,水与溶液,,,,,
6988,chemistry_2024_hunan_010,chemistry,通过理论计算方法优化了P和Q的分子结构，P和Q呈平面六元并环结构，原子的连接方式如图所示，下列说法错误的是,CHEM-Z0-004,碳和碳的氧化物,,CHEM-B1-083,第四章 化学反应与电能,,CHEM-Z0-003,水与溶液,,,,,
6990,chemistry_2024_hunan_012,chemistry,中和法生产的工艺流程如下： 已知：①的电离常数：，， ②易风化。 下列说法错误的是,CHEM-Z0-004,碳和碳的氧化物,,CHEM-B1-083,第四章 化学反应与电能,,CHEM-Z0-003,水与溶液,,,,,
6991,chemistry_2024_hunan_013,chemistry,是一种高活性的人工固氮产物，其合成反应为，晶胞如图所示，下列说法错误的是,CHEM-Z0-004,碳和碳的氧化物,,CHEM-B1-083,第四章 化学反应与电能,,CHEM-Z0-003,水与溶液,,,,,
7002,chemistry_2024_hunan_023,chemistry,4,CHEM-B2-092,第2课时 化学反应的限度 化学反应条件的控制 - 45 -,0.167,CHEM-B1-083,第四章 化学反应与电能,,CHEM-Z0-004,碳和碳的氧化物,,,,,
7004,chemistry_2024_jiangsu_002,chemistry,反应可用于壁画修复。下列说法正确的是,CHEM-Z0-004,碳和碳的氧化物,,CHEM-B1-083,第四章 化学反应与电能,,CHEM-Z0-003,水与溶液,,,,,
7007,chemistry_2024_jiangsu_005,chemistry,下列说法正确的是,CHEM-Z0-004,碳和碳的氧化物,,CHEM-B1-083,第四章 化学反应与电能,,CHEM-Z0-003,水与溶液,,,,,
7008,chemistry_2024_jiangsu_006,chemistry,下列化学反应表示正确的是,CHEM-Z0-004,碳和碳的氧化物,,CHEM-B1-083,第四章 化学反应与电能,,CHEM-Z0-003,水与溶液,,,,,
7009,chemistry_2024_jiangsu_007,chemistry,下列有关反应描述正确的是,CHEM-Z0-004,碳和碳的氧化物,,CHEM-B1-083,第四章 化学反应与电能,,CHEM-Z0-003,水与溶液,,,,,
7010,chemistry_2024_jiangsu_008,chemistry,碱性锌锰电池的总反应为，电池构造示意图如图所示。下列有关说法正确的是,CHEM-Z0-004,碳和碳的氧化物,,CHEM-B1-083,第四章 化学反应与电能,,CHEM-Z0-003,水与溶液,,,,,
7012,chemistry_2024_jiangsu_010,chemistry,在给定条件下，下列制备过程涉及的物质转化均可实现的是,CHEM-Z0-004,碳和碳的氧化物,,CHEM-B1-083,第四章 化学反应与电能,,CHEM-Z0-003,水与溶液,,,,,
7020,chemistry_2024_jiangxi_001,chemistry,景德镇青花瓷素有“国瓷”的美誉。是以黏土为原料，用含钴、铁的颜料着色，上釉后一次性高温烧制而成的青蓝色彩瓷。下列关于青花,CHEM-Z0-004,碳和碳的氧化物,,CHEM-B1-083,第四章 化学反应与电能,,CHEM-Z0-003,水与溶液,,,,,
7021,chemistry_2024_jiangxi_002,chemistry,科学家发现宇宙中存在100多种星际分子。下列关于星际分子说法正确的是,CHEM-B2-099,第1课时 氮气与氮的氧化物,0.200,CHEM-B2-096,第1课时 硫和二氧化硫,0.200,CHEM-B2-103,第1课时 化学反应与热能,0.200,,,,
7023,chemistry_2024_jiangxi_004,chemistry,蛇孢菌素(X)是一种具有抗癌活性的天然植物毒素。下列关于X说法正确的是,CHEM-Z0-004,碳和碳的氧化物,,CHEM-B1-083,第四章 化学反应与电能,,CHEM-Z0-003,水与溶液,,,,,
7024,chemistry_2024_jiangxi_005,chemistry,某新材料阳离子为W36X18Y2Z6M+。W、X、Y、Z和M是原子序数依次增大的前20号主族元素，前四周期中M原子半径最,CHEM-Z0-004,碳和碳的氧化物,,CHEM-B1-083,第四章 化学反应与电能,,CHEM-Z0-003,水与溶液,,,,,
7028,chemistry_2024_jiangxi_009,chemistry,温度T下，向1L真空刚性容器中加入，反应达到平衡时，， 下列说法正确的是,CHEM-B2-099,第1课时 氮气与氮的氧化物,0.167,CHEM-B2-096,第1课时 硫和二氧化硫,0.167,CHEM-B2-103,第1课时 化学反应与热能,0.167,,,,
7039,chemistry_2024_liaoning_002,chemistry,答题前，考生先将自己的姓名准考证号码填写清楚，将条形码准确粘贴在考生信息条形码粘贴区。,CHEM-Z0-004,碳和碳的氧化物,,CHEM-B1-083,第四章 化学反应与电能,,CHEM-Z0-003,水与溶液,,,,,
7041,chemistry_2024_liaoning_003,chemistry,下列化学用语或表述正确的是,CHEM-Z0-004,碳和碳的氧化物,,CHEM-B1-083,第四章 化学反应与电能,,CHEM-Z0-003,水与溶液,,,,,
7043,chemistry_2024_liaoning_004,chemistry,下列实验操作或处理方法错误的是,CHEM-Z0-004,碳和碳的氧化物,,CHEM-B1-083,第四章 化学反应与电能,,CHEM-Z0-003,水与溶液,,,,,
7047,chemistry_2024_liaoning_006,chemistry,保持卡面清洁，不要折叠，不要弄破、异皱，不准使用涂改液、修正带、刮纸刀。 可能用到的相对原子质量： 一、选择题：本题共1,CHEM-Z0-004,碳和碳的氧化物,,CHEM-B1-083,第四章 化学反应与电能,,CHEM-Z0-003,水与溶液,,,,,
7050,chemistry_2024_liaoning_008,chemistry,如下图所示的自催化反应，Y作催化剂。下列说法正确的是,CHEM-Z0-004,碳和碳的氧化物,,CHEM-B1-083,第四章 化学反应与电能,,CHEM-Z0-003,水与溶液,,,,,
7053,chemistry_2024_liaoning_011,chemistry,异山梨醇是一种由生物质制备的高附加值化学品，时其制备过程及相关物质浓度随时间变化如图所示，后异山梨醇浓度不再变化。下列说,CHEM-Z0-004,碳和碳的氧化物,,CHEM-B1-083,第四章 化学反应与电能,,CHEM-Z0-003,水与溶液,,,,,
7065,chemistry_2024_shandong_002,chemistry,化学品在食品工业中也有重要应用，下列说法错误的是,CHEM-Z0-004,碳和碳的氧化物,,CHEM-B1-083,第四章 化学反应与电能,,CHEM-Z0-003,水与溶液,,,,,
7067,chemistry_2024_shandong_003,chemistry,考试结束后，将本试卷和答题卡并交回。 可能用到的相对原子质量： 一、选择题：本题共10小题，每小题2分，共20分。每小题,CHEM-Z0-004,碳和碳的氧化物,,CHEM-B1-083,第四章 化学反应与电能,,CHEM-Z0-003,水与溶液,,,,,
7069,chemistry_2024_shandong_004,chemistry,下列物质均为共价晶体且成键结构相似，其中熔点最低的是,CHEM-Z0-004,碳和碳的氧化物,,CHEM-B1-083,第四章 化学反应与电能,,CHEM-Z0-003,水与溶液,,,,,
7070,chemistry_2024_shandong_005,chemistry,物质性质决定用途，下列两者对应关系错误是,CHEM-Z0-004,碳和碳的氧化物,,CHEM-B1-083,第四章 化学反应与电能,,CHEM-Z0-003,水与溶液,,,,,
7072,chemistry_2024_shandong_007,chemistry,我国科学家在青蒿素研究方面为人类健康作出了巨大贡献。在青蒿素研究实验中，下列叙述错误的是,CHEM-Z0-004,碳和碳的氧化物,,CHEM-B1-083,第四章 化学反应与电能,,CHEM-Z0-003,水与溶液,,,,,
7073,chemistry_2024_shandong_008,chemistry,植物提取物阿魏萜宁具有抗菌活性，其结构简式如图所示。下列关于阿魏萜宁的说法错误的是,CHEM-Z0-004,碳和碳的氧化物,,CHEM-B1-083,第四章 化学反应与电能,,CHEM-Z0-003,水与溶液,,,,,
7086,chemistry_2024_shanghai_001,chemistry,下列关于氟元素的性质说法正确的是,CHEM-Z0-004,碳和碳的氧化物,,CHEM-B1-083,第四章 化学反应与电能,,CHEM-Z0-003,水与溶液,,,,,
7087,chemistry_2024_shanghai_002,chemistry,下列关于与说法正确的是,CHEM-Z0-004,碳和碳的氧化物,,CHEM-B1-083,第四章 化学反应与电能,,CHEM-Z0-003,水与溶液,,,,,
7089,chemistry_2024_shanghai_004,chemistry,液态氟化氢(HF)的电离方式为：，其中X为_______。的结构为，其中与HF依靠_______相连接。,CHEM-Z0-004,碳和碳的氧化物,,CHEM-B1-083,第四章 化学反应与电能,,CHEM-Z0-003,水与溶液,,,,,
7096,chemistry_2024_tianjin_001,chemistry,关于天津博物馆典藏文物的相关化学知识，判断错误的是,CHEM-Z0-004,碳和碳的氧化物,,CHEM-B1-083,第四章 化学反应与电能,,CHEM-Z0-003,水与溶液,,,,,
7098,chemistry_2024_tianjin_003,chemistry,实验室中下列做法错误的是,CHEM-Z0-004,碳和碳的氧化物,,CHEM-B1-083,第四章 化学反应与电能,,CHEM-Z0-003,水与溶液,,,,,
7121,chemistry_2024_zhejiang_003,chemistry,下列表示不正确的是,CHEM-Z0-004,碳和碳的氧化物,,CHEM-B1-083,第四章 化学反应与电能,,CHEM-Z0-003,水与溶液,,,,,
7124,chemistry_2024_zhejiang_006,chemistry,为回收利用含的废液，某化学兴趣小组设计方案如下所示，下列说法不正确的是,CHEM-Z0-004,碳和碳的氧化物,,CHEM-B1-083,第四章 化学反应与电能,,CHEM-Z0-003,水与溶液,,,,,
7126,chemistry_2024_zhejiang_008,chemistry,下列实验装置使用不正确的是,CHEM-Z0-004,碳和碳的氧化物,,CHEM-B1-083,第四章 化学反应与电能,,CHEM-Z0-003,水与溶液,,,,,
7127,chemistry_2024_zhejiang_009,chemistry,关于有机物检测，下列说法正确的是,CHEM-Z0-004,碳和碳的氧化物,,CHEM-B1-083,第四章 化学反应与电能,,CHEM-Z0-003,水与溶液,,,,,
7128,chemistry_2024_zhejiang_010,chemistry,下列化学反应与方程式不相符的是,CHEM-Z0-004,碳和碳的氧化物,,CHEM-B1-083,第四章 化学反应与电能,,CHEM-Z0-003,水与溶液,,,,,
7129,chemistry_2024_zhejiang_011,chemistry,制造隐形眼镜的功能高分子材料Q的合成路线如下： 下列说法不正确的是,CHEM-Z0-004,碳和碳的氧化物,,CHEM-B1-083,第四章 化学反应与电能,,CHEM-Z0-003,水与溶液,,,,,
7130,chemistry_2024_zhejiang_012,chemistry,X、Y、Z、M和Q五种主族元素，原子序数依次增大，X原子半径最小，短周期中M电负性最小，Z与Y、Q相邻，基态Z原子的s能,CHEM-Z0-004,碳和碳的氧化物,,CHEM-B1-083,第四章 化学反应与电能,,CHEM-Z0-003,水与溶液,,,,,
9251,chemistry_2024_national_a_003,chemistry,我国化学工作者开发了一种回收利用聚乳酸(PLA)高分子材料的方法，其转化路线如下所示。 下列叙述错误的是,CHEM-Z0-004,碳和碳的氧化物,,CHEM-B1-083,第四章 化学反应与电能,,CHEM-Z0-003,水与溶液,,,,,
9254,chemistry_2024_national_a_006,chemistry,科学家使用研制了一种可充电电池(如图所示)。电池工作一段时间后，电极上检测到和少量。下列叙述正确的是,CHEM-Z0-004,碳和碳的氧化物,,CHEM-B1-083,第四章 化学反应与电能,,CHEM-Z0-003,水与溶液,,,,,
819,chinese_2022_beijing_10,chinese,请归纳文章第三段从哪几个方面论述了礼义的作用。,CHIN-G0-135,第1课 沁园春·长沙,,CHIN-G0-136,第2课 诗两首,,CHIN-G0-137,第3课 大堰河-我的保姆,,,,,
822,chinese_2022_beijing_13,chinese,咏物诗注重通过意象表达主题，这首诗中的主要意象有哪些？分别说明这些意象有何意蕴。,CHIN-G0-135,第1课 沁园春·长沙,,CHIN-G0-136,第2课 诗两首,,CHIN-G0-137,第3课 大堰河-我的保姆,,,,,
827,chinese_2022_beijing_18,chinese,作者在文章第六段中叙写了家乡的生活，请简要分析这部分内容在全文中的作用。,CHIN-G0-135,第1课 沁园春·长沙,,CHIN-G0-136,第2课 诗两首,,CHIN-G0-137,第3课 大堰河-我的保姆,,,,,
844,chinese_2023_beijing_10,chinese,根据第二段内容，用自己的话分条概括“赎罪之法”滋生了哪几方面弊端。,CHIN-G0-135,第1课 沁园春·长沙,,CHIN-G0-136,第2课 诗两首,,CHIN-G0-137,第3课 大堰河-我的保姆,,,,,
846,chinese_2023_beijing_12,chinese,以下对诗歌的理解，不正确的一项是,CHIN-G0-135,第1课 沁园春·长沙,,CHIN-G0-136,第2课 诗两首,,CHIN-G0-137,第3课 大堰河-我的保姆,,,,,
848,chinese_2023_beijing_14,chinese,杜甫的诗内涵深刻而丰富，往往一联就有多重意蕴。此诗“侧身天地更怀古，回首风尘甘息机”一联历来为人称道。请分析这一联有哪些,CHIN-G0-135,第1课 沁园春·长沙,,CHIN-G0-136,第2课 诗两首,,CHIN-G0-137,第3课 大堰河-我的保姆,,,,,
852,chinese_2023_beijing_18,chinese,文章第四段写古镇的榕树，请指出该段包含哪些比喻，并分析它们各自的用意。,CHIN-G0-135,第1课 沁园春·长沙,,CHIN-G0-136,第2课 诗两首,,CHIN-G0-137,第3课 大堰河-我的保姆,,,,,
869,chinese_2024_beijing_010,chinese,墨子论述“非命”时，提出“言必有三表”，“三表”即本之、原之、用之。请分别谈谈你对三表理解，并概括说明第三段和第四段是怎,CHIN-G0-135,第1课 沁园春·长沙,,CHIN-G0-136,第2课 诗两首,,CHIN-G0-137,第3课 大堰河-我的保姆,,,,,
2615,chinese_2008_zhejiang_008,chinese,对文化辐合趋同造成的结果，理解不恰当的一项是,CHIN-G0-135,第1课 沁园春·长沙,,CHIN-G0-136,第2课 诗两首,,CHIN-G0-137,第3课 大堰河-我的保姆,,,,,
2616,chinese_2008_zhejiang_009,chinese,根据全文内容，最适合做这篇文章标题的一项是,CHIN-G0-135,第1课 沁园春·长沙,,CHIN-G0-136,第2课 诗两首,,CHIN-G0-137,第3课 大堰河-我的保姆,,,,,
2618,chinese_2011_guangdong_001,chinese,答题前，考生务必用黑色字迹的钢笔或签字笔将自己的姓名和考生号、座号填写在答题卡上。用2B铅笔将试卷类型（A）填涂在答题卡,CHIN-G0-135,第1课 沁园春·长沙,,CHIN-G0-136,第2课 诗两首,,CHIN-G0-137,第3课 大堰河-我的保姆,,,,,
2619,chinese_2011_guangdong_002,chinese,选择题每小题选出把答题卡上对应的答案信息点涂黑；如需改动，用橡皮差干净后，再选涂其它答案，答案不能答在试卷上。,CHIN-G0-135,第1课 沁园春·长沙,,CHIN-G0-136,第2课 诗两首,,CHIN-G0-137,第3课 大堰河-我的保姆,,,,,
2637,chinese_2019_shanghai_006,chinese,第四段用《小王子》中的话来证明观点，你认为论证是否充分?请具体分析。（5 分） ____________________,CHIN-G0-135,第1课 沁园春·长沙,,CHIN-G0-136,第2课 诗两首,,CHIN-G0-137,第3课 大堰河-我的保姆,,,,,
2639,chinese_2019_shanghai_008,chinese,第①—⑤段中出现的“我 ”，从第⑥段开始不再直接出现，这样处理有何作用？（3 分）,CHIN-G0-135,第1课 沁园春·长沙,,CHIN-G0-136,第2课 诗两首,,CHIN-G0-137,第3课 大堰河-我的保姆,,,,,
2655,chinese_2019_shanghai_024,chinese,张居正拒绝修建三诏亭，语气严峻，请从用词和句式的角度各举一例加以分析。（4 分） ___________________,CHIN-G0-135,第1课 沁园春·长沙,,CHIN-G0-136,第2课 诗两首,,CHIN-G0-137,第3课 大堰河-我的保姆,,,,,
2657,chinese_2019_shanghai_026,chinese,“在阳光里生活，需要有步入阳光的能力. ”这句意蕴丰富的话引起了你怎样的思考?,CHIN-G0-135,第1课 沁园春·长沙,,CHIN-G0-136,第2课 诗两首,,CHIN-G0-137,第3课 大堰河-我的保姆,,,,,
2662,chinese_2020_shanghai_006,chinese,具体说明“他的能力越强，权力越小”。,CHIN-G0-135,第1课 沁园春·长沙,,CHIN-G0-136,第2课 诗两首,,CHIN-G0-137,第3课 大堰河-我的保姆,,,,,
2663,chinese_2020_shanghai_007,chinese,文章是如何对小说创作“常常不完全是情感的自然流溢”展开论述的？ （二）阅读下文，完成第8—11题。 踩星星的孩子 大冬瓜,CHIN-G0-135,第1课 沁园春·长沙,,CHIN-G0-136,第2课 诗两首,,CHIN-G0-137,第3课 大堰河-我的保姆,,,,,
2664,chinese_2020_shanghai_008,chinese,对划曲线句的作用进行分析。,CHIN-G0-135,第1课 沁园春·长沙,,CHIN-G0-136,第2课 诗两首,,CHIN-G0-137,第3课 大堰河-我的保姆,,,,,
2665,chinese_2020_shanghai_009,chinese,文中画线这组对话很传神，请加以具体分析。,CHIN-G0-135,第1课 沁园春·长沙,,CHIN-G0-136,第2课 诗两首,,CHIN-G0-137,第3课 大堰河-我的保姆,,,,,
2666,chinese_2020_shanghai_010,chinese,文章标题是“踩星星的孩子”，却用了三分之一的文字写孩子摘冬瓜，这样的安排是否合理，请你谈谈对此的看法。,CHIN-G0-135,第1课 沁园春·长沙,,CHIN-G0-136,第2课 诗两首,,CHIN-G0-137,第3课 大堰河-我的保姆,,,,,
2668,chinese_2020_shanghai_012,chinese,对本诗说法不正确的一项是（ ）。【选择题，缺选项】,CHIN-G0-135,第1课 沁园春·长沙,,CHIN-G0-136,第2课 诗两首,,CHIN-G0-137,第3课 大堰河-我的保姆,,,,,
2669,chinese_2020_shanghai_013,chinese,这首诗风格（ ）。【选择题，缺选项】,CHIN-G0-135,第1课 沁园春·长沙,,CHIN-G0-136,第2课 诗两首,,CHIN-G0-137,第3课 大堰河-我的保姆,,,,,
2670,chinese_2020_shanghai_014,chinese,诗人得知友人周侃离去而写了这首诗，其他版本中最后一句是“忽”开头，请评析哪一个字用得更好？ （四）阅读下文，完成第15—,CHIN-G0-135,第1课 沁园春·长沙,,CHIN-G0-136,第2课 诗两首,,CHIN-G0-137,第3课 大堰河-我的保姆,,,,,
2678,chinese_2020_shanghai_022,chinese,第①段“然未得其所无而先丧其所有”中的“所无”“所有”具体指什么？（2分）,CHIN-G0-135,第1课 沁园春·长沙,,CHIN-G0-136,第2课 诗两首,,CHIN-G0-137,第3课 大堰河-我的保姆,,,,,
2680,chinese_2020_shanghai_024,chinese,分析第③段在文中的作用。,CHIN-G0-135,第1课 沁园春·长沙,,CHIN-G0-136,第2课 诗两首,,CHIN-G0-137,第3课 大堰河-我的保姆,,,,,
2689,chinese_2022_new_gaokao_i_008,chinese,舟行江上，子胥的思绪随着他在江上的所见所感而逐步生发展开。请结合文中相关部分简要分析。,CHIN-G0-135,第1课 沁园春·长沙,,CHIN-G0-136,第2课 诗两首,,CHIN-G0-137,第3课 大堰河-我的保姆,,,,,
2700,chinese_2022_new_gaokao_i_019,chinese,请将文中画波浪线的部分改成几个较短的语句。可以改变语序、少量增删词语，但不得改变原意。,CHIN-G0-135,第1课 沁园春·长沙,,CHIN-G0-136,第2课 诗两首,,CHIN-G0-137,第3课 大堰河-我的保姆,,,,,
2703,chinese_2022_new_gaokao_i_022,chinese,请在文中横线处补写恰当的语句，使整段文字语意完整连贯，内容贴切，逻辑严密，每处不超过10个字。 四、写作,CHIN-G0-135,第1课 沁园春·长沙,,CHIN-G0-136,第2课 诗两首,,CHIN-G0-137,第3课 大堰河-我的保姆,,,,,
2708,chinese_2023_new_gaokao_ii_002,chinese,当代青少年需要“安静”的成长环境。,CHIN-G0-135,第1课 沁园春·长沙,,CHIN-G0-136,第2课 诗两首,,CHIN-G0-137,第3课 大堰河-我的保姆,,,,,
2722,chinese_2023_new_gaokao_ii_008,chinese,本文是如何描写社戏的仪式感的？请结合全文简要说明。,CHIN-G0-135,第1课 沁园春·长沙,,CHIN-G0-136,第2课 诗两首,,CHIN-G0-137,第3课 大堰河-我的保姆,,,,,
2724,chinese_2023_new_gaokao_ii_009,chinese,文中记述社戏的筹备及演出过程，多处使用“依照往年成例”“照习惯”“照例”等，含有哪些意味？请结合全文谈谈你的理解。,CHIN-G0-135,第1课 沁园春·长沙,,CHIN-G0-136,第2课 诗两首,,CHIN-G0-137,第3课 大堰河-我的保姆,,,,,
2737,chinese_2023_new_gaokao_ii_019,chinese,文中画波浪线的部分，如果写成“正优雅地跳舞，踱步，鸣叫，顾盼，寻觅”，表达效果有什么不同？,CHIN-G0-135,第1课 沁园春·长沙,,CHIN-G0-136,第2课 诗两首,,CHIN-G0-137,第3课 大堰河-我的保姆,,,,,
2740,chinese_2023_new_gaokao_ii_021,chinese,请在文中横线处补写恰当的语句，使整段文字语意完整连贯，内容贴切，逻辑严密，每处不超过10个字。,CHIN-G0-135,第1课 沁园春·长沙,,CHIN-G0-136,第2课 诗两首,,CHIN-G0-137,第3课 大堰河-我的保姆,,,,,
2746,chinese_2024_national_a_002,chinese,下列对原文论证的相关分析，正确的一项是（ ）,CHIN-G0-135,第1课 沁园春·长沙,,CHIN-G0-136,第2课 诗两首,,CHIN-G0-137,第3课 大堰河-我的保姆,,,,,
2751,chinese_2024_national_a_004,chinese,下列对原文相关内容的理解和分析，不正确的一项是（ ）,CHIN-G0-135,第1课 沁园春·长沙,,CHIN-G0-136,第2课 诗两首,,CHIN-G0-137,第3课 大堰河-我的保姆,,,,,
2757,chinese_2024_national_a_008,chinese,如何理解文章最后作者记下的那句话？,CHIN-G0-135,第1课 沁园春·长沙,,CHIN-G0-136,第2课 诗两首,,CHIN-G0-137,第3课 大堰河-我的保姆,,,,,
2760,chinese_2024_national_a_010,chinese,文中画波浪线的部分有三处需要断句，请用铅笔将答题卡上相应位置的答案标号涂黑。 刘备为吕布A所袭B奔C于操D程昱E以备F有,CHIN-G0-135,第1课 沁园春·长沙,,CHIN-G0-136,第2课 诗两首,,CHIN-G0-137,第3课 大堰河-我的保姆,,,,,
2769,chinese_2024_national_a_018,chinese,请将文中画横线的部分改成几个较短的语句。可以改变语序、少量增删词语，但不得改变原意。,CHIN-G0-135,第1课 沁园春·长沙,,CHIN-G0-136,第2课 诗两首,,CHIN-G0-137,第3课 大堰河-我的保姆,,,,,
2772,chinese_2024_national_a_020,chinese,文中标序号的部分有两处表述不当，请指出其序号并做修改，使语言准确流畅，逻辑严密。不得改变原意。,CHIN-G0-135,第1课 沁园春·长沙,,CHIN-G0-136,第2课 诗两首,,CHIN-G0-137,第3课 大堰河-我的保姆,,,,,
2773,chinese_2024_national_a_021,chinese,下面的文字是一位老奶奶在医院看病时的自述，不够简明扼要，不利于和医生高效沟通。请对这段自述进行缩写。要求：保留必要信息，,CHIN-G0-135,第1课 沁园春·长沙,,CHIN-G0-136,第2课 诗两首,,CHIN-G0-137,第3课 大堰河-我的保姆,,,,,
2783,chinese_2024_tianjin_009,chinese,文中画波浪线的句子，断句最合理的一项是（ ）,CHIN-G0-135,第1课 沁园春·长沙,,CHIN-G0-136,第2课 诗两首,,CHIN-G0-137,第3课 大堰河-我的保姆,,,,,
2792,chinese_2024_tianjin_018,chinese,在“我”的人生历程中，哪些人或事促成了“我”的成长？,CHIN-G0-135,第1课 沁园春·长沙,,CHIN-G0-136,第2课 诗两首,,CHIN-G0-137,第3课 大堰河-我的保姆,,,,,
2794,chinese_2024_tianjin_020,chinese,学校文学社团拟编辑文学读本，如果收录这篇文章，你认为将其编入以下哪个栏目最合适？请说明理由。 ①锦绣山河 ②故乡印记 ③,CHIN-G0-135,第1课 沁园春·长沙,,CHIN-G0-136,第2课 诗两首,,CHIN-G0-137,第3课 大堰河-我的保姆,,,,,
2796,chinese_2024_tianjin_022,chinese,阅读下面一段文字，按要求答题。 吃着网红打卡第一名的美食，看着大数据推送的热播剧……一切信息、经验、思考、方法都来自他人,CHIN-G0-135,第1课 沁园春·长沙,,CHIN-G0-136,第2课 诗两首,,CHIN-G0-137,第3课 大堰河-我的保姆,,,,,
2801,chinese_2025_fujian_004,chinese,示例一： 问题：种植之前如何预判天气是晴天还是雨天？ 理由：问三和问五围绕问二回答的第一句话提问，因此问四应针对问三的回,CHIN-G0-135,第1课 沁园春·长沙,,CHIN-G0-136,第2课 诗两首,,CHIN-G0-137,第3课 大堰河-我的保姆,,,,,
2813,chinese_2025_fujian_018,chinese,文中第二段标序号的部分有两处表述不当，请指出其序号并做修改，使语言准确流畅，逻辑严密。可少量增删词语，不得改变原意。(4,CHIN-G0-135,第1课 沁园春·长沙,,CHIN-G0-136,第2课 诗两首,,CHIN-G0-137,第3课 大堰河-我的保姆,,,,,
2816,chinese_2025_fujian_021,chinese,剪纸是我国传统民间艺术，常用具体的形象表达纳福迎祥的寓意。请从下面剪此中任选一幅，说明其寓意。并从图画构成和谐音两方面进,CHIN-G0-135,第1课 沁园春·长沙,,CHIN-G0-136,第2课 诗两首,,CHIN-G0-137,第3课 大堰河-我的保姆,,,,,
2817,chinese_2025_fujian_022,chinese,论文写作常通过解决一个个紧密关联的问题来完成。请写出四个问句，作为本文的写作提纲。(4分) 三、写作(60分),CHIN-G0-135,第1课 沁园春·长沙,,CHIN-G0-136,第2课 诗两首,,CHIN-G0-137,第3课 大堰河-我的保姆,,,,,
2822,chinese_2025_guangdong_004,chinese,示例一： 问题：种植之前如何预判天气是晴天还是雨天？ 理由：问三和问五围绕问二回答的第一句话提问，因此问四应针对问三的回,CHIN-G0-135,第1课 沁园春·长沙,,CHIN-G0-136,第2课 诗两首,,CHIN-G0-137,第3课 大堰河-我的保姆,,,,,
2834,chinese_2025_guangdong_018,chinese,文中第二段标序号的部分有两处表述不当，请指出其序号并做修改，使语言准确流畅，逻辑严密。可少量增删词语，不得改变原意。(4,CHIN-G0-135,第1课 沁园春·长沙,,CHIN-G0-136,第2课 诗两首,,CHIN-G0-137,第3课 大堰河-我的保姆,,,,,
2837,chinese_2025_guangdong_021,chinese,剪纸是我国传统民间艺术，常用具体的形象表达纳福迎祥的寓意。请从下面剪此中任选一幅，说明其寓意。并从图画构成和谐音两方面进,CHIN-G0-135,第1课 沁园春·长沙,,CHIN-G0-136,第2课 诗两首,,CHIN-G0-137,第3课 大堰河-我的保姆,,,,,
2838,chinese_2025_guangdong_022,chinese,论文写作常通过解决一个个紧密关联的问题来完成。请写出四个问句，作为本文的写作提纲。(4分) 三、写作(60分),CHIN-G0-135,第1课 沁园春·长沙,,CHIN-G0-136,第2课 诗两首,,CHIN-G0-137,第3课 大堰河-我的保姆,,,,,
2843,chinese_2025_hebei_004,chinese,示例一： 问题：种植之前如何预判天气是晴天还是雨天？ 理由：问三和问五围绕问二回答的第一句话提问，因此问四应针对问三的回,CHIN-G0-135,第1课 沁园春·长沙,,CHIN-G0-136,第2课 诗两首,,CHIN-G0-137,第3课 大堰河-我的保姆,,,,,
2855,chinese_2025_hebei_018,chinese,文中第二段标序号的部分有两处表述不当，请指出其序号并做修改，使语言准确流畅，逻辑严密。可少量增删词语，不得改变原意。(4,CHIN-G0-135,第1课 沁园春·长沙,,CHIN-G0-136,第2课 诗两首,,CHIN-G0-137,第3课 大堰河-我的保姆,,,,,
2858,chinese_2025_hebei_021,chinese,剪纸是我国传统民间艺术，常用具体的形象表达纳福迎祥的寓意。请从下面剪此中任选一幅，说明其寓意。并从图画构成和谐音两方面进,CHIN-G0-135,第1课 沁园春·长沙,,CHIN-G0-136,第2课 诗两首,,CHIN-G0-137,第3课 大堰河-我的保姆,,,,,
2859,chinese_2025_hebei_022,chinese,论文写作常通过解决一个个紧密关联的问题来完成。请写出四个问句，作为本文的写作提纲。(4分) 三、写作(60分),CHIN-G0-135,第1课 沁园春·长沙,,CHIN-G0-136,第2课 诗两首,,CHIN-G0-137,第3课 大堰河-我的保姆,,,,,
2864,chinese_2025_hubei_004,chinese,示例一： 问题：种植之前如何预判天气是晴天还是雨天？ 理由：问三和问五围绕问二回答的第一句话提问，因此问四应针对问三的回,CHIN-G0-135,第1课 沁园春·长沙,,CHIN-G0-136,第2课 诗两首,,CHIN-G0-137,第3课 大堰河-我的保姆,,,,,
2876,chinese_2025_hubei_018,chinese,文中第二段标序号的部分有两处表述不当，请指出其序号并做修改，使语言准确流畅，逻辑严密。可少量增删词语，不得改变原意。(4,CHIN-G0-135,第1课 沁园春·长沙,,CHIN-G0-136,第2课 诗两首,,CHIN-G0-137,第3课 大堰河-我的保姆,,,,,
2879,chinese_2025_hubei_021,chinese,剪纸是我国传统民间艺术，常用具体的形象表达纳福迎祥的寓意。请从下面剪此中任选一幅，说明其寓意。并从图画构成和谐音两方面进,CHIN-G0-135,第1课 沁园春·长沙,,CHIN-G0-136,第2课 诗两首,,CHIN-G0-137,第3课 大堰河-我的保姆,,,,,
2880,chinese_2025_hubei_022,chinese,论文写作常通过解决一个个紧密关联的问题来完成。请写出四个问句，作为本文的写作提纲。(4分) 三、写作(60分),CHIN-G0-135,第1课 沁园春·长沙,,CHIN-G0-136,第2课 诗两首,,CHIN-G0-137,第3课 大堰河-我的保姆,,,,,
2885,chinese_2025_hunan_004,chinese,示例一： 问题：种植之前如何预判天气是晴天还是雨天？ 理由：问三和问五围绕问二回答的第一句话提问，因此问四应针对问三的回,CHIN-G0-135,第1课 沁园春·长沙,,CHIN-G0-136,第2课 诗两首,,CHIN-G0-137,第3课 大堰河-我的保姆,,,,,
2897,chinese_2025_hunan_018,chinese,文中第二段标序号的部分有两处表述不当，请指出其序号并做修改，使语言准确流畅，逻辑严密。可少量增删词语，不得改变原意。(4,CHIN-G0-135,第1课 沁园春·长沙,,CHIN-G0-136,第2课 诗两首,,CHIN-G0-137,第3课 大堰河-我的保姆,,,,,
2900,chinese_2025_hunan_021,chinese,剪纸是我国传统民间艺术，常用具体的形象表达纳福迎祥的寓意。请从下面剪此中任选一幅，说明其寓意。并从图画构成和谐音两方面进,CHIN-G0-135,第1课 沁园春·长沙,,CHIN-G0-136,第2课 诗两首,,CHIN-G0-137,第3课 大堰河-我的保姆,,,,,
2901,chinese_2025_hunan_022,chinese,论文写作常通过解决一个个紧密关联的问题来完成。请写出四个问句，作为本文的写作提纲。(4分) 三、写作(60分),CHIN-G0-135,第1课 沁园春·长沙,,CHIN-G0-136,第2课 诗两首,,CHIN-G0-137,第3课 大堰河-我的保姆,,,,,
2906,chinese_2025_jiangsu_004,chinese,示例一： 问题：种植之前如何预判天气是晴天还是雨天？ 理由：问三和问五围绕问二回答的第一句话提问，因此问四应针对问三的回,CHIN-G0-135,第1课 沁园春·长沙,,CHIN-G0-136,第2课 诗两首,,CHIN-G0-137,第3课 大堰河-我的保姆,,,,,
2918,chinese_2025_jiangsu_018,chinese,文中第二段标序号的部分有两处表述不当，请指出其序号并做修改，使语言准确流畅，逻辑严密。可少量增删词语，不得改变原意。(4,CHIN-G0-135,第1课 沁园春·长沙,,CHIN-G0-136,第2课 诗两首,,CHIN-G0-137,第3课 大堰河-我的保姆,,,,,
2921,chinese_2025_jiangsu_021,chinese,剪纸是我国传统民间艺术，常用具体的形象表达纳福迎祥的寓意。请从下面剪此中任选一幅，说明其寓意。并从图画构成和谐音两方面进,CHIN-G0-135,第1课 沁园春·长沙,,CHIN-G0-136,第2课 诗两首,,CHIN-G0-137,第3课 大堰河-我的保姆,,,,,
2922,chinese_2025_jiangsu_022,chinese,论文写作常通过解决一个个紧密关联的问题来完成。请写出四个问句，作为本文的写作提纲。(4分) 三、写作(60分),CHIN-G0-135,第1课 沁园春·长沙,,CHIN-G0-136,第2课 诗两首,,CHIN-G0-137,第3课 大堰河-我的保姆,,,,,
2931,chinese_2025_new_gaokao_ii_008,chinese,荆元这一形象体现了作者理想中人格。请结合文本，谈谈这是一种什么样的人格。,CHIN-G0-135,第1课 沁园春·长沙,,CHIN-G0-136,第2课 诗两首,,CHIN-G0-137,第3课 大堰河-我的保姆,,,,,
2943,chinese_2025_new_gaokao_ii_020,chinese,请在文中横线处填入恰当的关联词语。,CHIN-G0-135,第1课 沁园春·长沙,,CHIN-G0-136,第2课 诗两首,,CHIN-G0-137,第3课 大堰河-我的保姆,,,,,
2944,chinese_2025_new_gaokao_ii_021,chinese,文中有多处错别字，请找出两处含错别字的词语并改正。,CHIN-G0-135,第1课 沁园春·长沙,,CHIN-G0-136,第2课 诗两首,,CHIN-G0-137,第3课 大堰河-我的保姆,,,,,
2950,chinese_2025_shandong_004,chinese,示例一： 问题：种植之前如何预判天气是晴天还是雨天？ 理由：问三和问五围绕问二回答的第一句话提问，因此问四应针对问三的回,CHIN-G0-135,第1课 沁园春·长沙,,CHIN-G0-136,第2课 诗两首,,CHIN-G0-137,第3课 大堰河-我的保姆,,,,,
2962,chinese_2025_shandong_018,chinese,文中第二段标序号的部分有两处表述不当，请指出其序号并做修改，使语言准确流畅，逻辑严密。可少量增删词语，不得改变原意。(4,CHIN-G0-135,第1课 沁园春·长沙,,CHIN-G0-136,第2课 诗两首,,CHIN-G0-137,第3课 大堰河-我的保姆,,,,,
2965,chinese_2025_shandong_021,chinese,剪纸是我国传统民间艺术，常用具体的形象表达纳福迎祥的寓意。请从下面剪此中任选一幅，说明其寓意。并从图画构成和谐音两方面进,CHIN-G0-135,第1课 沁园春·长沙,,CHIN-G0-136,第2课 诗两首,,CHIN-G0-137,第3课 大堰河-我的保姆,,,,,
2966,chinese_2025_shandong_022,chinese,论文写作常通过解决一个个紧密关联的问题来完成。请写出四个问句，作为本文的写作提纲。(4分) 三、写作(60分),CHIN-G0-135,第1课 沁园春·长沙,,CHIN-G0-136,第2课 诗两首,,CHIN-G0-137,第3课 大堰河-我的保姆,,,,,
2971,chinese_2025_zhejiang_004,chinese,示例一： 问题：种植之前如何预判天气是晴天还是雨天？ 理由：问三和问五围绕问二回答的第一句话提问，因此问四应针对问三的回,CHIN-G0-135,第1课 沁园春·长沙,,CHIN-G0-136,第2课 诗两首,,CHIN-G0-137,第3课 大堰河-我的保姆,,,,,
2983,chinese_2025_zhejiang_018,chinese,文中第二段标序号的部分有两处表述不当，请指出其序号并做修改，使语言准确流畅，逻辑严密。可少量增删词语，不得改变原意。(4,CHIN-G0-135,第1课 沁园春·长沙,,CHIN-G0-136,第2课 诗两首,,CHIN-G0-137,第3课 大堰河-我的保姆,,,,,
2986,chinese_2025_zhejiang_021,chinese,剪纸是我国传统民间艺术，常用具体的形象表达纳福迎祥的寓意。请从下面剪此中任选一幅，说明其寓意。并从图画构成和谐音两方面进,CHIN-G0-135,第1课 沁园春·长沙,,CHIN-G0-136,第2课 诗两首,,CHIN-G0-137,第3课 大堰河-我的保姆,,,,,
2987,chinese_2025_zhejiang_022,chinese,论文写作常通过解决一个个紧密关联的问题来完成。请写出四个问句，作为本文的写作提纲。(4分) 三、写作(60分),CHIN-G0-135,第1课 沁园春·长沙,,CHIN-G0-136,第2课 诗两首,,CHIN-G0-137,第3课 大堰河-我的保姆,,,,,
910,english_2021_beijing_001,english,"Recently, I took a trip home by train. I got a seat opposite",ENG-G0-204,Unit 1 Cultural relics,0.038,ENG-G0-221,Unit 3 Life in the future,0.036,ENG-G0-236,Unit 3 Inventors and inventions,0.036,,,,
912,english_2021_beijing_003,english,Sam is an in-real-life streamer and he live streams himself ,ENG-G0-221,Unit 3 Life in the future,0.115,ENG-G0-226,Unit 3 A healthy life,0.102,ENG-G0-204,Unit 1 Cultural relics,0.058,,,,
915,english_2021_beijing_006,english,假设你是红星中学高三学生李华。你的英国朋友Jim原计划周末一起参观中国美术馆，因故不能赴约。请你用英文给他写一封电子邮件,ENG-G0-201,Unit 3 Travel journal,0.040,ENG-G0-213,Unit 5,,ENG-G0-212,Unit 4,,,,,
916,english_2025_beijing_1,english,"At 15, I excelled academically yet felt overshadowed and unn",ENG-G0-233,Unit 5 Travelling abroad,0.036,ENG-G0-236,Unit 3 Inventors and inventions,0.035,ENG-G0-240,Unit 5 Inside advertising,0.035,,,,
918,english_2025_beijing_4,english,"Enjoying all the eyes on me, I ____ how to open the lock.",ENG-G0-242,Unit 5Enjoying novels,0.130,ENG-G0-210,Unit 2 Healthy eating,0.083,ENG-G0-200,Unit 2 English around the world,0.051,,,,
919,english_2025_beijing_5,english,"“I didn’t do it, sir,” I argued, but suspicion ____ his eyes",ENG-G0-231,Unit 3 Under the sea,0.065,ENG-G0-220,Unit 2 The United Kingdom,0.061,ENG-G0-221,Unit 3 Life in the future,0.057,,,,
920,english_2025_beijing_6,english,"His repeated ____ intensified, pushing me to the edge of fea",ENG-G0-240,Unit 5 Inside advertising,0.058,ENG-G0-220,Unit 2 The United Kingdom,0.041,ENG-G0-210,Unit 2 Healthy eating,0.041,,,,
921,english_2025_beijing_7,english,"In a desperate attempt to escape the mounting pressure, I __",ENG-G0-221,Unit 3 Life in the future,0.054,ENG-G0-218,Unit 5 Theme parks,0.040,ENG-G0-236,Unit 3 Inventors and inventions,0.035,,,,
922,english_2025_beijing_8,english,"The headmaster asked my father to come to school, whose shak",ENG-G0-218,Unit 5 Theme parks,0.085,ENG-G0-231,Unit 3 Under the sea,0.063,ENG-G0-220,Unit 2 The United Kingdom,0.059,,,,
923,english_2025_beijing_9,english,"____, I confessed my misguided longing for recognition.",ENG-G0-240,Unit 5 Inside advertising,0.038,ENG-G0-221,Unit 3 Life in the future,0.038,ENG-G0-235,Unit 2 Cloning,0.024,,,,
924,english_2025_beijing_10,english,With my father’s support I learned a valuable lesson: ____ c,ENG-G0-231,Unit 3 Under the sea,0.061,ENG-G0-241,Unit 2 King Lear,0.042,ENG-G0-215,Unit 2 Working the land,0.036,,,,
925,english_2025_beijing_11,english,Most days after school I love walking in the forest with my ,ENG-G0-222,Unit 4 Making the news,0.057,ENG-G0-206,Unit 3 Computers,0.042,ENG-G0-241,Unit 2 King Lear,0.042,,,,
926,english_2025_beijing_12,english,"I sometimes call him back, worried that he might have someon",ENG-G0-215,Unit 2 Working the land,0.056,ENG-G0-214,Unit 1 Women of achievement,0.053,ENG-G0-200,Unit 2 English around the world,0.048,,,,
927,english_2025_beijing_13,english,"The truth, though, is ____ could be guessed — there’s never ",ENG-G0-221,Unit 3 Life in the future,0.080,ENG-G0-218,Unit 5 Theme parks,0.068,ENG-G0-231,Unit 3 Under the sea,0.068,,,,
928,english_2025_beijing_14,english,Maybe this morning you debated whether to get up or stay in ,ENG-G0-222,Unit 4 Making the news,0.100,ENG-G0-220,Unit 2 The United Kingdom,0.080,ENG-G0-215,Unit 2 Working the land,0.057,,,,
929,english_2025_beijing_15,english,"By the time you brushed your teeth, you ____ (make) several ",ENG-G0-238,Unit 5 Meeting your ancestors,0.109,ENG-G0-211,Unit 3 The Million Pound Bank Note,0.031,ENG-G0-218,Unit 5 Theme parks,0.020,,,,
930,english_2025_beijing_16,english,"Usually, better outcomes ____ (achieve) through a thorough u",ENG-G0-214,Unit 1 Women of achievement,0.143,ENG-G0-206,Unit 3 Computers,0.070,ENG-G0-205,Unit 2 The Olympic Games,0.059,,,,
934,english_2025_beijing_20,english,"After all, exploring the world shouldn’t come ____ the plane",ENG-G0-200,Unit 2 English around the world,0.121,ENG-G0-209,Unit 1 Festivals around the world,0.098,ENG-G0-215,Unit 2 Working the land,0.056,,,,
935,english_2025_beijing_21,english,TransForm allows the teens to____________.,ENG-G0-201,Unit 3 Travel journal,0.067,ENG-G0-233,Unit 5 Travelling abroad,0.063,ENG-G0-239,Unit 2 Sailing the oceans,0.061,,,,
937,english_2025_beijing_23,english,What can the teens do in the Programming Tracks?,ENG-G0-227,Unit 4 Global warming,0.039,ENG-G0-215,Unit 2 Working the land,0.038,ENG-G0-221,Unit 3 Life in the future,0.036,,,,
938,english_2025_beijing_24,english,"Throughout the Junior year, what was the author’s major conc",ENG-G0-200,Unit 2 English around the world,0.102,ENG-G0-209,Unit 1 Festivals around the world,0.098,ENG-G0-215,Unit 2 Working the land,0.096,,,,
939,english_2025_beijing_25,english,The author chose fewer AP classes because of ______.,ENG-G0-228,Unit 5 The power of nature,0.071,ENG-G0-218,Unit 5 Theme parks,0.061,ENG-G0-231,Unit 3 Under the sea,0.061,,,,
941,english_2025_beijing_27,english,What can we learn from this passage?,ENG-G0-241,Unit 2 King Lear,0.044,ENG-G0-229,Unit 1 Living well,0.043,ENG-G0-217,Unit 4 Body language,0.041,,,,
942,english_2025_beijing_28,english,How did the author feel about his daughter’s argument?,ENG-G0-226,Unit 3 A healthy life,0.038,ENG-G0-210,Unit 2 Healthy eating,0.038,ENG-G0-203,Unit 5 Nelson Mandela-a modern hero,0.031,,,,
944,english_2025_beijing_30,english,Which would be the best title for the passage?,ENG-G0-209,Unit 1 Festivals around the world,0.048,ENG-G0-215,Unit 2 Working the land,0.037,ENG-G0-200,Unit 2 English around the world,0.032,,,,
945,english_2025_beijing_31,english,What can be inferred about personal stories?,ENG-G0-209,Unit 1 Festivals around the world,0.031,ENG-G0-206,Unit 3 Computers,0.020,ENG-G0-223,Unit 5 First aid,0.020,,,,
946,english_2025_beijing_33,english,What does the author mainly do in this passage?,ENG-G0-209,Unit 1 Festivals around the world,0.047,ENG-G0-215,Unit 2 Working the land,0.036,ENG-G0-200,Unit 2 English around the world,0.032,,,,
947,english_2025_beijing_34,english,What is the passage mainly about?,ENG-G0-215,Unit 2 Working the land,0.040,ENG-G0-219,Unit 1 Great scientists,0.040,ENG-G0-200,Unit 2 English around the world,0.034,,,,
948,english_2025_beijing_35,english,"Psychologist Robert Turner wrote about this in his book, The",ENG-G0-207,Unit 4 Wildlife protection,0.053,ENG-G0-228,Unit 5 The power of nature,0.034,ENG-G0-211,Unit 3 The Million Pound Bank Note,0.030,,,,
949,english_2025_beijing_36,english,But Turner’s other cycles are just as important. ____,ENG-G0-231,Unit 3 Under the sea,0.061,ENG-G0-228,Unit 5 The power of nature,0.053,ENG-G0-221,Unit 3 Life in the future,0.035,,,,
950,english_2025_beijing_37,english,"This requires an internal locus (核心) of control, which impli",ENG-G0-201,Unit 3 Travel journal,0.061,ENG-G0-205,Unit 2 The Olympic Games,0.058,ENG-G0-239,Unit 2 Sailing the oceans,0.057,,,,
951,english_2025_beijing_38,english,Being an adult is about having a rooted sense of self while ,ENG-G0-220,Unit 2 The United Kingdom,0.060,ENG-G0-229,Unit 1 Living well,0.042,ENG-G0-240,Unit 5 Inside advertising,0.036,,,,
952,english_2025_beijing_39,english,"While raising an adult is a parent’s job, it’s also our resp",ENG-G0-240,Unit 5 Inside advertising,0.073,ENG-G0-219,Unit 1 Great scientists,0.056,ENG-G0-214,Unit 1 Women of achievement,0.053,,,,
953,english_2025_beijing_40,english,What upset Mark when he was biking around his neighbourhood?,ENG-G0-215,Unit 2 Working the land,0.056,ENG-G0-200,Unit 2 English around the world,0.048,ENG-G0-209,Unit 1 Festivals around the world,0.047,,,,
956,english_2025_beijing_43,english,How can you put your imagination into practice as Mark and S,ENG-G0-236,Unit 3 Inventors and inventions,0.055,ENG-G0-235,Unit 2 Cloning,0.044,ENG-G0-210,Unit 2 Healthy eating,0.038,,,,
957,english_2025_beijing_44,english,假设你是红星中学高三学生李华。联合国正面向全球青少年开展倡议征集活动。你的外国好友Jim打算参加，为此发来邮件，就倡议内,ENG-G0-212,Unit 4,,ENG-G0-213,Unit 5,,ENG-G0-211,Unit 3 The Million Pound Bank Note,,,,,
1361,english_2024_beijing_11,english,Slowing down can contribute significantly to personal growth,ENG-G0-220,Unit 2 The United Kingdom,0.058,ENG-G0-232,Unit 4 Sharing,0.043,ENG-G0-239,Unit 2 Sailing the oceans,0.035,,,,
1362,english_2024_beijing_15,english,"On April 5, 2024, John Tinniswood ___15___ (name) the world’",ENG-G0-219,Unit 1 Great scientists,0.058,ENG-G0-214,Unit 1 Women of achievement,0.055,ENG-G0-234,Unit 1 A land of diversity,0.055,,,,
1369,english_2024_beijing_44,english,假设你是红星中学高三学生李华。你的外国好友Jim 准备给其校报的Asia Today 栏目投稿。得知今年新中国成立75 ,ENG-G0-226,Unit 3 A healthy life,0.077,ENG-G0-234,Unit 1 A land of diversity,0.065,ENG-G0-224,Unit 1 Art,0.063,,,,
2989,english_2011_hunan_001,english,简要描述下图内容，并点名主题；,ENG-G0-212,Unit 4,,ENG-G0-213,Unit 5,,ENG-G0-211,Unit 3 The Million Pound Bank Note,,,,,
2991,english_2011_hunan_002,english,联系实际，表达该图带给你的启示 注意：1.词数不少于120个；,ENG-G0-224,Unit 1 Art,0.143,ENG-G0-199,Unit 1 Friendship,0.095,ENG-G0-229,Unit 1 Living well,0.091,,,,
2994,english_2011_hunan_003,english,Which of the following is true about the man?,ENG-G0-215,Unit 2 Working the land,0.056,ENG-G0-229,Unit 1 Living well,0.040,ENG-G0-220,Unit 2 The United Kingdom,0.038,,,,
2995,english_2011_hunan_004,english,How is the man going home? Conversation 3,ENG-G0-206,Unit 3 Computers,0.064,ENG-G0-218,Unit 5 Theme parks,0.061,ENG-G0-210,Unit 2 Healthy eating,0.058,,,,
2998,english_2011_hunan_007,english,What does the man want to buy?,ENG-G0-209,Unit 1 Festivals around the world,0.055,ENG-G0-218,Unit 5 Theme parks,0.049,ENG-G0-215,Unit 2 Working the land,0.043,,,,
2999,english_2011_hunan_008,english,Which of the following does the man choose?,ENG-G0-220,Unit 2 The United Kingdom,0.082,ENG-G0-215,Unit 2 Working the land,0.058,ENG-G0-238,Unit 5 Meeting your ancestors,0.052,,,,
3000,english_2011_hunan_009,english,How much does the man pay? Conversation 5,ENG-G0-206,Unit 3 Computers,0.064,ENG-G0-218,Unit 5 Theme parks,0.040,ENG-G0-210,Unit 2 Healthy eating,0.038,,,,
3001,english_2011_hunan_010,english,What is the woman?,ENG-G0-215,Unit 2 Working the land,0.054,ENG-G0-219,Unit 1 Great scientists,0.054,ENG-G0-214,Unit 1 Women of achievement,0.050,,,,
3003,english_2011_hunan_012,english,Who is going to pick up the man? Conversation 6,ENG-G0-206,Unit 3 Computers,0.087,ENG-G0-215,Unit 2 Working the land,0.056,ENG-G0-235,Unit 2 Cloning,0.043,,,,
3004,english_2011_hunan_013,english,What’s the man doing now?,ENG-G0-215,Unit 2 Working the land,0.098,ENG-G0-239,Unit 2 Sailing the oceans,0.068,ENG-G0-232,Unit 4 Sharing,0.059,,,,
3005,english_2011_hunan_014,english,What kind of movie does the man like best?,ENG-G0-215,Unit 2 Working the land,0.056,ENG-G0-209,Unit 1 Festivals around the world,0.047,ENG-G0-218,Unit 5 Theme parks,0.040,,,,
3007,english_2011_hunan_021,english,The ability ______ an idea as important as the idea itself.,ENG-G0-239,Unit 2 Sailing the oceans,0.080,ENG-G0-200,Unit 2 English around the world,0.071,ENG-G0-209,Unit 1 Festivals around the world,0.069,,,,
3008,english_2011_hunan_022,english,"—Joan, what ______ in your hand? —Look! It’s a birthday gift",ENG-G0-215,Unit 2 Working the land,0.087,ENG-G0-236,Unit 3 Inventors and inventions,0.083,ENG-G0-201,Unit 3 Travel journal,0.067,,,,
3009,english_2011_hunan_023,english,The players ______from the whole country are expected to bri,ENG-G0-209,Unit 1 Festivals around the world,0.089,ENG-G0-221,Unit 3 Life in the future,0.082,ENG-G0-200,Unit 2 English around the world,0.073,,,,
3010,english_2011_hunan_024,english,I knew that ______ would ever discourage him; he would never,ENG-G0-214,Unit 1 Women of achievement,0.058,ENG-G0-215,Unit 2 Working the land,0.040,ENG-G0-240,Unit 5 Inside advertising,0.038,,,,
3011,english_2011_hunan_025,english,"Julie was good at German, French and Russian, all of ______ ",ENG-G0-199,Unit 1 Friendship,0.041,ENG-G0-203,Unit 5 Nelson Mandela-a modern hero,0.030,ENG-G0-223,Unit 5 First aid,0.020,,,,
3013,english_2011_hunan_027,english,"In 1492 Columbus______ on one of the Bahamas Islands, but he",ENG-G0-221,Unit 3 Life in the future,0.059,ENG-G0-205,Unit 2 The Olympic Games,0.039,ENG-G0-236,Unit 3 Inventors and inventions,0.038,,,,
3014,english_2011_hunan_028,english,—No one ______ be compared with Yao Ming in playing basketba,ENG-G0-211,Unit 3 The Million Pound Bank Note,0.051,ENG-G0-206,Unit 3 Computers,0.048,ENG-G0-242,Unit 5Enjoying novels,0.043,,,,
3016,english_2011_hunan_030,english,It is the most instructive lecture that I ______since I came,ENG-G0-221,Unit 3 Life in the future,0.073,ENG-G0-240,Unit 5 Inside advertising,0.054,ENG-G0-228,Unit 5 The power of nature,0.053,,,,
3017,english_2011_hunan_031,english,"Before a problem can be solved, it must be obvious ______the",ENG-G0-208,Unit 5 Music,0.022,ENG-G0-230,Unit 2 Robots,0.022,ENG-G0-223,Unit 5 First aid,0.020,,,,
3018,english_2011_hunan_032,english,Only after they had discussed the matter for several hours _,ENG-G0-218,Unit 5 Theme parks,0.041,ENG-G0-205,Unit 2 The Olympic Games,0.036,ENG-G0-239,Unit 2 Sailing the oceans,0.036,,,,
3019,english_2011_hunan_033,english,"Jack wasn’t saying anything, but the teacher smiled at him _",ENG-G0-222,Unit 4 Making the news,0.078,ENG-G0-215,Unit 2 Working the land,0.077,ENG-G0-239,Unit 2 Sailing the oceans,0.074,,,,
3021,english_2011_hunan_036,english,A. change B. explain C. learn D. show,ENG-G0-241,Unit 2 King Lear,0.091,ENG-G0-234,Unit 1 A land of diversity,0.074,ENG-G0-226,Unit 3 A healthy life,0.060,,,,
3022,english_2011_hunan_037,english,A. trouble B. doubt C. wish D. opportunity,ENG-G0-200,Unit 2 English around the world,0.085,ENG-G0-234,Unit 1 A land of diversity,0.073,ENG-G0-209,Unit 1 Festivals around the world,0.065,,,,
3023,english_2011_hunan_038,english,A. took B. dropped C. got D. pulled,ENG-G0-234,Unit 1 A land of diversity,0.057,ENG-G0-218,Unit 5 Theme parks,0.043,ENG-G0-220,Unit 2 The United Kingdom,0.041,,,,
3024,english_2011_hunan_039,english,A. come out B. stand by C. go back D. turn up,ENG-G0-206,Unit 3 Computers,0.064,ENG-G0-203,Unit 5 Nelson Mandela-a modern hero,0.063,ENG-G0-234,Unit 1 A land of diversity,0.053,,,,
3025,english_2011_hunan_040,english,A. please B. greet C. help D. praise,ENG-G0-226,Unit 3 A healthy life,0.085,ENG-G0-203,Unit 5 Nelson Mandela-a modern hero,0.067,ENG-G0-219,Unit 1 Great scientists,0.060,,,,
3026,english_2011_hunan_041,english,A. sitting B. walking C. riding D. running,ENG-G0-220,Unit 2 The United Kingdom,0.061,ENG-G0-227,Unit 4 Global warming,0.061,ENG-G0-215,Unit 2 Working the land,0.059,,,,
3027,english_2011_hunan_042,english,A. discussion B. lesson C. report D. conversation,ENG-G0-234,Unit 1 A land of diversity,0.091,ENG-G0-226,Unit 3 A healthy life,0.058,ENG-G0-204,Unit 1 Cultural relics,0.057,,,,
3028,english_2011_hunan_043,english,A. joke B. response C. cry D. story,ENG-G0-204,Unit 1 Cultural relics,0.061,ENG-G0-236,Unit 3 Inventors and inventions,0.058,ENG-G0-238,Unit 5 Meeting your ancestors,0.054,,,,
3029,english_2011_hunan_044,english,A. unchangeable B. unprepared C. unforgettable D. unfinished,ENG-G0-226,Unit 3 A healthy life,0.085,ENG-G0-224,Unit 1 Art,0.081,ENG-G0-234,Unit 1 A land of diversity,0.077,,,,
3030,english_2011_hunan_045,english,A. desperately B. frequently C. simply D. widely,ENG-G0-234,Unit 1 A land of diversity,0.053,ENG-G0-223,Unit 5 First aid,0.042,ENG-G0-199,Unit 1 Friendship,0.041,,,,
3031,english_2011_hunan_046,english,A. allow B. warn C. order D. advise,ENG-G0-227,Unit 4 Global warming,0.065,ENG-G0-240,Unit 5 Inside advertising,0.060,ENG-G0-214,Unit 1 Women of achievement,0.059,,,,
3033,english_2011_hunan_056,english,"When first entering the restaurant, one can find that it____",ENG-G0-214,Unit 1 Women of achievement,0.071,ENG-G0-223,Unit 5 First aid,0.064,ENG-G0-215,Unit 2 Working the land,0.056,,,,
3036,english_2011_hunan_059,english,What is the dish Joojeh Kabob mainly made of?,ENG-G0-200,Unit 2 English around the world,0.048,ENG-G0-215,Unit 2 Working the land,0.036,ENG-G0-219,Unit 1 Great scientists,0.036,,,,
3038,english_2011_hunan_061,english,We can infer that the mother and children went to Swansea___,ENG-G0-215,Unit 2 Working the land,0.057,ENG-G0-218,Unit 5 Theme parks,0.041,ENG-G0-229,Unit 1 Living well,0.041,,,,
3039,english_2011_hunan_062,english,What did the author learn about the father from the telegram,ENG-G0-200,Unit 2 English around the world,0.049,ENG-G0-209,Unit 1 Festivals around the world,0.048,ENG-G0-241,Unit 2 King Lear,0.043,,,,
3041,english_2011_hunan_064,english,What can we know about the author’s father after his ship wa,ENG-G0-231,Unit 3 Under the sea,0.040,ENG-G0-219,Unit 1 Great scientists,0.036,ENG-G0-215,Unit 2 Working the land,0.036,,,,
3046,english_2011_hunan_069,english,What are Alfred Roca’s words mainly about?,ENG-G0-219,Unit 1 Great scientists,0.036,ENG-G0-215,Unit 2 Working the land,0.036,ENG-G0-200,Unit 2 English around the world,0.032,,,,
3048,english_2011_hunan_081,english,Why did the author feel guilty? (No more than 9 words) (2 ma,ENG-G0-211,Unit 3 The Million Pound Bank Note,0.047,ENG-G0-242,Unit 5Enjoying novels,0.038,ENG-G0-222,Unit 4 Making the news,0.038,,,,
3049,english_2011_hunan_082,english,What did the author fail to do miserably a few months ago? (,ENG-G0-220,Unit 2 The United Kingdom,0.038,ENG-G0-215,Unit 2 Working the land,0.036,ENG-G0-239,Unit 2 Sailing the oceans,0.035,,,,
3050,english_2011_hunan_083,english,What excuses did the author keep giving herself to stop? (No,ENG-G0-229,Unit 1 Living well,0.061,ENG-G0-215,Unit 2 Working the land,0.056,ENG-G0-221,Unit 3 Life in the future,0.035,,,,
3052,english_2012_shaanxi_001,english,regard,ENG-G0-204,Unit 1 Cultural relics,0.071,ENG-G0-230,Unit 2 Robots,0.050,ENG-G0-213,Unit 5,,,,,
3055,english_2012_shaanxi_002,english,refuse,ENG-G0-204,Unit 1 Cultural relics,0.071,ENG-G0-230,Unit 2 Robots,0.050,ENG-G0-213,Unit 5,,,,,
3059,english_2012_shaanxi_003,english,charge,ENG-G0-232,Unit 4 Sharing,0.048,ENG-G0-235,Unit 2 Cloning,0.048,ENG-G0-206,Unit 3 Computers,0.043,,,,
3062,english_2012_shaanxi_004,english,你的感想。 注意：,ENG-G0-212,Unit 4,,ENG-G0-213,Unit 5,,ENG-G0-211,Unit 3 The Million Pound Bank Note,,,,,
3066,english_2012_shaanxi_011,english,An agreement seems to be impossible because the majority of ,ENG-G0-214,Unit 1 Women of achievement,0.073,ENG-G0-236,Unit 3 Inventors and inventions,0.055,ENG-G0-238,Unit 5 Meeting your ancestors,0.051,,,,
3068,english_2012_shaanxi_013,english,"No matter where he is, he makes _______ a rule to go for a w",ENG-G0-202,Unit 4 Earthquakes,0.071,ENG-G0-203,Unit 5 Nelson Mandela-a modern hero,0.070,ENG-G0-210,Unit 2 Healthy eating,0.043,,,,
3069,english_2012_shaanxi_014,english,"It is the third time that she has won the race, ________ has",ENG-G0-221,Unit 3 Life in the future,0.056,ENG-G0-231,Unit 3 Under the sea,0.042,ENG-G0-220,Unit 2 The United Kingdom,0.039,,,,
3070,english_2012_shaanxi_015,english,"_________ in a long queue, we waited for the store to open t",ENG-G0-229,Unit 1 Living well,0.049,ENG-G0-220,Unit 2 The United Kingdom,0.045,ENG-G0-221,Unit 3 Life in the future,0.042,,,,
3071,english_2012_shaanxi_016,english,—I’m sorry for being late. I should have phoned you earlier.,ENG-G0-222,Unit 4 Making the news,0.038,ENG-G0-240,Unit 5 Inside advertising,0.036,ENG-G0-238,Unit 5 Meeting your ancestors,0.034,,,,
3072,english_2012_shaanxi_017,english,"If my car _________ more reliable, I would have driven to La",ENG-G0-204,Unit 1 Cultural relics,0.044,ENG-G0-203,Unit 5 Nelson Mandela-a modern hero,0.035,ENG-G0-208,Unit 5 Music,0.028,,,,
3074,english_2012_shaanxi_019,english,He had to pause from time to time to wipe the sweat from his,ENG-G0-226,Unit 3 A healthy life,0.041,ENG-G0-210,Unit 2 Healthy eating,0.041,ENG-G0-203,Unit 5 Nelson Mandela-a modern hero,0.032,,,,
3075,english_2012_shaanxi_020,english,"As many as five courses are provided, and you are free to ch",ENG-G0-234,Unit 1 A land of diversity,0.054,ENG-G0-203,Unit 5 Nelson Mandela-a modern hero,0.047,ENG-G0-226,Unit 3 A healthy life,0.038,,,,
3076,english_2012_shaanxi_021,english,—The trip shouldn’t take more than an hour. —____________. I,ENG-G0-218,Unit 5 Theme parks,0.064,ENG-G0-231,Unit 3 Under the sea,0.064,ENG-G0-220,Unit 2 The United Kingdom,0.060,,,,
3077,english_2012_shaanxi_022,english,"If he takes on this work, he will have no choice but _______",ENG-G0-203,Unit 5 Nelson Mandela-a modern hero,0.046,ENG-G0-202,Unit 4 Earthquakes,0.040,ENG-G0-210,Unit 2 Healthy eating,0.038,,,,
3078,english_2012_shaanxi_023,english,I _________ thank you too much for all your help to my son w,ENG-G0-221,Unit 3 Life in the future,0.063,ENG-G0-211,Unit 3 The Million Pound Bank Note,0.053,ENG-G0-218,Unit 5 Theme parks,0.048,,,,
3079,english_2012_shaanxi_024,english,—Can I call you back at two o’clock this afternoon? — I’m so,ENG-G0-235,Unit 2 Cloning,0.070,ENG-G0-206,Unit 3 Computers,0.021,ENG-G0-204,Unit 1 Cultural relics,0.019,,,,
3080,english_2012_shaanxi_025,english,"All the photographs in this book, ________ stated otherwise,",ENG-G0-226,Unit 3 A healthy life,0.042,ENG-G0-240,Unit 5 Inside advertising,0.038,ENG-G0-200,Unit 2 English around the world,0.034,,,,
3081,english_2012_shaanxi_026,english,A. before B. since C. while D. as,ENG-G0-226,Unit 3 A healthy life,0.043,ENG-G0-240,Unit 5 Inside advertising,0.040,ENG-G0-214,Unit 1 Women of achievement,0.039,,,,
3082,english_2012_shaanxi_027,english,A. wondering B. forgetting C. remembering D. regretting,ENG-G0-214,Unit 1 Women of achievement,0.073,ENG-G0-209,Unit 1 Festivals around the world,0.065,ENG-G0-203,Unit 5 Nelson Mandela-a modern hero,0.063,,,,
3083,english_2012_shaanxi_028,english,A. preferred B. expected C. failed D. decided,ENG-G0-207,Unit 4 Wildlife protection,0.053,ENG-G0-234,Unit 1 A land of diversity,0.053,ENG-G0-223,Unit 5 First aid,0.042,,,,
3084,english_2012_shaanxi_029,english,A. When B. Until C. If D. Because,ENG-G0-236,Unit 3 Inventors and inventions,0.104,ENG-G0-226,Unit 3 A healthy life,0.089,ENG-G0-224,Unit 1 Art,0.086,,,,
3085,english_2012_shaanxi_030,english,A. carelessly B. cautiously C. hopelessly D. unwillingly,ENG-G0-226,Unit 3 A healthy life,0.063,ENG-G0-203,Unit 5 Nelson Mandela-a modern hero,0.049,ENG-G0-204,Unit 1 Cultural relics,0.040,,,,
3086,english_2012_shaanxi_031,english,A. trees B. bushes C. woods D. grasses,ENG-G0-200,Unit 2 English around the world,0.067,ENG-G0-209,Unit 1 Festivals around the world,0.065,ENG-G0-215,Unit 2 Working the land,0.057,,,,
3087,english_2012_shaanxi_032,english,A. stream B. rock C. tree D. house,ENG-G0-226,Unit 3 A healthy life,0.065,ENG-G0-233,Unit 5 Travelling abroad,0.061,ENG-G0-230,Unit 2 Robots,0.051,,,,
3088,english_2012_shaanxi_033,english,A. found B. sensed C. heard D. smelt,ENG-G0-226,Unit 3 A healthy life,0.109,ENG-G0-209,Unit 1 Festivals around the world,0.068,ENG-G0-203,Unit 5 Nelson Mandela-a modern hero,0.067,,,,
3089,english_2012_shaanxi_034,english,A. at B. through C. in D. onto,ENG-G0-236,Unit 3 Inventors and inventions,0.114,ENG-G0-200,Unit 2 English around the world,0.100,ENG-G0-209,Unit 1 Festivals around the world,0.096,,,,
3090,english_2012_shaanxi_035,english,A. terrible B. strange C. pleasant D. familiar,ENG-G0-233,Unit 5 Travelling abroad,0.055,ENG-G0-209,Unit 1 Festivals around the world,0.047,ENG-G0-223,Unit 5 First aid,0.042,,,,
3091,english_2012_shaanxi_036,english,A. missed B. discovered C. followed D. ignored,ENG-G0-234,Unit 1 A land of diversity,0.093,ENG-G0-203,Unit 5 Nelson Mandela-a modern hero,0.047,ENG-G0-223,Unit 5 First aid,0.043,,,,
3092,english_2012_shaanxi_037,english,A. calmly B. loudly C. merrily D. gently,ENG-G0-226,Unit 3 A healthy life,0.058,ENG-G0-234,Unit 1 A land of diversity,0.053,ENG-G0-238,Unit 5 Meeting your ancestors,0.050,,,,
3094,english_2012_shaanxi_039,english,A. window B. girl C. house D. hero,ENG-G0-203,Unit 5 Nelson Mandela-a modern hero,0.127,ENG-G0-226,Unit 3 A healthy life,0.089,ENG-G0-210,Unit 2 Healthy eating,0.043,,,,
3095,english_2012_shaanxi_040,english,A. satisfaction B. disappointment C. embarrassment D. deligh,ENG-G0-236,Unit 3 Inventors and inventions,0.074,ENG-G0-234,Unit 1 A land of diversity,0.073,ENG-G0-219,Unit 1 Great scientists,0.057,,,,
3096,english_2012_shaanxi_041,english,A. jumped B. climbed C. walked D. flew,ENG-G0-209,Unit 1 Festivals around the world,0.048,ENG-G0-235,Unit 2 Cloning,0.044,ENG-G0-223,Unit 5 First aid,0.043,,,,
3098,english_2012_shaanxi_043,english,A. spotted B. watched C. observed D. saw,ENG-G0-239,Unit 2 Sailing the oceans,0.055,ENG-G0-234,Unit 1 A land of diversity,0.054,ENG-G0-214,Unit 1 Women of achievement,0.054,,,,
3101,english_2012_shaanxi_046,english,"According to the poll, what was the most important factor in",ENG-G0-229,Unit 1 Living well,0.063,ENG-G0-215,Unit 2 Working the land,0.057,ENG-G0-214,Unit 1 Women of achievement,0.054,,,,
3102,english_2012_shaanxi_047,english,In which country did language score the lowest in their nati,ENG-G0-217,Unit 4 Body language,0.125,ENG-G0-221,Unit 3 Life in the future,0.035,ENG-G0-236,Unit 3 Inventors and inventions,0.035,,,,
3104,english_2012_shaanxi_049,english,"When his wife left home, Brad expected to __________.",ENG-G0-207,Unit 4 Wildlife protection,0.053,ENG-G0-220,Unit 2 The United Kingdom,0.038,ENG-G0-214,Unit 1 Women of achievement,0.034,,,,
3105,english_2012_shaanxi_050,english,Which of the following did Randy do?,ENG-G0-215,Unit 2 Working the land,0.080,ENG-G0-220,Unit 2 The United Kingdom,0.061,ENG-G0-229,Unit 1 Living well,0.043,,,,
3106,english_2012_shaanxi_051,english,Why did Brad ask the daycare centre for help?,ENG-G0-215,Unit 2 Working the land,0.036,ENG-G0-214,Unit 1 Women of achievement,0.034,ENG-G0-200,Unit 2 English around the world,0.032,,,,
3108,english_2012_shaanxi_053,english,The text mainly discusses the relationship between .,ENG-G0-209,Unit 1 Festivals around the world,0.065,ENG-G0-218,Unit 5 Theme parks,0.063,ENG-G0-231,Unit 3 Under the sea,0.063,,,,
3110,english_2012_shaanxi_055,english,What can we learn from the text？,ENG-G0-241,Unit 2 King Lear,0.049,ENG-G0-229,Unit 1 Living well,0.047,ENG-G0-215,Unit 2 Working the land,0.042,,,,
3113,english_2012_shaanxi_058,english,What can be inferred from the text?,ENG-G0-215,Unit 2 Working the land,0.039,ENG-G0-200,Unit 2 English around the world,0.034,ENG-G0-209,Unit 1 Festivals around the world,0.033,,,,
3114,english_2012_shaanxi_059,english,Which of the following would be the best title for the text?,ENG-G0-215,Unit 2 Working the land,0.057,ENG-G0-229,Unit 1 Living well,0.041,ENG-G0-220,Unit 2 The United Kingdom,0.038,,,,
3115,english_2012_shaanxi_060,english,The author’s attitude towards strange dress styles in the wo,ENG-G0-239,Unit 2 Sailing the oceans,0.113,ENG-G0-231,Unit 3 Under the sea,0.083,ENG-G0-222,Unit 4 Making the news,0.077,,,,
3118,english_2012_shaanxi_063,english,__________________ Jumping from point to point as it comes t,ENG-G0-235,Unit 2 Cloning,0.034,ENG-G0-232,Unit 4 Sharing,0.034,ENG-G0-206,Unit 3 Computers,0.032,,,,
3119,english_2012_shaanxi_064,english,"__________________ Repeated use of um, ah, like, you know an",ENG-G0-204,Unit 1 Cultural relics,0.056,ENG-G0-230,Unit 2 Robots,0.036,ENG-G0-210,Unit 2 Healthy eating,0.028,,,,
3120,english_2012_shaanxi_065,english,__________________ Many speakers finish up their speeches wi,ENG-G0-203,Unit 5 Nelson Mandela-a modern hero,0.064,ENG-G0-222,Unit 4 Making the news,0.056,ENG-G0-208,Unit 5 Music,0.037,,,,
3121,english_2012_shaanxi_066,english,This T-shirt is made of high quality ______________ (纯的) cot,ENG-G0-231,Unit 3 Under the sea,0.064,ENG-G0-219,Unit 1 Great scientists,0.058,ENG-G0-239,Unit 2 Sailing the oceans,0.056,,,,
3123,english_2012_shaanxi_068,english,The first official results are not expected until __________,ENG-G0-211,Unit 3 The Million Pound Bank Note,0.079,ENG-G0-223,Unit 5 First aid,0.064,ENG-G0-218,Unit 5 Theme parks,0.061,,,,
3124,english_2012_shaanxi_069,english,He was wearing a very ______________ (严肃的) expression and I ,ENG-G0-232,Unit 4 Sharing,0.100,ENG-G0-210,Unit 2 Healthy eating,0.081,ENG-G0-241,Unit 2 King Lear,0.061,,,,
3126,english_2012_shaanxi_071,english,The open exhibition will allow local ______________ (艺术家) to,ENG-G0-211,Unit 3 The Million Pound Bank Note,0.081,ENG-G0-218,Unit 5 Theme parks,0.063,ENG-G0-231,Unit 3 Under the sea,0.063,,,,
3127,english_2012_shaanxi_072,english,"He ______________ (承诺) that he would come, but he hasn’t tur",ENG-G0-231,Unit 3 Under the sea,0.129,ENG-G0-220,Unit 2 The United Kingdom,0.118,ENG-G0-222,Unit 4 Making the news,0.114,,,,
3128,english_2012_shaanxi_073,english,The staff soon found the new manager easy to ______________ ,ENG-G0-231,Unit 3 Under the sea,0.109,ENG-G0-209,Unit 1 Festivals around the world,0.100,ENG-G0-200,Unit 2 English around the world,0.085,,,,
3129,english_2012_shaanxi_074,english,There is nothing there—you are just ______________ (想象) thin,ENG-G0-220,Unit 2 The United Kingdom,0.087,ENG-G0-222,Unit 4 Making the news,0.085,ENG-G0-215,Unit 2 Working the land,0.083,,,,
3130,english_2012_shaanxi_075,english,"The little girl walked ______________ (自信地) onto the stage, ",ENG-G0-220,Unit 2 The United Kingdom,0.105,ENG-G0-218,Unit 5 Theme parks,0.083,ENG-G0-231,Unit 3 Under the sea,0.083,,,,
3131,english_2013_shaanxi_001,english,做家务的理由；2.做家务的过程；3.你的感受。 注意：,ENG-G0-225,Unit 2 Poems,0.133,ENG-G0-230,Unit 2 Robots,0.125,ENG-G0-235,Unit 2 Cloning,0.118,,,,
3136,english_2013_shaanxi_003,english,complete,ENG-G0-206,Unit 3 Computers,0.182,ENG-G0-235,Unit 2 Cloning,0.043,ENG-G0-204,Unit 1 Cultural relics,0.032,,,,
3137,english_2013_shaanxi_004,english,alarm,ENG-G0-224,Unit 1 Art,0.063,ENG-G0-223,Unit 5 First aid,0.045,ENG-G0-226,Unit 3 A healthy life,0.037,,,,
3139,english_2013_shaanxi_011,english,"On Monday mornings, it usually ______ me an hour to drive to",ENG-G0-235,Unit 2 Cloning,0.050,ENG-G0-239,Unit 2 Sailing the oceans,0.039,ENG-G0-240,Unit 5 Inside advertising,0.039,,,,
3140,english_2013_shaanxi_012,english,My mom suggests that we _________ eat out for a change this ,ENG-G0-210,Unit 2 Healthy eating,0.068,ENG-G0-202,Unit 4 Earthquakes,0.048,ENG-G0-219,Unit 1 Great scientists,0.043,,,,
3141,english_2013_shaanxi_013,english,Let those in need ________ that we will go all out to help t,ENG-G0-220,Unit 2 The United Kingdom,0.067,ENG-G0-215,Unit 2 Working the land,0.064,ENG-G0-221,Unit 3 Life in the future,0.061,,,,
3142,english_2013_shaanxi_014,english,The witness __________ by the police just now gave very diff,ENG-G0-231,Unit 3 Under the sea,0.077,ENG-G0-218,Unit 5 Theme parks,0.077,ENG-G0-211,Unit 3 The Million Pound Bank Note,0.074,,,,
3143,english_2013_shaanxi_015,english,"— I’m tired. I’m taking next week off. — ___________, honey.",ENG-G0-222,Unit 4 Making the news,0.089,ENG-G0-220,Unit 2 The United Kingdom,0.067,ENG-G0-241,Unit 2 King Lear,0.049,,,,
3144,english_2013_shaanxi_016,english,"_________ is often the case with children, Amy was better by",ENG-G0-221,Unit 3 Life in the future,0.042,ENG-G0-236,Unit 3 Inventors and inventions,0.042,ENG-G0-214,Unit 1 Women of achievement,0.041,,,,
3146,english_2013_shaanxi_018,english,I have learned a lot of good things about you __________ I c,ENG-G0-241,Unit 2 King Lear,0.064,ENG-G0-233,Unit 5 Travelling abroad,0.055,ENG-G0-201,Unit 3 Travel journal,0.038,,,,
3148,english_2013_shaanxi_020,english,It remains to be seen _________ the newly formed committee’s,ENG-G0-222,Unit 4 Making the news,0.091,ENG-G0-221,Unit 3 Life in the future,0.085,ENG-G0-218,Unit 5 Theme parks,0.073,,,,
3149,english_2013_shaanxi_021,english,"The children __________ lost in the woods; otherwise, they w",ENG-G0-215,Unit 2 Working the land,0.093,ENG-G0-221,Unit 3 Life in the future,0.089,ENG-G0-218,Unit 5 Theme parks,0.077,,,,
3150,english_2013_shaanxi_022,english,Although Rosemary had suffered from a serious illness for ye,ENG-G0-226,Unit 3 A healthy life,0.058,ENG-G0-210,Unit 2 Healthy eating,0.038,ENG-G0-224,Unit 1 Art,0.023,,,,
3151,english_2013_shaanxi_023,english,— Shall we go for a drink at one o’clock this afternoon? — _,ENG-G0-232,Unit 4 Sharing,0.093,ENG-G0-235,Unit 2 Cloning,0.068,ENG-G0-206,Unit 3 Computers,0.021,,,,
3152,english_2013_shaanxi_024,english,"The manager wants to see change in the company, and I am sur",ENG-G0-218,Unit 5 Theme parks,0.085,ENG-G0-231,Unit 3 Under the sea,0.063,ENG-G0-220,Unit 2 The United Kingdom,0.059,,,,
3154,english_2013_shaanxi_026,english,A. ordered B. made C. arranged D. demanded,ENG-G0-203,Unit 5 Nelson Mandela-a modern hero,0.098,ENG-G0-234,Unit 1 A land of diversity,0.073,ENG-G0-224,Unit 1 Art,0.049,,,,
3156,english_2013_shaanxi_028,english,A. fixed B. caught C. cut D. tied,ENG-G0-223,Unit 5 First aid,0.075,ENG-G0-209,Unit 1 Festivals around the world,0.053,ENG-G0-220,Unit 2 The United Kingdom,0.043,,,,
3157,english_2013_shaanxi_029,english,A. by B. in C. from D. out,ENG-G0-236,Unit 3 Inventors and inventions,0.070,ENG-G0-221,Unit 3 Life in the future,0.070,ENG-G0-240,Unit 5 Inside advertising,0.070,,,,
3158,english_2013_shaanxi_030,english,A. knocked B. fell C. stood D. hung,ENG-G0-226,Unit 3 A healthy life,0.063,ENG-G0-233,Unit 5 Travelling abroad,0.059,ENG-G0-238,Unit 5 Meeting your ancestors,0.054,,,,
3159,english_2013_shaanxi_031,english,A. take B. taste C. swallow D. chew,ENG-G0-231,Unit 3 Under the sea,0.045,ENG-G0-226,Unit 3 A healthy life,0.043,ENG-G0-233,Unit 5 Travelling abroad,0.040,,,,
3160,english_2013_shaanxi_032,english,A. discouraged B. disappointed C. shocked D. annoyed,ENG-G0-234,Unit 1 A land of diversity,0.075,ENG-G0-232,Unit 4 Sharing,0.047,ENG-G0-226,Unit 3 A healthy life,0.040,,,,
3161,english_2013_shaanxi_033,english,A. rolled B. rubbed C. narrowed D. closed,ENG-G0-235,Unit 2 Cloning,0.068,ENG-G0-228,Unit 5 The power of nature,0.054,ENG-G0-203,Unit 5 Nelson Mandela-a modern hero,0.047,,,,
3162,english_2013_shaanxi_034,english,A. bitterness B. anxiety C. anger D. sorrow,ENG-G0-203,Unit 5 Nelson Mandela-a modern hero,0.048,ENG-G0-217,Unit 4 Body language,0.041,ENG-G0-226,Unit 3 A healthy life,0.040,,,,
3163,english_2013_shaanxi_035,english,A. satisfy B. comfort C. encourage D. praise,ENG-G0-206,Unit 3 Computers,0.064,ENG-G0-200,Unit 2 English around the world,0.048,ENG-G0-210,Unit 2 Healthy eating,0.038,,,,
3164,english_2013_shaanxi_036,english,A. how B. who C. what D. which,ENG-G0-226,Unit 3 A healthy life,0.077,ENG-G0-203,Unit 5 Nelson Mandela-a modern hero,0.058,ENG-G0-214,Unit 1 Women of achievement,0.044,,,,
3165,english_2013_shaanxi_037,english,A. mild B. honest C. calm D. modest,ENG-G0-203,Unit 5 Nelson Mandela-a modern hero,0.127,ENG-G0-226,Unit 3 A healthy life,0.065,ENG-G0-238,Unit 5 Meeting your ancestors,0.056,,,,
3166,english_2013_shaanxi_038,english,A. pushed B. approached C. drew D. laid,ENG-G0-234,Unit 1 A land of diversity,0.094,ENG-G0-223,Unit 5 First aid,0.067,ENG-G0-226,Unit 3 A healthy life,0.060,,,,
3167,english_2013_shaanxi_039,english,A. beating B. broking C. sinking D. trembling,ENG-G0-233,Unit 5 Travelling abroad,0.102,ENG-G0-220,Unit 2 The United Kingdom,0.085,ENG-G0-210,Unit 2 Healthy eating,0.085,,,,
3168,english_2013_shaanxi_040,english,A. help B. position C. number D. job,ENG-G0-226,Unit 3 A healthy life,0.083,ENG-G0-203,Unit 5 Nelson Mandela-a modern hero,0.083,ENG-G0-211,Unit 3 The Million Pound Bank Note,0.066,,,,
3169,english_2013_shaanxi_041,english,A. Prepare B. Buy C. Find D. Cook,ENG-G0-223,Unit 5 First aid,0.073,ENG-G0-206,Unit 3 Computers,0.048,ENG-G0-218,Unit 5 Theme parks,0.045,,,,
3170,english_2013_shaanxi_042,english,A. on B. around C. up D. away,ENG-G0-200,Unit 2 English around the world,0.152,ENG-G0-209,Unit 1 Festivals around the world,0.146,ENG-G0-224,Unit 1 Art,0.103,,,,
3171,english_2013_shaanxi_043,english,A. so B. since C. although D. but,ENG-G0-226,Unit 3 A healthy life,0.093,ENG-G0-210,Unit 2 Healthy eating,0.044,ENG-G0-240,Unit 5 Inside advertising,0.041,,,,
3172,english_2013_shaanxi_044,english,A. kindness B. happiness C. politeness D. brightness,ENG-G0-220,Unit 2 The United Kingdom,0.083,ENG-G0-241,Unit 2 King Lear,0.068,ENG-G0-226,Unit 3 A healthy life,0.061,,,,
3174,english_2013_shaanxi_046,english,Who wrote the story about a little boy and a little mouse?,ENG-G0-207,Unit 4 Wildlife protection,0.053,ENG-G0-238,Unit 5 Meeting your ancestors,0.050,ENG-G0-209,Unit 1 Festivals around the world,0.047,,,,
3176,english_2013_shaanxi_048,english,What kind of readers will probably like reading More Things ,ENG-G0-207,Unit 4 Wildlife protection,0.053,ENG-G0-227,Unit 4 Global warming,0.038,ENG-G0-215,Unit 2 Working the land,0.036,,,,
3177,english_2013_shaanxi_049,english,Which of the following books explores the origin of humans? ,ENG-G0-215,Unit 2 Working the land,0.056,ENG-G0-229,Unit 1 Living well,0.040,ENG-G0-220,Unit 2 The United Kingdom,0.038,,,,
3178,english_2013_shaanxi_050,english,The author had to hitch a ride one day in 1978 because _____,ENG-G0-221,Unit 3 Life in the future,0.073,ENG-G0-218,Unit 5 Theme parks,0.061,ENG-G0-231,Unit 3 Under the sea,0.061,,,,
3180,english_2013_shaanxi_052,english,The reason why the author offered a lift to the elderly man ,ENG-G0-221,Unit 3 Life in the future,0.075,ENG-G0-218,Unit 5 Theme parks,0.064,ENG-G0-231,Unit 3 Under the sea,0.064,,,,
3181,english_2013_shaanxi_053,english,What does the author want to tell the readers through the st,ENG-G0-209,Unit 1 Festivals around the world,0.048,ENG-G0-229,Unit 1 Living well,0.041,ENG-G0-210,Unit 2 Healthy eating,0.038,,,,
3183,english_2013_shaanxi_055,english,"According to the text, we know that __________.",ENG-G0-229,Unit 1 Living well,0.065,ENG-G0-215,Unit 2 Working the land,0.059,ENG-G0-214,Unit 1 Women of achievement,0.056,,,,
3185,english_2013_shaanxi_057,english,The teacher asked the author to his office ___________.,ENG-G0-218,Unit 5 Theme parks,0.063,ENG-G0-231,Unit 3 Under the sea,0.063,ENG-G0-220,Unit 2 The United Kingdom,0.059,,,,
3187,english_2013_shaanxi_059,english,The author’s attitude towards being bilingual may best be de,ENG-G0-239,Unit 2 Sailing the oceans,0.113,ENG-G0-231,Unit 3 Under the sea,0.083,ENG-G0-220,Unit 2 The United Kingdom,0.078,,,,
3188,english_2013_shaanxi_060,english,This text is likely to selected from a book of __________. 第,ENG-G0-220,Unit 2 The United Kingdom,0.058,ENG-G0-218,Unit 5 Theme parks,0.040,ENG-G0-231,Unit 3 Under the sea,0.040,,,,
3194,english_2013_shaanxi_066,english,The students are required to ________________（复述）the story a,ENG-G0-231,Unit 3 Under the sea,0.073,ENG-G0-218,Unit 5 Theme parks,0.073,ENG-G0-209,Unit 1 Festivals around the world,0.073,,,,
3195,english_2013_shaanxi_067,english,"In ______________（三月）, the weather begins to get warmer in n",ENG-G0-221,Unit 3 Life in the future,0.176,ENG-G0-218,Unit 5 Theme parks,0.100,ENG-G0-231,Unit 3 Under the sea,0.100,,,,
3196,english_2013_shaanxi_068,english,"To _______（证明）his point, Professor Brown mentioned several o",ENG-G0-207,Unit 4 Wildlife protection,0.064,ENG-G0-218,Unit 5 Theme parks,0.050,ENG-G0-228,Unit 5 The power of nature,0.042,,,,
3197,english_2013_shaanxi_069,english,The little girl picked some grapes and put them into her ___,ENG-G0-215,Unit 2 Working the land,0.096,ENG-G0-205,Unit 2 The Olympic Games,0.074,ENG-G0-200,Unit 2 English around the world,0.066,,,,
3198,english_2013_shaanxi_070,english,They want to _____________（邀请）us to go over to their place a,ENG-G0-218,Unit 5 Theme parks,0.125,ENG-G0-231,Unit 3 Under the sea,0.125,ENG-G0-220,Unit 2 The United Kingdom,0.114,,,,
3199,english_2013_shaanxi_071,english,Fewer than a thousand ______________（大熊猫）still live in the w,ENG-G0-209,Unit 1 Festivals around the world,0.060,ENG-G0-215,Unit 2 Working the land,0.049,ENG-G0-236,Unit 3 Inventors and inventions,0.047,,,,
3200,english_2013_shaanxi_072,english,Such a blood pressure is _____________（正常的）for a person of h,ENG-G0-232,Unit 4 Sharing,0.029,ENG-G0-231,Unit 3 Under the sea,0.026,ENG-G0-219,Unit 1 Great scientists,0.023,,,,
3201,english_2013_shaanxi_073,english,I’ve got a good sense of ______________（平衡）and learnt to ski,ENG-G0-236,Unit 3 Inventors and inventions,0.022,ENG-G0-221,Unit 3 Life in the future,0.022,ENG-G0-240,Unit 5 Inside advertising,0.022,,,,
3202,english_2013_shaanxi_074,english,The boy looked at his father ________（满怀希望地）because he thoug,ENG-G0-231,Unit 3 Under the sea,0.108,ENG-G0-228,Unit 5 The power of nature,0.089,ENG-G0-218,Unit 5 Theme parks,0.079,,,,
3203,english_2013_shaanxi_075,english,These measures are strongly ______________（支持）by environment,ENG-G0-218,Unit 5 Theme parks,0.103,ENG-G0-221,Unit 3 Life in the future,0.087,ENG-G0-228,Unit 5 The power of nature,0.085,,,,
3204,english_2014_shaanxi_001,english,词数不少于100；,ENG-G0-224,Unit 1 Art,0.071,ENG-G0-199,Unit 1 Friendship,0.048,ENG-G0-229,Unit 1 Living well,0.045,,,,
3210,english_2014_shaanxi_002,english,介绍此项活动（如活动目的、内容等）；,ENG-G0-212,Unit 4,,ENG-G0-213,Unit 5,,ENG-G0-211,Unit 3 The Million Pound Bank Note,,,,,
3217,english_2014_shaanxi_003,english,642,ENG-G0-212,Unit 4,,ENG-G0-213,Unit 5,,ENG-G0-211,Unit 3 The Million Pound Bank Note,,,,,
3224,english_2014_shaanxi_004,english,Samoa 88.40,ENG-G0-232,Unit 4 Sharing,0.083,ENG-G0-212,Unit 4,0.059,ENG-G0-239,Unit 2 Sailing the oceans,0.057,,,,
3228,english_2014_shaanxi_005,english,Palau 87.61,ENG-G0-218,Unit 5 Theme parks,0.071,ENG-G0-225,Unit 2 Poems,0.043,ENG-G0-237,Unit 4 Pygmalion,0.037,,,,
3232,english_2014_shaanxi_011,english,— I got that job I wanted at the public library. — _________,ENG-G0-220,Unit 2 The United Kingdom,0.039,ENG-G0-221,Unit 3 Life in the future,0.036,ENG-G0-218,Unit 5 Theme parks,0.020,,,,
3233,english_2014_shaanxi_012,english,It’s quite hot today. Do you feel like _________ for a swim?,ENG-G0-233,Unit 5 Travelling abroad,0.056,ENG-G0-232,Unit 4 Sharing,0.044,ENG-G0-229,Unit 1 Living well,0.041,,,,
3234,english_2014_shaanxi_013,english,Please send us all the information _________ you have about ,ENG-G0-207,Unit 4 Wildlife protection,0.075,ENG-G0-237,Unit 4 Pygmalion,0.068,ENG-G0-211,Unit 3 The Million Pound Bank Note,0.066,,,,
3235,english_2014_shaanxi_014,english,The Scottish girl ________ blue eyes won the first prize in ,ENG-G0-200,Unit 2 English around the world,0.074,ENG-G0-218,Unit 5 Theme parks,0.071,ENG-G0-231,Unit 3 Under the sea,0.071,,,,
3236,english_2014_shaanxi_015,english,________ the delayed flight will take off depends much on th,ENG-G0-231,Unit 3 Under the sea,0.073,ENG-G0-218,Unit 5 Theme parks,0.073,ENG-G0-211,Unit 3 The Million Pound Bank Note,0.071,,,,
3238,english_2014_shaanxi_017,english,No sooner ________ stepped on the stage than the audience br,ENG-G0-231,Unit 3 Under the sea,0.071,ENG-G0-228,Unit 5 The power of nature,0.060,ENG-G0-211,Unit 3 The Million Pound Bank Note,0.052,,,,
3239,english_2014_shaanxi_018,english,Ralph W. Emerson would always ______ new ideas that occurred,ENG-G0-204,Unit 1 Cultural relics,0.041,ENG-G0-203,Unit 5 Nelson Mandela-a modern hero,0.033,ENG-G0-230,Unit 2 Robots,0.024,,,,
3240,english_2014_shaanxi_019,english,________ village where I was born has grown into ________ to,ENG-G0-217,Unit 4 Body language,0.022,ENG-G0-211,Unit 3 The Million Pound Bank Note,0.017,ENG-G0-203,Unit 5 Nelson Mandela-a modern hero,0.017,,,,
3241,english_2014_shaanxi_020,english,"________ the difficult math problem, I have consulted Profes",ENG-G0-218,Unit 5 Theme parks,0.075,ENG-G0-231,Unit 3 Under the sea,0.075,ENG-G0-220,Unit 2 The United Kingdom,0.070,,,,
3242,english_2014_shaanxi_021,english,I’d appreciate ________ if you could let me know in advance ,ENG-G0-221,Unit 3 Life in the future,0.020,ENG-G0-236,Unit 3 Inventors and inventions,0.020,ENG-G0-240,Unit 5 Inside advertising,0.020,,,,
3243,english_2014_shaanxi_022,english,47,ENG-G0-212,Unit 4,0.111,ENG-G0-232,Unit 4 Sharing,0.059,ENG-G0-237,Unit 4 Pygmalion,0.053,,,,
3245,english_2014_shaanxi_023,english,"We would rather our daughter ________ at home with us, but i",ENG-G0-200,Unit 2 English around the world,0.056,ENG-G0-209,Unit 1 Festivals around the world,0.054,ENG-G0-229,Unit 1 Living well,0.048,,,,
3246,english_2014_shaanxi_024,english,"The young couple, who returned my lost wallet, left _______ ",ENG-G0-200,Unit 2 English around the world,0.083,ENG-G0-209,Unit 1 Festivals around the world,0.081,ENG-G0-215,Unit 2 Working the land,0.075,,,,
3248,english_2014_shaanxi_026,english,A. leaving B. driving C. moving D. stopping,ENG-G0-241,Unit 2 King Lear,0.095,ENG-G0-229,Unit 1 Living well,0.091,ENG-G0-234,Unit 1 A land of diversity,0.077,,,,
3249,english_2014_shaanxi_027,english,A. injured B. awkward C. honest D. elderly,ENG-G0-240,Unit 5 Inside advertising,0.074,ENG-G0-226,Unit 3 A healthy life,0.059,ENG-G0-221,Unit 3 Life in the future,0.055,,,,
3252,english_2014_shaanxi_030,english,A. If B. Since C. While D. Unless,ENG-G0-240,Unit 5 Inside advertising,0.104,ENG-G0-226,Unit 3 A healthy life,0.089,ENG-G0-224,Unit 1 Art,0.086,,,,
3254,english_2014_shaanxi_031,english,A. guilty B. curious C. angry D. worried,ENG-G0-200,Unit 2 English around the world,0.067,ENG-G0-209,Unit 1 Festivals around the world,0.065,ENG-G0-215,Unit 2 Working the land,0.057,,,,
3255,english_2014_shaanxi_032,english,A. complained B. said C. lied D. responded,ENG-G0-206,Unit 3 Computers,0.087,ENG-G0-226,Unit 3 A healthy life,0.078,ENG-G0-204,Unit 1 Cultural relics,0.057,,,,
3256,english_2014_shaanxi_033,english,A. no one B. someone C. everyone D. anyone,ENG-G0-234,Unit 1 A land of diversity,0.056,ENG-G0-214,Unit 1 Women of achievement,0.056,ENG-G0-203,Unit 5 Nelson Mandela-a modern hero,0.048,,,,
3257,english_2014_shaanxi_034,english,A. lend B. bring C. leave D. buy,ENG-G0-241,Unit 2 King Lear,0.111,ENG-G0-226,Unit 3 A healthy life,0.071,ENG-G0-233,Unit 5 Travelling abroad,0.067,,,,
3258,english_2014_shaanxi_035,english,A. amazed B. shocked C. puzzled D. concerned,ENG-G0-232,Unit 4 Sharing,0.044,ENG-G0-206,Unit 3 Computers,0.043,ENG-G0-226,Unit 3 A healthy life,0.038,,,,
3259,english_2014_shaanxi_036,english,A. wise B. sweet C. innocent D. crazy,ENG-G0-236,Unit 3 Inventors and inventions,0.075,ENG-G0-240,Unit 5 Inside advertising,0.056,ENG-G0-214,Unit 1 Women of achievement,0.055,,,,
3260,english_2014_shaanxi_037,english,A. which B. when C. what D. whether,ENG-G0-200,Unit 2 English around the world,0.059,ENG-G0-209,Unit 1 Festivals around the world,0.057,ENG-G0-203,Unit 5 Nelson Mandela-a modern hero,0.056,,,,
3261,english_2014_shaanxi_038,english,A. must not B. can’t C. may not D. needn’t,ENG-G0-222,Unit 4 Making the news,0.104,ENG-G0-203,Unit 5 Nelson Mandela-a modern hero,0.102,ENG-G0-208,Unit 5 Music,0.075,,,,
3262,english_2014_shaanxi_039,english,A. scene B. habit C. flower D. deed,ENG-G0-226,Unit 3 A healthy life,0.063,ENG-G0-234,Unit 1 A land of diversity,0.057,ENG-G0-203,Unit 5 Nelson Mandela-a modern hero,0.049,,,,
3263,english_2014_shaanxi_040,english,A. checking with B. looking after C. operating on D. paying ,ENG-G0-234,Unit 1 A land of diversity,0.074,ENG-G0-241,Unit 2 King Lear,0.067,ENG-G0-226,Unit 3 A healthy life,0.060,,,,
3264,english_2014_shaanxi_041,english,A. from B. to C. with D. about,ENG-G0-209,Unit 1 Festivals around the world,0.075,ENG-G0-233,Unit 5 Travelling abroad,0.067,ENG-G0-200,Unit 2 English around the world,0.058,,,,
3265,english_2014_shaanxi_042,english,A. respectful B. cheerful C. successful D. wonderful,ENG-G0-204,Unit 1 Cultural relics,0.058,ENG-G0-226,Unit 3 A healthy life,0.038,ENG-G0-234,Unit 1 A land of diversity,0.035,,,,
3266,english_2014_shaanxi_043,english,A. Out of B. Regardless of C. Thanks to D. As to,ENG-G0-205,Unit 2 The Olympic Games,0.055,ENG-G0-239,Unit 2 Sailing the oceans,0.054,ENG-G0-228,Unit 5 The power of nature,0.053,,,,
3267,english_2014_shaanxi_044,english,A. love B. hope C. pity D. pain,ENG-G0-226,Unit 3 A healthy life,0.095,ENG-G0-234,Unit 1 A land of diversity,0.085,ENG-G0-203,Unit 5 Nelson Mandela-a modern hero,0.054,,,,
3268,english_2014_shaanxi_045,english,A. idea B. money C. smile D. comfort 第二部分：阅读理解（共两节，满分40分） 第一,ENG-G0-206,Unit 3 Computers,0.068,ENG-G0-203,Unit 5 Nelson Mandela-a modern hero,0.066,ENG-G0-240,Unit 5 Inside advertising,0.057,,,,
3269,english_2014_shaanxi_046,english,"According to the statistics, what is the world average of fr",ENG-G0-209,Unit 1 Festivals around the world,0.085,ENG-G0-215,Unit 2 Working the land,0.059,ENG-G0-240,Unit 5 Inside advertising,0.057,,,,
3270,english_2014_shaanxi_047,english,Which country or region has the most freshwater resource per,ENG-G0-200,Unit 2 English around the world,0.048,ENG-G0-209,Unit 1 Festivals around the world,0.047,ENG-G0-211,Unit 3 The Million Pound Bank Note,0.046,,,,
3273,english_2014_shaanxi_050,english,Which of the following might explain the fact that the manus,ENG-G0-215,Unit 2 Working the land,0.056,ENG-G0-229,Unit 1 Living well,0.040,ENG-G0-220,Unit 2 The United Kingdom,0.038,,,,
3276,english_2014_shaanxi_053,english,In what way are the French different from Americans accordin,ENG-G0-221,Unit 3 Life in the future,0.055,ENG-G0-236,Unit 3 Inventors and inventions,0.055,ENG-G0-240,Unit 5 Inside advertising,0.036,,,,
3277,english_2014_shaanxi_054,english,This text is mainly the relationship between _________.,ENG-G0-211,Unit 3 The Million Pound Bank Note,0.063,ENG-G0-218,Unit 5 Theme parks,0.061,ENG-G0-231,Unit 3 Under the sea,0.061,,,,
3278,english_2014_shaanxi_055,english,The text is mainly developed __________.,ENG-G0-220,Unit 2 The United Kingdom,0.093,ENG-G0-218,Unit 5 Theme parks,0.073,ENG-G0-231,Unit 3 Under the sea,0.073,,,,
3281,english_2014_shaanxi_058,english,Sports day is still an annul event in this school probably b,ENG-G0-219,Unit 1 Great scientists,0.056,ENG-G0-236,Unit 3 Inventors and inventions,0.054,ENG-G0-214,Unit 1 Women of achievement,0.034,,,,
3282,english_2014_shaanxi_059,english,What does the author think about team games?,ENG-G0-209,Unit 1 Festivals around the world,0.047,ENG-G0-215,Unit 2 Working the land,0.036,ENG-G0-200,Unit 2 English around the world,0.032,,,,
3283,english_2014_shaanxi_060,english,What is the author’s attitude towards sports day? 第二节 （共5小题；,ENG-G0-219,Unit 1 Great scientists,0.056,ENG-G0-239,Unit 2 Sailing the oceans,0.054,ENG-G0-231,Unit 3 Under the sea,0.040,,,,
3288,english_2014_shaanxi_065,english,"__________________ For many poorer countries, tourism may st",ENG-G0-223,Unit 5 First aid,0.032,ENG-G0-199,Unit 1 Friendship,0.031,ENG-G0-221,Unit 3 Life in the future,0.025,,,,
3289,english_2014_shaanxi_066,english,The first few weeks of this __________________（春天）were unusu,ENG-G0-223,Unit 5 First aid,0.081,ENG-G0-218,Unit 5 Theme parks,0.077,ENG-G0-231,Unit 3 Under the sea,0.077,,,,
3290,english_2014_shaanxi_067,english,"Take the lift to the __________________（第十）floor, and you wi",ENG-G0-221,Unit 3 Life in the future,0.105,ENG-G0-231,Unit 3 Under the sea,0.094,ENG-G0-220,Unit 2 The United Kingdom,0.086,,,,
3291,english_2014_shaanxi_068,english,"We can eat out if you like, but I would __________________（更",ENG-G0-229,Unit 1 Living well,0.043,ENG-G0-200,Unit 2 English around the world,0.034,ENG-G0-209,Unit 1 Festivals around the world,0.033,,,,
3295,english_2014_shaanxi_072,english,"They failed to reach a settlement, because they ____________",ENG-G0-214,Unit 1 Women of achievement,0.091,ENG-G0-218,Unit 5 Theme parks,0.083,ENG-G0-239,Unit 2 Sailing the oceans,0.073,,,,
3296,english_2014_shaanxi_073,english,Men and Women must be treated __________________（平等地）in educ,ENG-G0-214,Unit 1 Women of achievement,0.063,ENG-G0-208,Unit 5 Music,0.057,ENG-G0-220,Unit 2 The United Kingdom,0.045,,,,
3299,english_2014_shaanxi_090,english,"15 Freshwater resource, cubic kilometers per person（2011） WO",ENG-G0-204,Unit 1 Cultural relics,0.058,ENG-G0-206,Unit 3 Computers,0.043,ENG-G0-214,Unit 1 Women of achievement,0.035,,,,
3300,english_2014_shaanxi_094,english,58 REST OF TOP 5,ENG-G0-238,Unit 5 Meeting your ancestors,0.075,ENG-G0-213,Unit 5,0.053,ENG-G0-208,Unit 5 Music,0.040,,,,
3301,english_2014_shaanxi_102,english,"CHINA 2,092",ENG-G0-235,Unit 2 Cloning,0.040,ENG-G0-206,Unit 3 Computers,0.037,ENG-G0-204,Unit 1 Cultural relics,0.030,,,,
3302,english_2014_shaanxi_123,english,CHINA,ENG-G0-235,Unit 2 Cloning,0.050,ENG-G0-206,Unit 3 Computers,0.045,ENG-G0-204,Unit 1 Cultural relics,0.036,,,,
3303,english_2015_anhui_001,english,词数120左右；,ENG-G0-224,Unit 1 Art,0.071,ENG-G0-199,Unit 1 Friendship,0.048,ENG-G0-229,Unit 1 Living well,0.045,,,,
3306,english_2015_anhui_002,english,What does the woman think of the weather?,ENG-G0-209,Unit 1 Festivals around the world,0.067,ENG-G0-215,Unit 2 Working the land,0.059,ENG-G0-200,Unit 2 English around the world,0.051,,,,
3309,english_2015_anhui_003,english,想提的问题。 注意：,ENG-G0-212,Unit 4,,ENG-G0-213,Unit 5,,ENG-G0-211,Unit 3 The Million Pound Bank Note,,,,,
3312,english_2015_anhui_004,english,What is the woman’s opinion about the course?,ENG-G0-219,Unit 1 Great scientists,0.057,ENG-G0-231,Unit 3 Under the sea,0.041,ENG-G0-215,Unit 2 Working the land,0.037,,,,
3314,english_2015_anhui_005,english,What does the woman want the man to do? 第二节 (共15小题：每小题1. 5分，,ENG-G0-209,Unit 1 Festivals around the world,0.051,ENG-G0-218,Unit 5 Theme parks,0.044,ENG-G0-215,Unit 2 Working the land,0.040,,,,
3315,english_2015_anhui_006,english,How long did Michael stay in China?,ENG-G0-242,Unit 5Enjoying novels,0.041,ENG-G0-203,Unit 5 Nelson Mandela-a modern hero,0.032,ENG-G0-235,Unit 2 Cloning,0.023,,,,
3316,english_2015_anhui_007,english,Where did Michael go last year? 听第7段材料，回答第8、9题。,ENG-G0-241,Unit 2 King Lear,0.047,ENG-G0-229,Unit 1 Living well,0.022,ENG-G0-202,Unit 4 Earthquakes,0.022,,,,
3318,english_2015_anhui_009,english,What are the speakers going to do? 听第8段材料，回答第10至12题。[来源:学#科#,ENG-G0-215,Unit 2 Working the land,0.059,ENG-G0-229,Unit 1 Living well,0.043,ENG-G0-220,Unit 2 The United Kingdom,0.040,,,,
3319,english_2015_anhui_010,english,Where are the speakers?,ENG-G0-206,Unit 3 Computers,0.057,ENG-G0-202,Unit 4 Earthquakes,0.054,ENG-G0-215,Unit 2 Working the land,0.048,,,,
3320,english_2015_anhui_011,english,When is the report due?,ENG-G0-215,Unit 2 Working the land,0.049,ENG-G0-200,Unit 2 English around the world,0.041,ENG-G0-209,Unit 1 Festivals around the world,0.039,,,,
3321,english_2015_anhui_012,english,What does George suggest Stephanie do with the report? 听第9段材,ENG-G0-209,Unit 1 Festivals around the world,0.031,ENG-G0-229,Unit 1 Living well,0.020,ENG-G0-227,Unit 4 Global warming,0.019,,,,
3322,english_2015_anhui_013,english,What is the probable relationship between the speakers?,ENG-G0-207,Unit 4 Wildlife protection,0.073,ENG-G0-236,Unit 3 Inventors and inventions,0.055,ENG-G0-199,Unit 1 Friendship,0.042,,,,
3326,english_2015_anhui_017,english,What percentage of the world’s tea exports go to Britain?,ENG-G0-200,Unit 2 English around the world,0.102,ENG-G0-209,Unit 1 Festivals around the world,0.098,ENG-G0-215,Unit 2 Working the land,0.056,,,,
3327,english_2015_anhui_018,english,Why do tea tasters taste tea with milk?,ENG-G0-206,Unit 3 Computers,0.047,ENG-G0-207,Unit 4 Wildlife protection,0.038,ENG-G0-211,Unit 3 The Million Pound Bank Note,0.033,,,,
3328,english_2015_anhui_019,english,Who suggests a price for each tea?,ENG-G0-219,Unit 1 Great scientists,0.040,ENG-G0-214,Unit 1 Women of achievement,0.038,ENG-G0-209,Unit 1 Festivals around the world,0.033,,,,
3329,english_2015_anhui_020,english,What is the speaker talking about? 第二部分 英语知识运用（共两节，满分45分） 单项,ENG-G0-215,Unit 2 Working the land,0.082,ENG-G0-220,Unit 2 The United Kingdom,0.063,ENG-G0-222,Unit 4 Making the news,0.061,,,,
3333,english_2015_anhui_024,english,"Just as I got to the school gate, I realized I ______ my boo",ENG-G0-221,Unit 3 Life in the future,0.035,ENG-G0-211,Unit 3 The Million Pound Bank Note,0.030,ENG-G0-237,Unit 4 Pygmalion,0.020,,,,
3334,english_2015_anhui_025,english,"A ship in harbor is safe, but that’s not ______ ships are bu",ENG-G0-232,Unit 4 Sharing,0.043,ENG-G0-199,Unit 1 Friendship,0.041,ENG-G0-226,Unit 3 A healthy life,0.038,,,,
3337,english_2015_anhui_028,english,Some experts think reading is the fundamental skill upon____,ENG-G0-231,Unit 3 Under the sea,0.063,ENG-G0-215,Unit 2 Working the land,0.057,ENG-G0-219,Unit 1 Great scientists,0.057,,,,
3338,english_2015_anhui_029,english,It is reported that a space station ______ on the moon in ye,ENG-G0-236,Unit 3 Inventors and inventions,0.057,ENG-G0-207,Unit 4 Wildlife protection,0.056,ENG-G0-237,Unit 4 Pygmalion,0.044,,,,
3339,english_2015_anhui_030,english,There is no need to tell me your answer now. Give it some __,ENG-G0-239,Unit 2 Sailing the oceans,0.073,ENG-G0-228,Unit 5 The power of nature,0.071,ENG-G0-211,Unit 3 The Million Pound Bank Note,0.063,,,,
3340,english_2015_anhui_031,english,They gave money to the old people’s home either ______ or th,ENG-G0-231,Unit 3 Under the sea,0.085,ENG-G0-220,Unit 2 The United Kingdom,0.080,ENG-G0-239,Unit 2 Sailing the oceans,0.074,,,,
3343,english_2015_anhui_034,english,"______ he once felt like giving up, he now has the determina",ENG-G0-229,Unit 1 Living well,0.073,ENG-G0-210,Unit 2 Healthy eating,0.068,ENG-G0-226,Unit 3 A healthy life,0.044,,,,
3345,english_2015_anhui_036,english,A. key B. reason C. project D. problem,ENG-G0-207,Unit 4 Wildlife protection,0.077,ENG-G0-203,Unit 5 Nelson Mandela-a modern hero,0.049,ENG-G0-230,Unit 2 Robots,0.049,,,,
3346,english_2015_anhui_037,english,A. gifts B. rubbish C. debt D. products,ENG-G0-234,Unit 1 A land of diversity,0.053,ENG-G0-207,Unit 4 Wildlife protection,0.053,ENG-G0-230,Unit 2 Robots,0.044,,,,
3347,english_2015_anhui_038,english,A. face B. become C. observe D. change,ENG-G0-217,Unit 4 Body language,0.060,ENG-G0-214,Unit 1 Women of achievement,0.054,ENG-G0-234,Unit 1 A land of diversity,0.054,,,,
3348,english_2015_anhui_039,english,A. hide B. control C. replace D. withdraw,ENG-G0-226,Unit 3 A healthy life,0.058,ENG-G0-204,Unit 1 Cultural relics,0.057,ENG-G0-203,Unit 5 Nelson Mandela-a modern hero,0.046,,,,
3349,english_2015_anhui_040,english,A. Thanks to B. As to C. Except for D. Regardless of,ENG-G0-200,Unit 2 English around the world,0.068,ENG-G0-209,Unit 1 Festivals around the world,0.048,ENG-G0-211,Unit 3 The Million Pound Bank Note,0.048,,,,
3350,english_2015_anhui_041,english,A. safe B. funny C. cheap D. powerful,ENG-G0-228,Unit 5 The power of nature,0.094,ENG-G0-226,Unit 3 A healthy life,0.060,ENG-G0-225,Unit 2 Poems,0.048,,,,
3351,english_2015_anhui_042,english,A. love B. lack C. prevention D. division,ENG-G0-234,Unit 1 A land of diversity,0.157,ENG-G0-236,Unit 3 Inventors and inventions,0.137,ENG-G0-207,Unit 4 Wildlife protection,0.073,,,,
3352,english_2015_anhui_043,english,A. sensitive B. kind C. brave D. busy,ENG-G0-220,Unit 2 The United Kingdom,0.083,ENG-G0-234,Unit 1 A land of diversity,0.075,ENG-G0-241,Unit 2 King Lear,0.068,,,,
3355,english_2015_anhui_046,english,A. adapts B. returns C. responds D. contributes,ENG-G0-204,Unit 1 Cultural relics,0.082,ENG-G0-203,Unit 5 Nelson Mandela-a modern hero,0.048,ENG-G0-206,Unit 3 Computers,0.044,,,,
3356,english_2015_anhui_047,english,A. tired of B. addicted to C. worried about D. ashamed for,ENG-G0-200,Unit 2 English around the world,0.085,ENG-G0-209,Unit 1 Festivals around the world,0.082,ENG-G0-215,Unit 2 Working the land,0.077,,,,
3357,english_2015_anhui_048,english,A. newer B. stronger C. higher D. larger,ENG-G0-203,Unit 5 Nelson Mandela-a modern hero,0.097,ENG-G0-226,Unit 3 A healthy life,0.078,ENG-G0-234,Unit 1 A land of diversity,0.071,,,,
3358,english_2015_anhui_049,english,A. pick up B. pay for C. hold onto D. throw away,ENG-G0-218,Unit 5 Theme parks,0.085,ENG-G0-203,Unit 5 Nelson Mandela-a modern hero,0.063,ENG-G0-226,Unit 3 A healthy life,0.059,,,,
3359,english_2015_anhui_050,english,A. advantages B. purposes C. functions D. consequences,ENG-G0-207,Unit 4 Wildlife protection,0.093,ENG-G0-237,Unit 4 Pygmalion,0.065,ENG-G0-236,Unit 3 Inventors and inventions,0.055,,,,
3360,english_2015_anhui_051,english,A. show B. record C. decrease D. measure,ENG-G0-238,Unit 5 Meeting your ancestors,0.069,ENG-G0-234,Unit 1 A land of diversity,0.054,ENG-G0-203,Unit 5 Nelson Mandela-a modern hero,0.047,,,,
3361,english_2015_anhui_052,english,A. technology B. environment C. consumers D. brands,ENG-G0-200,Unit 2 English around the world,0.066,ENG-G0-236,Unit 3 Inventors and inventions,0.054,ENG-G0-214,Unit 1 Women of achievement,0.053,,,,
3362,english_2015_anhui_053,english,A. However B. Otherwise C. Therefore D. Meanwhile,ENG-G0-228,Unit 5 The power of nature,0.094,ENG-G0-220,Unit 2 The United Kingdom,0.082,ENG-G0-205,Unit 2 The Olympic Games,0.077,,,,
3363,english_2015_anhui_054,english,A. by B. in favour of C. after D. instead of,ENG-G0-240,Unit 5 Inside advertising,0.077,ENG-G0-236,Unit 3 Inventors and inventions,0.057,ENG-G0-226,Unit 3 A healthy life,0.040,,,,
3365,english_2015_anhui_056,english,Nearpod can be used to ____________.,ENG-G0-222,Unit 4 Making the news,0.050,ENG-G0-203,Unit 5 Nelson Mandela-a modern hero,0.038,ENG-G0-241,Unit 2 King Lear,0.029,,,,
3366,english_2015_anhui_057,english,"If you want to improve your speaking skills, you can go to _",ENG-G0-222,Unit 4 Making the news,0.058,ENG-G0-238,Unit 5 Meeting your ancestors,0.051,ENG-G0-241,Unit 2 King Lear,0.043,,,,
3367,english_2015_anhui_058,english,Which of the following can assess your grammar learning?,ENG-G0-238,Unit 5 Meeting your ancestors,0.068,ENG-G0-215,Unit 2 Working the land,0.056,ENG-G0-229,Unit 1 Living well,0.040,,,,
3369,english_2015_anhui_060,english,Helene tied several chopsticks together to show ____________,ENG-G0-210,Unit 2 Healthy eating,0.038,ENG-G0-226,Unit 3 A healthy life,0.038,ENG-G0-238,Unit 5 Meeting your ancestors,0.033,,,,
3371,english_2015_anhui_062,english,What can we infer about the An daughters?,ENG-G0-215,Unit 2 Working the land,0.056,ENG-G0-231,Unit 3 Under the sea,0.040,ENG-G0-239,Unit 2 Sailing the oceans,0.035,,,,
3373,english_2015_anhui_064,english,The passage begins with two questions to ____________.,ENG-G0-209,Unit 1 Festivals around the world,0.081,ENG-G0-236,Unit 3 Inventors and inventions,0.073,ENG-G0-239,Unit 2 Sailing the oceans,0.073,,,,
3374,english_2015_anhui_065,english,What can we learn about the first experiment?,ENG-G0-223,Unit 5 First aid,0.064,ENG-G0-241,Unit 2 King Lear,0.042,ENG-G0-229,Unit 1 Living well,0.040,,,,
3375,english_2015_anhui_066,english,"In transactive memory, people ____________.",ENG-G0-218,Unit 5 Theme parks,0.045,ENG-G0-221,Unit 3 Life in the future,0.039,ENG-G0-236,Unit 3 Inventors and inventions,0.039,,,,
3377,english_2015_anhui_068,english,We can learn from the passage that ants are ____________.,ENG-G0-241,Unit 2 King Lear,0.042,ENG-G0-229,Unit 1 Living well,0.040,ENG-G0-215,Unit 2 Working the land,0.036,,,,
3378,english_2015_anhui_069,english,Ants can use pheromones for ____________.,ENG-G0-203,Unit 5 Nelson Mandela-a modern hero,0.054,ENG-G0-236,Unit 3 Inventors and inventions,0.042,ENG-G0-238,Unit 5 Meeting your ancestors,0.038,,,,
3382,english_2015_anhui_073,english,What does the coin in vasilopita signify for its receiver in,ENG-G0-209,Unit 1 Festivals around the world,0.048,ENG-G0-215,Unit 2 Working the land,0.037,ENG-G0-200,Unit 2 English around the world,0.032,,,,
3388,english_2016_sichuan_002,english,题目已为你写好；,ENG-G0-212,Unit 4,,ENG-G0-213,Unit 5,,ENG-G0-211,Unit 3 The Million Pound Bank Note,,,,,
3390,english_2016_sichuan_003,english,行文连贯，语篇完整；,ENG-G0-212,Unit 4,,ENG-G0-213,Unit 5,,ENG-G0-211,Unit 3 The Million Pound Bank Note,,,,,
3391,english_2016_sichuan_004,english,文中不得透露个人真实信息。,ENG-G0-212,Unit 4,,ENG-G0-213,Unit 5,,ENG-G0-211,Unit 3 The Million Pound Bank Note,,,,,
3392,english_2016_sichuan_006,english,What time is it now?A. 1:45. B. 2:10. C. 2:15. 7. What will ,ENG-G0-234,Unit 1 A land of diversity,0.094,ENG-G0-224,Unit 1 Art,0.077,ENG-G0-214,Unit 1 Women of achievement,0.074,,,,
3393,english_2016_sichuan_008,english,What are the speakers talking about?,ENG-G0-215,Unit 2 Working the land,0.078,ENG-G0-220,Unit 2 The United Kingdom,0.060,ENG-G0-222,Unit 4 Making the news,0.059,,,,
3394,english_2016_sichuan_009,english,What is the relationship between the speakers?,ENG-G0-236,Unit 3 Inventors and inventions,0.075,ENG-G0-219,Unit 1 Great scientists,0.058,ENG-G0-207,Unit 4 Wildlife protection,0.055,,,,
3396,english_2016_sichuan_011,english,Where was the man born ?,ENG-G0-203,Unit 5 Nelson Mandela-a modern hero,0.059,ENG-G0-218,Unit 5 Theme parks,0.056,ENG-G0-215,Unit 2 Working the land,0.049,,,,
3397,english_2016_sichuan_012,english,What did the man like doing when he was a child?,ENG-G0-215,Unit 2 Working the land,0.056,ENG-G0-218,Unit 5 Theme parks,0.040,ENG-G0-229,Unit 1 Living well,0.040,,,,
3398,english_2016_sichuan_013,english,What inspires the man most in his work? 请听第9段材料，回答第14至17题。,ENG-G0-209,Unit 1 Festivals around the world,0.083,ENG-G0-215,Unit 2 Working the land,0.078,ENG-G0-200,Unit 2 English around the world,0.050,,,,
3399,english_2016_sichuan_014,english,Why is Dorothy going to Europe?,ENG-G0-229,Unit 1 Living well,0.047,ENG-G0-227,Unit 4 Global warming,0.043,ENG-G0-210,Unit 2 Healthy eating,0.043,,,,
3400,english_2016_sichuan_015,english,How long will Dorothy stay in Europe?,ENG-G0-226,Unit 3 A healthy life,0.039,ENG-G0-210,Unit 2 Healthy eating,0.039,ENG-G0-207,Unit 4 Wildlife protection,0.036,,,,
3402,english_2016_sichuan_017,english,What does Bill offer to do for Dorothy? 请听第10段材料，回答第18至20题。,ENG-G0-210,Unit 2 Healthy eating,0.038,ENG-G0-226,Unit 3 A healthy life,0.038,ENG-G0-207,Unit 4 Wildlife protection,0.035,,,,
3403,english_2016_sichuan_018,english,What are the tourists advised to do when touring London?,ENG-G0-215,Unit 2 Working the land,0.056,ENG-G0-200,Unit 2 English around the world,0.048,ENG-G0-209,Unit 1 Festivals around the world,0.047,,,,
3404,english_2016_sichuan_019,english,What will the tourists do in fifteen minutes?,ENG-G0-219,Unit 1 Great scientists,0.036,ENG-G0-215,Unit 2 Working the land,0.036,ENG-G0-207,Unit 4 Wildlife protection,0.034,,,,
3407,english_2016_sichuan_022,english,Who is more likely to get job?,ENG-G0-204,Unit 1 Cultural relics,0.044,ENG-G0-229,Unit 1 Living well,0.024,ENG-G0-227,Unit 4 Global warming,0.022,,,,
3410,english_2016_sichuan_025,english,Why does the author say they are inspired every day?,ENG-G0-209,Unit 1 Festivals around the world,0.048,ENG-G0-215,Unit 2 Working the land,0.037,ENG-G0-238,Unit 5 Meeting your ancestors,0.033,,,,
3413,english_2016_sichuan_028,english,Why does the author feel surprised about the indigenous peop,ENG-G0-209,Unit 1 Festivals around the world,0.047,ENG-G0-215,Unit 2 Working the land,0.036,ENG-G0-200,Unit 2 English around the world,0.032,,,,
3414,english_2016_sichuan_029,english,Gin introduced the special world of the indigenous Guianese ,ENG-G0-200,Unit 2 English around the world,0.066,ENG-G0-209,Unit 1 Festivals around the world,0.063,ENG-G0-215,Unit 2 Working the land,0.036,,,,
3415,english_2016_sichuan_030,english,What is Gin’s attitude towards the lives of the indigenous G,ENG-G0-239,Unit 2 Sailing the oceans,0.054,ENG-G0-229,Unit 1 Living well,0.040,ENG-G0-231,Unit 3 Under the sea,0.040,,,,
3417,english_2016_sichuan_032,english,"According to the text, the mice fed with daytime milk_______",ENG-G0-218,Unit 5 Theme parks,0.109,ENG-G0-220,Unit 2 The United Kingdom,0.102,ENG-G0-222,Unit 4 Making the news,0.100,,,,
3418,english_2016_sichuan_033,english,Which of the following is true of melatonin according to the,ENG-G0-215,Unit 2 Working the land,0.056,ENG-G0-229,Unit 1 Living well,0.040,ENG-G0-220,Unit 2 The United Kingdom,0.038,,,,
3419,english_2016_sichuan_034,english,What can be a suitable title for the text?,ENG-G0-215,Unit 2 Working the land,0.036,ENG-G0-200,Unit 2 English around the world,0.032,ENG-G0-209,Unit 1 Festivals around the world,0.031,,,,
3421,english_2016_sichuan_041,english,A．Within B.on C.to D. above,ENG-G0-233,Unit 5 Travelling abroad,0.067,ENG-G0-214,Unit 1 Women of achievement,0.064,ENG-G0-234,Unit 1 A land of diversity,0.064,,,,
3423,english_2016_sichuan_043,english,A．Opend B.dried C.rolled D.shaded,ENG-G0-234,Unit 1 A land of diversity,0.074,ENG-G0-232,Unit 4 Sharing,0.070,ENG-G0-230,Unit 2 Robots,0.047,,,,
3424,english_2016_sichuan_044,english,A．Even B.Still C. Just D.Yet,ENG-G0-226,Unit 3 A healthy life,0.044,ENG-G0-236,Unit 3 Inventors and inventions,0.041,ENG-G0-214,Unit 1 Women of achievement,0.040,,,,
3425,english_2016_sichuan_045,english,A．Surpriesd B.annoyed C. puzzled D.attracted.,ENG-G0-226,Unit 3 A healthy life,0.040,ENG-G0-236,Unit 3 Inventors and inventions,0.037,ENG-G0-234,Unit 1 A land of diversity,0.036,,,,
3426,english_2016_sichuan_046,english,A．Read B.told C.listened D.wrote,ENG-G0-226,Unit 3 A healthy life,0.083,ENG-G0-200,Unit 2 English around the world,0.069,ENG-G0-229,Unit 1 Living well,0.065,,,,
3427,english_2016_sichuan_047,english,A．Suspectedly B.anxiously C.calmly D.enthusiastically,ENG-G0-226,Unit 3 A healthy life,0.038,ENG-G0-236,Unit 3 Inventors and inventions,0.036,ENG-G0-234,Unit 1 A land of diversity,0.035,,,,
3428,english_2016_sichuan_048,english,A．Amazing B.boring C.ridiculous D.conversations,ENG-G0-204,Unit 1 Cultural relics,0.059,ENG-G0-232,Unit 4 Sharing,0.045,ENG-G0-235,Unit 2 Cloning,0.045,,,,
3429,english_2016_sichuan_049,english,A．Pictures B.stories C. adventures D.conversations,ENG-G0-240,Unit 5 Inside advertising,0.078,ENG-G0-236,Unit 3 Inventors and inventions,0.078,ENG-G0-228,Unit 5 The power of nature,0.057,,,,
3430,english_2016_sichuan_050,english,A．Crazy B.foolish C. wrong D.different,ENG-G0-234,Unit 1 A land of diversity,0.071,ENG-G0-200,Unit 2 English around the world,0.066,ENG-G0-209,Unit 1 Festivals around the world,0.047,,,,
3431,english_2016_sichuan_051,english,A．See B. match C.show D.recognize,ENG-G0-203,Unit 5 Nelson Mandela-a modern hero,0.067,ENG-G0-232,Unit 4 Sharing,0.048,ENG-G0-231,Unit 3 Under the sea,0.043,,,,
3432,english_2016_sichuan_052,english,A．Sourly B.patiently C. eagerly D.shyly,ENG-G0-210,Unit 2 Healthy eating,0.060,ENG-G0-219,Unit 1 Great scientists,0.058,ENG-G0-200,Unit 2 English around the world,0.050,,,,
3433,english_2016_sichuan_053,english,A．Idea B.try C.belief D.behavior,ENG-G0-233,Unit 5 Travelling abroad,0.060,ENG-G0-240,Unit 5 Inside advertising,0.059,ENG-G0-226,Unit 3 A healthy life,0.042,,,,
3434,english_2016_sichuan_054,english,A．Away B.out C.in D.back,ENG-G0-236,Unit 3 Inventors and inventions,0.093,ENG-G0-234,Unit 1 A land of diversity,0.091,ENG-G0-240,Unit 5 Inside advertising,0.068,,,,
3435,english_2016_sichuan_055,english,A．Enjoy B.admit C. mind D.finish,ENG-G0-200,Unit 2 English around the world,0.091,ENG-G0-223,Unit 5 First aid,0.071,ENG-G0-242,Unit 5Enjoying novels,0.064,,,,
3436,english_2016_sichuan_056,english,A．Decisions B. requests C.comments D.promises,ENG-G0-236,Unit 3 Inventors and inventions,0.073,ENG-G0-206,Unit 3 Computers,0.064,ENG-G0-204,Unit 1 Cultural relics,0.057,,,,
3438,english_2017_shanghai_001,english,A. Pie. B. Ice cream. C. Chocolate cake. D. Cheese cake.,ENG-G0-226,Unit 3 A healthy life,0.038,ENG-G0-236,Unit 3 Inventors and inventions,0.036,ENG-G0-240,Unit 5 Inside advertising,0.036,,,,
3441,english_2017_shanghai_002,english,A. The museum opens at 8 every day. B. She can’t see the sig,ENG-G0-218,Unit 5 Theme parks,0.083,ENG-G0-200,Unit 2 English around the world,0.083,ENG-G0-231,Unit 3 Under the sea,0.083,,,,
3443,english_2017_shanghai_003,english,A. Delighted. B. Doubtful. C. Relieved. D. Respectful.,ENG-G0-204,Unit 1 Cultural relics,0.102,ENG-G0-214,Unit 1 Women of achievement,0.055,ENG-G0-234,Unit 1 A land of diversity,0.055,,,,
3444,english_2017_shanghai_004,english,A. She works as a librarian.,ENG-G0-232,Unit 4 Sharing,0.086,ENG-G0-226,Unit 3 A healthy life,0.047,ENG-G0-215,Unit 2 Working the land,0.044,,,,
3445,english_2017_shanghai_005,english,A. He isn’t sure if the weather will be good. B. He probably,ENG-G0-203,Unit 5 Nelson Mandela-a modern hero,0.081,ENG-G0-226,Unit 3 A healthy life,0.080,ENG-G0-210,Unit 2 Healthy eating,0.059,,,,
3447,english_2017_shanghai_007,english,A. Keep some small change. B. Buy another T-shirt.,ENG-G0-217,Unit 4 Body language,0.060,ENG-G0-226,Unit 3 A healthy life,0.038,ENG-G0-214,Unit 1 Women of achievement,0.035,,,,
3448,english_2017_shanghai_008,english,A. See a doctor. B. Repair his car.,ENG-G0-231,Unit 3 Under the sea,0.044,ENG-G0-226,Unit 3 A healthy life,0.042,ENG-G0-204,Unit 1 Cultural relics,0.041,,,,
3449,english_2017_shanghai_009,english,A. She has no interest in the man’s words. B. She doesn’t un,ENG-G0-209,Unit 1 Festivals around the world,0.083,ENG-G0-238,Unit 5 Meeting your ancestors,0.052,ENG-G0-200,Unit 2 English around the world,0.050,,,,
3451,english_2017_shanghai_011,english,A. dangerous room. B. An explosive device.,ENG-G0-234,Unit 1 A land of diversity,0.073,ENG-G0-203,Unit 5 Nelson Mandela-a modern hero,0.047,ENG-G0-217,Unit 4 Body language,0.039,,,,
3452,english_2017_shanghai_012,english,A. Hand in valuable items to the police.,ENG-G0-203,Unit 5 Nelson Mandela-a modern hero,0.063,ENG-G0-226,Unit 3 A healthy life,0.058,ENG-G0-236,Unit 3 Inventors and inventions,0.054,,,,
3453,english_2017_shanghai_013,english,A. At a theatre. B. At a police station. Questions 14 throug,ENG-G0-211,Unit 3 The Million Pound Bank Note,0.069,ENG-G0-210,Unit 2 Healthy eating,0.065,ENG-G0-226,Unit 3 A healthy life,0.065,,,,
3454,english_2017_shanghai_014,english,A. An ad-blocking device. B. A parented screen.,ENG-G0-220,Unit 2 The United Kingdom,0.061,ENG-G0-233,Unit 5 Travelling abroad,0.058,ENG-G0-236,Unit 3 Inventors and inventions,0.057,,,,
3457,english_2017_shanghai_017,english,A. How to organize thoughts for a speech. B. How to get an e,ENG-G0-226,Unit 3 A healthy life,0.058,ENG-G0-203,Unit 5 Nelson Mandela-a modern hero,0.046,ENG-G0-234,Unit 1 A land of diversity,0.034,,,,
3458,english_2017_shanghai_018,english,A. Bearing listeners in mind. B. Developing ideas soundly.,ENG-G0-234,Unit 1 A land of diversity,0.113,ENG-G0-200,Unit 2 English around the world,0.085,ENG-G0-232,Unit 4 Sharing,0.068,,,,
3459,english_2017_shanghai_019,english,A. The purpose of the speech. B. The speaker’s influence.,ENG-G0-200,Unit 2 English around the world,0.074,ENG-G0-209,Unit 1 Festivals around the world,0.071,ENG-G0-218,Unit 5 Theme parks,0.071,,,,
3461,english_2017_shanghai_041,english,A. unfamiliar B. tough C. harmless D. ridiculous,ENG-G0-226,Unit 3 A healthy life,0.100,ENG-G0-203,Unit 5 Nelson Mandela-a modern hero,0.079,ENG-G0-233,Unit 5 Travelling abroad,0.074,,,,
3463,english_2017_shanghai_043,english,A. mystery B. evidence C. falsehood D. innocence,ENG-G0-238,Unit 5 Meeting your ancestors,0.051,ENG-G0-209,Unit 1 Festivals around the world,0.048,ENG-G0-203,Unit 5 Nelson Mandela-a modern hero,0.047,,,,
3464,english_2017_shanghai_044,english,A. alter B. define C. find D. use,ENG-G0-223,Unit 5 First aid,0.105,ENG-G0-226,Unit 3 A healthy life,0.093,ENG-G0-234,Unit 1 A land of diversity,0.083,,,,
3465,english_2017_shanghai_045,english,A. historical B. strange C. mistaken D. true,ENG-G0-238,Unit 5 Meeting your ancestors,0.069,ENG-G0-203,Unit 5 Nelson Mandela-a modern hero,0.063,ENG-G0-226,Unit 3 A healthy life,0.059,,,,
3466,english_2017_shanghai_046,english,A. extraordinary B. inevitable C. alarming D. disappointing,ENG-G0-240,Unit 5 Inside advertising,0.055,ENG-G0-236,Unit 3 Inventors and inventions,0.055,ENG-G0-203,Unit 5 Nelson Mandela-a modern hero,0.047,,,,
3467,english_2017_shanghai_047,english,A. ask B. guess C. recall D. learn,ENG-G0-241,Unit 2 King Lear,0.100,ENG-G0-226,Unit 3 A healthy life,0.065,ENG-G0-234,Unit 1 A land of diversity,0.059,,,,
3468,english_2017_shanghai_048,english,A. figures B. methods C. scores D. chance,ENG-G0-223,Unit 5 First aid,0.065,ENG-G0-238,Unit 5 Meeting your ancestors,0.051,ENG-G0-203,Unit 5 Nelson Mandela-a modern hero,0.047,,,,
3469,english_2017_shanghai_049,english,A. However B. Otherwise C. Meanwhile D. Consequently,ENG-G0-203,Unit 5 Nelson Mandela-a modern hero,0.079,ENG-G0-234,Unit 1 A land of diversity,0.071,ENG-G0-226,Unit 3 A healthy life,0.058,,,,
3470,english_2017_shanghai_050,english,A. active B. calm C. silent D. alert,ENG-G0-214,Unit 1 Women of achievement,0.058,ENG-G0-234,Unit 1 A land of diversity,0.058,ENG-G0-224,Unit 1 Art,0.054,,,,
3471,english_2017_shanghai_051,english,A. serve any purpose B. take any advantage,ENG-G0-231,Unit 3 Under the sea,0.064,ENG-G0-239,Unit 2 Sailing the oceans,0.056,ENG-G0-226,Unit 3 A healthy life,0.039,,,,
3472,english_2017_shanghai_052,english,A. inquiries B. decisions C. donations D. comparisons,ENG-G0-236,Unit 3 Inventors and inventions,0.118,ENG-G0-240,Unit 5 Inside advertising,0.075,ENG-G0-234,Unit 1 A land of diversity,0.055,,,,
3473,english_2017_shanghai_053,english,A. ruin B. improve C. affect D. wait,ENG-G0-207,Unit 4 Wildlife protection,0.077,ENG-G0-226,Unit 3 A healthy life,0.063,ENG-G0-227,Unit 4 Global warming,0.063,,,,
3474,english_2017_shanghai_054,english,A. expense B. risk C. effort D. wait,ENG-G0-200,Unit 2 English around the world,0.070,ENG-G0-226,Unit 3 A healthy life,0.063,ENG-G0-227,Unit 4 Global warming,0.063,,,,
3477,english_2017_shanghai_057,english,Which of the following is the most suitable for a classroom ,ENG-G0-215,Unit 2 Working the land,0.077,ENG-G0-218,Unit 5 Theme parks,0.063,ENG-G0-229,Unit 1 Living well,0.063,,,,
3480,english_2017_shanghai_060,english,If you want to order a 17x22 print on canvas with a black fr,ENG-G0-236,Unit 3 Inventors and inventions,0.035,ENG-G0-232,Unit 4 Sharing,0.021,ENG-G0-231,Unit 3 Under the sea,0.020,,,,
3485,english_2017_shanghai_065,english,What can be inferred from the passage?,ENG-G0-217,Unit 4 Body language,0.039,ENG-G0-215,Unit 2 Working the land,0.037,ENG-G0-200,Unit 2 English around the world,0.032,,,,
3487,english_2017_shanghai_072,english,你不必在乎他人对你的评论。(care),ENG-G0-235,Unit 2 Cloning,0.053,ENG-G0-206,Unit 3 Computers,0.048,ENG-G0-204,Unit 1 Cultural relics,0.037,,,,
3488,english_2017_shanghai_073,english,大量阅读书籍有助于我们的成长。(expose),ENG-G0-202,Unit 4 Earthquakes,0.040,ENG-G0-210,Unit 2 Healthy eating,0.036,ENG-G0-200,Unit 2 English around the world,0.026,,,,
3489,english_2017_shanghai_074,english,"你的网站内容越实用，使用起来越方便，就越有可能成功。(the more…, the more…)",ENG-G0-218,Unit 5 Theme parks,0.190,ENG-G0-231,Unit 3 Under the sea,0.136,ENG-G0-220,Unit 2 The United Kingdom,0.120,,,,
3491,english_2018_beijing_zk_001,english,My brother and I like football. play it together once a week,ENG-G0-211,Unit 3 The Million Pound Bank Note,0.063,ENG-G0-203,Unit 5 Nelson Mandela-a modern hero,0.063,ENG-G0-218,Unit 5 Theme parks,0.061,,,,
3492,english_2018_beijing_zk_002,english,"Happy birthday, Peter! Here’s a gift you.",ENG-G0-228,Unit 5 The power of nature,0.054,ENG-G0-203,Unit 5 Nelson Mandela-a modern hero,0.047,ENG-G0-231,Unit 3 Under the sea,0.041,,,,
3493,english_2018_beijing_zk_003,english,"—— do you usually go to school, Mary? ——By bike.",ENG-G0-222,Unit 4 Making the news,0.041,ENG-G0-238,Unit 5 Meeting your ancestors,0.036,ENG-G0-203,Unit 5 Nelson Mandela-a modern hero,0.033,,,,
3495,english_2018_beijing_zk_005,english,"I go now, or I'll miss my train.",ENG-G0-221,Unit 3 Life in the future,0.063,ENG-G0-234,Unit 1 A land of diversity,0.040,ENG-G0-241,Unit 2 King Lear,0.024,,,,
3496,english_2018_beijing_zk_006,english,"Tony is of the three boys, but he is the tallest.",ENG-G0-211,Unit 3 The Million Pound Bank Note,0.048,ENG-G0-218,Unit 5 Theme parks,0.043,ENG-G0-231,Unit 3 Under the sea,0.043,,,,
3497,english_2018_beijing_zk_007,english,Bill likes reading. He picture books with his dad every even,ENG-G0-210,Unit 2 Healthy eating,0.078,ENG-G0-233,Unit 5 Travelling abroad,0.055,ENG-G0-211,Unit 3 The Million Pound Bank Note,0.046,,,,
3499,english_2018_beijing_zk_009,english,David is a tennis player. He to play tennis when he was six ,ENG-G0-210,Unit 2 Healthy eating,0.040,ENG-G0-226,Unit 3 A healthy life,0.040,ENG-G0-203,Unit 5 Nelson Mandela-a modern hero,0.032,,,,
3500,english_2018_beijing_zk_010,english,"——Lucy, is your uncle a teacher? ——Yes,he is.He history for ",ENG-G0-238,Unit 5 Meeting your ancestors,0.054,ENG-G0-241,Unit 2 King Lear,0.045,ENG-G0-221,Unit 3 Life in the future,0.038,,,,
3501,english_2018_beijing_zk_011,english,A new international airport in the city next year.,ENG-G0-236,Unit 3 Inventors and inventions,0.094,ENG-G0-238,Unit 5 Meeting your ancestors,0.069,ENG-G0-210,Unit 2 Healthy eating,0.059,,,,
3504,english_2018_beijing_zk_014,english,A. purposes B. suggestions C. thoughts D. plans,ENG-G0-209,Unit 1 Festivals around the world,0.081,ENG-G0-236,Unit 3 Inventors and inventions,0.073,ENG-G0-211,Unit 3 The Million Pound Bank Note,0.063,,,,
3505,english_2018_beijing_zk_015,english,A. quietly B. carefully C. secretly D. clearly,ENG-G0-231,Unit 3 Under the sea,0.043,ENG-G0-226,Unit 3 A healthy life,0.040,ENG-G0-234,Unit 1 A land of diversity,0.036,,,,
3506,english_2018_beijing_zk_016,english,A. honest B. ready C. patient D. successful,ENG-G0-219,Unit 1 Great scientists,0.075,ENG-G0-226,Unit 3 A healthy life,0.058,ENG-G0-238,Unit 5 Meeting your ancestors,0.050,,,,
3507,english_2018_beijing_zk_017,english,A. checked B. helped C. ruled D. cleaned,ENG-G0-226,Unit 3 A healthy life,0.080,ENG-G0-203,Unit 5 Nelson Mandela-a modern hero,0.063,ENG-G0-235,Unit 2 Cloning,0.044,,,,
3508,english_2018_beijing_zk_018,english,A. collected B. weighed C. tied D. cleaned,ENG-G0-200,Unit 2 English around the world,0.049,ENG-G0-209,Unit 1 Festivals around the world,0.048,ENG-G0-235,Unit 2 Cloning,0.044,,,,
3509,english_2018_beijing_zk_019,english,A. mark B. hide C. number D. find,ENG-G0-203,Unit 5 Nelson Mandela-a modern hero,0.107,ENG-G0-223,Unit 5 First aid,0.073,ENG-G0-226,Unit 3 A healthy life,0.065,,,,
3512,english_2018_beijing_zk_022,english,Who went on a school field trip last week?,ENG-G0-236,Unit 3 Inventors and inventions,0.035,ENG-G0-214,Unit 1 Women of achievement,0.034,ENG-G0-229,Unit 1 Living well,0.020,,,,
3514,english_2018_beijing_zk_024,english,The women and her kids came to the market to buy .,ENG-G0-218,Unit 5 Theme parks,0.109,ENG-G0-215,Unit 2 Working the land,0.098,ENG-G0-205,Unit 2 The Olympic Games,0.075,,,,
3515,english_2018_beijing_zk_025,english,"According to what he saw, the writer was sure the mother cou",ENG-G0-220,Unit 2 The United Kingdom,0.102,ENG-G0-222,Unit 4 Making the news,0.078,ENG-G0-215,Unit 2 Working the land,0.077,,,,
3521,english_2018_beijing_zk_031,english,What is the key to solving Jane’s problem?,ENG-G0-229,Unit 1 Living well,0.061,ENG-G0-219,Unit 1 Great scientists,0.056,ENG-G0-215,Unit 2 Working the land,0.056,,,,
3522,english_2018_beijing_zk_032,english,The writer probably agrees that .,ENG-G0-220,Unit 2 The United Kingdom,0.087,ENG-G0-209,Unit 1 Festivals around the world,0.069,ENG-G0-218,Unit 5 Theme parks,0.068,,,,
3524,english_2018_beijing_zk_034,english,what does an F stand for in the A、B、C、D and F grading system,ENG-G0-215,Unit 2 Working the land,0.056,ENG-G0-231,Unit 3 Under the sea,0.040,ENG-G0-234,Unit 1 A land of diversity,0.034,,,,
3525,english_2018_beijing_zk_035,english,when was the letter grading system first used in the US coll,ENG-G0-215,Unit 2 Working the land,0.056,ENG-G0-229,Unit 1 Living well,0.040,ENG-G0-220,Unit 2 The United Kingdom,0.038,,,,
3526,english_2018_beijing_zk_036,english,what is one possible explanation for dropping the E grade?__,ENG-G0-207,Unit 4 Wildlife protection,0.054,ENG-G0-215,Unit 2 Working the land,0.037,ENG-G0-236,Unit 3 Inventors and inventions,0.036,,,,
3527,english_2018_beijing_zk_037,english,what did most teachers think of the letter grading system in,ENG-G0-215,Unit 2 Working the land,0.036,ENG-G0-214,Unit 1 Women of achievement,0.034,ENG-G0-200,Unit 2 English around the world,0.032,,,,
3528,english_2018_beijing_zk_038,english,why do many parents still prefer the letter grades today?___,ENG-G0-209,Unit 1 Festivals around the world,0.047,ENG-G0-218,Unit 5 Theme parks,0.040,ENG-G0-220,Unit 2 The United Kingdom,0.038,,,,
3529,english_2018_beijing_zk_039,english,从下面两个题目中任选一题，根据中文和英文提示，完成一篇不少于50词的文段写作，文中已给出内容不计入总数．所给提示词语仅供,ENG-G0-213,Unit 5,0.111,ENG-G0-208,Unit 5 Music,0.067,ENG-G0-223,Unit 5 First aid,0.053,,,,
3532,english_2018_zhejiang_001,english,答题前，请务必将自己的姓名、准考证号用黑色字迹的签字笔或钢笔分别填写在试题卷和答题纸规定的位置上。,ENG-G0-212,Unit 4,,ENG-G0-213,Unit 5,,ENG-G0-211,Unit 3 The Million Pound Bank Note,,,,,
3536,english_2018_zhejiang_002,english,Why would the woman like to have a Chinese name?,ENG-G0-214,Unit 1 Women of achievement,0.071,ENG-G0-215,Unit 2 Working the land,0.036,ENG-G0-200,Unit 2 English around the world,0.032,,,,
3540,english_2018_zhejiang_003,english,联系方式。 注意：,ENG-G0-212,Unit 4,,ENG-G0-213,Unit 5,,ENG-G0-211,Unit 3 The Million Pound Bank Note,,,,,
3542,english_2018_zhejiang_004,english,What has the man been doing?,ENG-G0-215,Unit 2 Working the land,0.093,ENG-G0-229,Unit 1 Living well,0.077,ENG-G0-227,Unit 4 Global warming,0.071,,,,
3543,english_2018_zhejiang_005,english,What does John suggest the woman do? 第二节 (共15小题；每小题1.5分，满分22,ENG-G0-215,Unit 2 Working the land,0.059,ENG-G0-209,Unit 1 Festivals around the world,0.049,ENG-G0-214,Unit 1 Women of achievement,0.036,,,,
3544,english_2018_zhejiang_006,english,Where are the speakers?,ENG-G0-206,Unit 3 Computers,0.057,ENG-G0-202,Unit 4 Earthquakes,0.054,ENG-G0-215,Unit 2 Working the land,0.048,,,,
3545,english_2018_zhejiang_007,english,How much does the man need to pay? 听第7段材料，回答第8至10题。,ENG-G0-218,Unit 5 Theme parks,0.043,ENG-G0-209,Unit 1 Festivals around the world,0.033,ENG-G0-203,Unit 5 Nelson Mandela-a modern hero,0.032,,,,
3546,english_2018_zhejiang_008,english,Whose birthday is it?,ENG-G0-202,Unit 4 Earthquakes,0.057,ENG-G0-229,Unit 1 Living well,0.057,ENG-G0-227,Unit 4 Global warming,0.053,,,,
3548,english_2018_zhejiang_010,english,What does the man want to know? 听第8段材料，回答第11至13题。,ENG-G0-209,Unit 1 Festivals around the world,0.052,ENG-G0-218,Unit 5 Theme parks,0.045,ENG-G0-215,Unit 2 Working the land,0.041,,,,
3549,english_2018_zhejiang_011,english,Why was Julia absent from the class?,ENG-G0-215,Unit 2 Working the land,0.038,ENG-G0-214,Unit 1 Women of achievement,0.036,ENG-G0-200,Unit 2 English around the world,0.033,,,,
3550,english_2018_zhejiang_012,english,What has Robert got for Julia?,ENG-G0-230,Unit 2 Robots,0.026,ENG-G0-229,Unit 1 Living well,0.023,ENG-G0-227,Unit 4 Global warming,0.022,,,,
3551,english_2018_zhejiang_013,english,Where will the speakers meet on Saturday? 听第9段材料，回答第14至17题。,ENG-G0-228,Unit 5 The power of nature,0.053,ENG-G0-215,Unit 2 Working the land,0.036,ENG-G0-221,Unit 3 Life in the future,0.035,,,,
3552,english_2018_zhejiang_014,english,What is the woman doing?,ENG-G0-215,Unit 2 Working the land,0.128,ENG-G0-229,Unit 1 Living well,0.083,ENG-G0-210,Unit 2 Healthy eating,0.077,,,,
3554,english_2018_zhejiang_016,english,How does the man feel about the bus service?,ENG-G0-203,Unit 5 Nelson Mandela-a modern hero,0.047,ENG-G0-218,Unit 5 Theme parks,0.041,ENG-G0-209,Unit 1 Festivals around the world,0.031,,,,
3555,english_2018_zhejiang_017,english,What improvement should the bus company make? 听第10段材料，回答第18至,ENG-G0-214,Unit 1 Women of achievement,0.091,ENG-G0-206,Unit 3 Computers,0.042,ENG-G0-218,Unit 5 Theme parks,0.040,,,,
3556,english_2018_zhejiang_018,english,Who is Pierre?,ENG-G0-229,Unit 1 Living well,0.033,ENG-G0-227,Unit 4 Global warming,0.030,ENG-G0-215,Unit 2 Working the land,0.029,,,,
3557,english_2018_zhejiang_019,english,What does Pierre mainly talk about?,ENG-G0-229,Unit 1 Living well,0.021,ENG-G0-227,Unit 4 Global warming,0.020,ENG-G0-215,Unit 2 Working the land,0.019,,,,
3559,english_2018_zhejiang_021,english,From what can we tell that someone is a Cockney?,ENG-G0-199,Unit 1 Friendship,0.042,ENG-G0-223,Unit 5 First aid,0.021,ENG-G0-229,Unit 1 Living well,0.020,,,,
3562,english_2018_zhejiang_024,english,What did the rural school calendar before the Civil War allo,ENG-G0-209,Unit 1 Festivals around the world,0.047,ENG-G0-204,Unit 1 Cultural relics,0.037,ENG-G0-215,Unit 2 Working the land,0.036,,,,
3563,english_2018_zhejiang_025,english,What did the educational reformers do in the 1840s?,ENG-G0-207,Unit 4 Wildlife protection,0.053,ENG-G0-215,Unit 2 Working the land,0.036,ENG-G0-236,Unit 3 Inventors and inventions,0.035,,,,
3567,english_2018_zhejiang_029,english,Why does the author say reading his favorite books feels lik,ENG-G0-215,Unit 2 Working the land,0.056,ENG-G0-238,Unit 5 Meeting your ancestors,0.050,ENG-G0-209,Unit 1 Festivals around the world,0.047,,,,
3569,english_2018_zhejiang_036,english,A. used B. needed C. happened D. continued,ENG-G0-203,Unit 5 Nelson Mandela-a modern hero,0.097,ENG-G0-226,Unit 3 A healthy life,0.078,ENG-G0-206,Unit 3 Computers,0.064,,,,
3570,english_2018_zhejiang_037,english,A. calm B. silent C. cheerful D. active,ENG-G0-214,Unit 1 Women of achievement,0.055,ENG-G0-234,Unit 1 A land of diversity,0.055,ENG-G0-209,Unit 1 Festivals around the world,0.048,,,,
3571,english_2018_zhejiang_038,english,A. lost B. fetched C. tried D. accepted,ENG-G0-209,Unit 1 Festivals around the world,0.065,ENG-G0-220,Unit 2 The United Kingdom,0.059,ENG-G0-226,Unit 3 A healthy life,0.059,,,,
3572,english_2018_zhejiang_039,english,A. fire B. chaos C. violence D. argument,ENG-G0-223,Unit 5 First aid,0.089,ENG-G0-214,Unit 1 Women of achievement,0.054,ENG-G0-224,Unit 1 Art,0.049,,,,
3573,english_2018_zhejiang_040,english,A. described B. carried C. introduced D. sent,ENG-G0-236,Unit 3 Inventors and inventions,0.054,ENG-G0-240,Unit 5 Inside advertising,0.054,ENG-G0-234,Unit 1 A land of diversity,0.053,,,,
3574,english_2018_zhejiang_041,english,A. raising B. observing C. saving D. teaching,ENG-G0-239,Unit 2 Sailing the oceans,0.098,ENG-G0-240,Unit 5 Inside advertising,0.077,ENG-G0-220,Unit 2 The United Kingdom,0.061,,,,
3575,english_2018_zhejiang_042,english,A. happy B. doubtful C. surprised D. confident,ENG-G0-226,Unit 3 A healthy life,0.058,ENG-G0-234,Unit 1 A land of diversity,0.053,ENG-G0-203,Unit 5 Nelson Mandela-a modern hero,0.046,,,,
3576,english_2018_zhejiang_043,english,A. shared B. wrote C. read D. heard,ENG-G0-226,Unit 3 A healthy life,0.109,ENG-G0-232,Unit 4 Sharing,0.100,ENG-G0-207,Unit 4 Wildlife protection,0.077,,,,
3577,english_2018_zhejiang_044,english,A. head B. knee C. arm D. foot,ENG-G0-226,Unit 3 A healthy life,0.125,ENG-G0-203,Unit 5 Nelson Mandela-a modern hero,0.074,ENG-G0-210,Unit 2 Healthy eating,0.071,,,,
3578,english_2018_zhejiang_045,english,A. calculating B. explaining C. wondering D. reporting,ENG-G0-210,Unit 2 Healthy eating,0.080,ENG-G0-235,Unit 2 Cloning,0.068,ENG-G0-200,Unit 2 English around the world,0.067,,,,
3579,english_2018_zhejiang_046,english,A pushing B. climbing C. walking D. kicking,ENG-G0-220,Unit 2 The United Kingdom,0.104,ENG-G0-241,Unit 2 King Lear,0.091,ENG-G0-235,Unit 2 Cloning,0.070,,,,
3580,english_2018_zhejiang_047,english,A. shaking B. lifting C. resting D. swelling,ENG-G0-226,Unit 3 A healthy life,0.109,ENG-G0-232,Unit 4 Sharing,0.100,ENG-G0-238,Unit 5 Meeting your ancestors,0.073,,,,
3581,english_2018_zhejiang_048,english,A. doctors B. strangers C. managers D. students,ENG-G0-203,Unit 5 Nelson Mandela-a modern hero,0.083,ENG-G0-234,Unit 1 A land of diversity,0.075,ENG-G0-238,Unit 5 Meeting your ancestors,0.071,,,,
3582,english_2018_zhejiang_049,english,A. findings B. conclusions C. stories D. news,ENG-G0-236,Unit 3 Inventors and inventions,0.073,ENG-G0-238,Unit 5 Meeting your ancestors,0.068,ENG-G0-223,Unit 5 First aid,0.064,,,,
3583,english_2018_zhejiang_050,english,A. be B. exist C. stay D. stop,ENG-G0-226,Unit 3 A healthy life,0.048,ENG-G0-219,Unit 1 Great scientists,0.045,ENG-G0-234,Unit 1 A land of diversity,0.043,,,,
3584,english_2018_zhejiang_051,english,A. pointing B. returning C. belonging D. growing,ENG-G0-235,Unit 2 Cloning,0.095,ENG-G0-238,Unit 5 Meeting your ancestors,0.070,ENG-G0-210,Unit 2 Healthy eating,0.060,,,,
3585,english_2018_zhejiang_052,english,A. get along with B. get rid of C. get used to D. get mad at,ENG-G0-226,Unit 3 A healthy life,0.043,ENG-G0-234,Unit 1 A land of diversity,0.038,ENG-G0-203,Unit 5 Nelson Mandela-a modern hero,0.033,,,,
3586,english_2018_zhejiang_053,english,A. encouragement B. disappointment C. embarrassment D. achie,ENG-G0-214,Unit 1 Women of achievement,0.074,ENG-G0-234,Unit 1 A land of diversity,0.074,ENG-G0-200,Unit 2 English around the world,0.050,,,,
3587,english_2018_zhejiang_054,english,A. ambition B. youth C. bravery D. experiment,ENG-G0-238,Unit 5 Meeting your ancestors,0.069,ENG-G0-233,Unit 5 Travelling abroad,0.056,ENG-G0-236,Unit 3 Inventors and inventions,0.055,,,,
3589,english_2019_beijing_zk_001,english,Mr. Wang is coming to our school. I can’t wait to see .,ENG-G0-227,Unit 4 Global warming,0.080,ENG-G0-238,Unit 5 Meeting your ancestors,0.051,ENG-G0-229,Unit 1 Living well,0.041,,,,
3590,english_2019_beijing_zk_002,english,We planted some flowers the garden yesterday.,ENG-G0-215,Unit 2 Working the land,0.056,ENG-G0-228,Unit 5 The power of nature,0.053,ENG-G0-229,Unit 1 Living well,0.040,,,,
3591,english_2019_beijing_zk_003,english,"— Excuse me, .is this T-shirt? — It’s 88 yuan.",ENG-G0-232,Unit 4 Sharing,0.077,ENG-G0-218,Unit 5 Theme parks,0.070,ENG-G0-219,Unit 1 Great scientists,0.063,,,,
3592,english_2019_beijing_zk_004,english,"— Lily, _____ you finish the letter in ten minutes? — Yes, I",ENG-G0-221,Unit 3 Life in the future,0.060,ENG-G0-238,Unit 5 Meeting your ancestors,0.056,ENG-G0-229,Unit 1 Living well,0.045,,,,
3593,english_2019_beijing_zk_005,english,"This cap is nice, it doesn’t look good on me.",ENG-G0-221,Unit 3 Life in the future,0.055,ENG-G0-218,Unit 5 Theme parks,0.041,ENG-G0-231,Unit 3 Under the sea,0.041,,,,
3594,english_2019_beijing_zk_006,english,Julie takes good care of the family dog. She is than her bro,ENG-G0-202,Unit 4 Earthquakes,0.040,ENG-G0-211,Unit 3 The Million Pound Bank Note,0.030,ENG-G0-218,Unit 5 Theme parks,0.020,,,,
3596,english_2019_beijing_zk_008,english,"— Tom, what’s your dad doing? — He my bike.",ENG-G0-210,Unit 2 Healthy eating,0.082,ENG-G0-215,Unit 2 Working the land,0.078,ENG-G0-239,Unit 2 Sailing the oceans,0.075,,,,
3597,english_2019_beijing_zk_009,english,Our school life a lot since 2017. We have more activities no,ENG-G0-226,Unit 3 A healthy life,0.058,ENG-G0-207,Unit 4 Wildlife protection,0.053,ENG-G0-229,Unit 1 Living well,0.040,,,,
3599,english_2019_beijing_zk_011,english,My advice on how to save paper by my class last Monday.,ENG-G0-208,Unit 5 Music,0.022,ENG-G0-201,Unit 3 Travel journal,0.019,ENG-G0-222,Unit 4 Making the news,0.018,,,,
3601,english_2019_beijing_zk_013,english,A. bored B. afraid C. excited D. hopeful,ENG-G0-226,Unit 3 A healthy life,0.059,ENG-G0-203,Unit 5 Nelson Mandela-a modern hero,0.047,ENG-G0-223,Unit 5 First aid,0.043,,,,
3602,english_2019_beijing_zk_014,english,A. compare B. remember C. manage D. repeat,ENG-G0-206,Unit 3 Computers,0.091,ENG-G0-203,Unit 5 Nelson Mandela-a modern hero,0.082,ENG-G0-204,Unit 1 Cultural relics,0.059,,,,
3603,english_2019_beijing_zk_015,english,A. fully B. quickly C. freshly D. physically,ENG-G0-223,Unit 5 First aid,0.043,ENG-G0-199,Unit 1 Friendship,0.042,ENG-G0-226,Unit 3 A healthy life,0.038,,,,
3604,english_2019_beijing_zk_016,english,A. feared B. faced C. mentioned D. pictured,ENG-G0-236,Unit 3 Inventors and inventions,0.094,ENG-G0-214,Unit 1 Women of achievement,0.054,ENG-G0-207,Unit 4 Wildlife protection,0.054,,,,
3605,english_2019_beijing_zk_017,english,A. insist B. return C. wait D. win,ENG-G0-240,Unit 5 Inside advertising,0.104,ENG-G0-221,Unit 3 Life in the future,0.082,ENG-G0-204,Unit 1 Cultural relics,0.064,,,,
3607,english_2019_beijing_zk_019,english,A. forgot B. wrote C. cared D. discussed,ENG-G0-207,Unit 4 Wildlife protection,0.071,ENG-G0-234,Unit 1 A land of diversity,0.071,ENG-G0-209,Unit 1 Festivals around the world,0.047,,,,
3610,english_2019_beijing_zk_022,english,How long did Joanna stay with her host family in China?,ENG-G0-203,Unit 5 Nelson Mandela-a modern hero,0.030,ENG-G0-235,Unit 2 Cloning,0.021,ENG-G0-210,Unit 2 Healthy eating,0.019,,,,
3615,english_2019_beijing_zk_027,english,"According to the writer, we can expand our experience of tim",ENG-G0-215,Unit 2 Working the land,0.096,ENG-G0-200,Unit 2 English around the world,0.066,ENG-G0-209,Unit 1 Festivals around the world,0.063,,,,
3616,english_2019_beijing_zk_028,english,What can we learn from the passage?,ENG-G0-241,Unit 2 King Lear,0.045,ENG-G0-229,Unit 1 Living well,0.043,ENG-G0-217,Unit 4 Body language,0.042,,,,
3622,english_2019_beijing_zk_034,english,When did Marchenko and his students discover huge waves in t,ENG-G0-215,Unit 2 Working the land,0.037,ENG-G0-236,Unit 3 Inventors and inventions,0.036,ENG-G0-214,Unit 1 Women of achievement,0.035,,,,
3623,english_2019_beijing_zk_035,english,Why did Marchenko and his students set out on the trip?_____,ENG-G0-215,Unit 2 Working the land,0.036,ENG-G0-236,Unit 3 Inventors and inventions,0.035,ENG-G0-214,Unit 1 Women of achievement,0.034,,,,
3624,english_2019_beijing_zk_036,english,What did Marchenko decide to do to keep safe?_______________,ENG-G0-229,Unit 1 Living well,0.020,ENG-G0-227,Unit 4 Global warming,0.019,ENG-G0-215,Unit 2 Working the land,0.018,,,,
3627,english_2019_beijing_zk_039,english,文段表达 从下面两个题目中任选一题，根据中文和英文提示，完成一篇不少于50词的文段写作。文中已给出内容不计入总词数。所给,ENG-G0-212,Unit 4,,ENG-G0-213,Unit 5,,ENG-G0-211,Unit 3 The Million Pound Bank Note,,,,,
3628,english_2019_beijing_zk_040,english,题目② 自律，即自我约束，是自我提升的一种途径，有助于我们成长，促使我们不断前行。 某英文网站正在开展以“自律”为主题的,ENG-G0-212,Unit 4,,ENG-G0-213,Unit 5,,ENG-G0-211,Unit 3 The Million Pound Bank Note,,,,,
3633,english_2021_national_b_001,english,What is the man doing?,ENG-G0-215,Unit 2 Working the land,0.135,ENG-G0-229,Unit 1 Living well,0.088,ENG-G0-210,Unit 2 Healthy eating,0.081,,,,
3637,english_2021_national_b_002,english,只允许修改10处，多者（从第11处起）不计分。 I love doing housework. I always ass,ENG-G0-221,Unit 3 Life in the future,0.051,ENG-G0-224,Unit 1 Art,0.040,ENG-G0-199,Unit 1 Friendship,0.031,,,,
3645,english_2021_national_b_003,english,What is the woman likely to do?,ENG-G0-215,Unit 2 Working the land,0.043,ENG-G0-219,Unit 1 Great scientists,0.043,ENG-G0-214,Unit 1 Women of achievement,0.040,,,,
3649,english_2021_national_b_004,english,doing前加from,ENG-G0-232,Unit 4 Sharing,0.083,ENG-G0-235,Unit 2 Cloning,0.083,ENG-G0-241,Unit 2 King Lear,0.077,,,,
3652,english_2021_national_b_005,english,was→is,ENG-G0-227,Unit 4 Global warming,0.074,ENG-G0-229,Unit 1 Living well,0.040,ENG-G0-215,Unit 2 Working the land,0.033,,,,
3655,english_2021_national_b_006,english,What does the woman think of the match?,ENG-G0-209,Unit 1 Festivals around the world,0.048,ENG-G0-218,Unit 5 Theme parks,0.042,ENG-G0-215,Unit 2 Working the land,0.038,,,,
3658,english_2021_national_b_007,english,most→more,ENG-G0-208,Unit 5 Music,0.050,ENG-G0-203,Unit 5 Nelson Mandela-a modern hero,0.049,ENG-G0-223,Unit 5 First aid,0.042,,,,
3661,english_2021_national_b_008,english,What does the man advise Mrs. White to do?,ENG-G0-209,Unit 1 Festivals around the world,0.048,ENG-G0-218,Unit 5 Theme parks,0.042,ENG-G0-220,Unit 2 The United Kingdom,0.039,,,,
3664,english_2021_national_b_009,english,考查人称代词。句意：这是我对家务的看法。根据全文内容以及句意可知，此处表达“这是我对家务的看法”。故将our改为my。,ENG-G0-212,Unit 4,,ENG-G0-213,Unit 5,,ENG-G0-211,Unit 3 The Million Pound Bank Note,,,,,
3667,english_2021_national_b_010,english,hopes→hope,ENG-G0-202,Unit 4 Earthquakes,0.040,ENG-G0-210,Unit 2 Healthy eating,0.036,ENG-G0-226,Unit 3 A healthy life,0.036,,,,
3670,english_2021_national_b_011,english,How does Nancy look to Daniel?,ENG-G0-201,Unit 3 Travel journal,0.022,ENG-G0-210,Unit 2 Healthy eating,0.022,ENG-G0-226,Unit 3 A healthy life,0.022,,,,
3671,english_2021_national_b_012,english,Why does Daniel mention his performance in a play?,ENG-G0-236,Unit 3 Inventors and inventions,0.073,ENG-G0-214,Unit 1 Women of achievement,0.053,ENG-G0-207,Unit 4 Wildlife protection,0.053,,,,
3672,english_2021_national_b_013,english,What is Nancy going to do next week?,ENG-G0-229,Unit 1 Living well,0.043,ENG-G0-227,Unit 4 Global warming,0.041,ENG-G0-210,Unit 2 Healthy eating,0.041,,,,
3673,english_2021_national_b_014,english,What does Daniel offer to do for Nancy?,ENG-G0-229,Unit 1 Living well,0.020,ENG-G0-227,Unit 4 Global warming,0.019,ENG-G0-201,Unit 3 Travel journal,0.019,,,,
3674,english_2021_national_b_015,english,What was Prof. Stone's grandfather afraid of?,ENG-G0-215,Unit 2 Working the land,0.057,ENG-G0-231,Unit 3 Under the sea,0.041,ENG-G0-239,Unit 2 Sailing the oceans,0.036,,,,
3675,english_2021_national_b_016,english,What does old age mean to many elderly Americans?,ENG-G0-214,Unit 1 Women of achievement,0.034,ENG-G0-203,Unit 5 Nelson Mandela-a modern hero,0.030,ENG-G0-218,Unit 5 Theme parks,0.020,,,,
3676,english_2021_national_b_017,english,What will Prof. Stone talk about next concerning elderly peo,ENG-G0-207,Unit 4 Wildlife protection,0.053,ENG-G0-214,Unit 1 Women of achievement,0.034,ENG-G0-232,Unit 4 Sharing,0.021,,,,
3677,english_2021_national_b_018,english,What does the speaker's mother want her to be?,ENG-G0-231,Unit 3 Under the sea,0.087,ENG-G0-209,Unit 1 Festivals around the world,0.066,ENG-G0-215,Unit 2 Working the land,0.058,,,,
3678,english_2021_national_b_019,english,Why did the speaker feel lonely in her childhood?,ENG-G0-229,Unit 1 Living well,0.040,ENG-G0-215,Unit 2 Working the land,0.036,ENG-G0-200,Unit 2 English around the world,0.032,,,,
3679,english_2021_national_b_020,english,What does the speaker mainly talk about?,ENG-G0-209,Unit 1 Festivals around the world,0.047,ENG-G0-215,Unit 2 Working the land,0.036,ENG-G0-200,Unit 2 English around the world,0.032,,,,
3680,english_2021_national_b_021,english,How many people could the Circus Maximus hold?,ENG-G0-203,Unit 5 Nelson Mandela-a modern hero,0.030,ENG-G0-218,Unit 5 Theme parks,0.020,ENG-G0-231,Unit 3 Under the sea,0.020,,,,
3681,english_2021_national_b_022,english,"Of the following stadiums, which is the oldest?",ENG-G0-214,Unit 1 Women of achievement,0.071,ENG-G0-215,Unit 2 Working the land,0.056,ENG-G0-239,Unit 2 Sailing the oceans,0.054,,,,
3682,english_2021_national_b_023,english,What do the listed stadiums have in common?,ENG-G0-220,Unit 2 The United Kingdom,0.058,ENG-G0-200,Unit 2 English around the world,0.048,ENG-G0-215,Unit 2 Working the land,0.036,,,,
3685,english_2021_national_b_026,english,What can we say about Baby Boomers?,ENG-G0-206,Unit 3 Computers,0.045,ENG-G0-214,Unit 1 Women of achievement,0.037,ENG-G0-229,Unit 1 Living well,0.021,,,,
3689,english_2021_national_b_030,english,What effect would “Truckload of Plastic” have on viewers?,ENG-G0-233,Unit 5 Travelling abroad,0.055,ENG-G0-200,Unit 2 English around the world,0.048,ENG-G0-209,Unit 1 Festivals around the world,0.047,,,,
3690,english_2021_national_b_031,english,Which of the following can be the best title for the text?,ENG-G0-215,Unit 2 Working the land,0.057,ENG-G0-209,Unit 1 Festivals around the world,0.048,ENG-G0-229,Unit 1 Living well,0.041,,,,
3691,english_2021_national_b_033,english,Which level of background noise may promote creative thinkin,ENG-G0-200,Unit 2 English around the world,0.066,ENG-G0-209,Unit 1 Festivals around the world,0.063,ENG-G0-214,Unit 1 Women of achievement,0.034,,,,
3692,english_2021_national_b_034,english,What makes an open office unwelcome to many people?,ENG-G0-229,Unit 1 Living well,0.040,ENG-G0-202,Unit 4 Earthquakes,0.040,ENG-G0-214,Unit 1 Women of achievement,0.034,,,,
3693,english_2021_national_b_035,english,What can we infer about the author from the text?,ENG-G0-220,Unit 2 The United Kingdom,0.038,ENG-G0-215,Unit 2 Working the land,0.036,ENG-G0-200,Unit 2 English around the world,0.032,,,,
3694,english_2021_national_b_041,english,A. cleaner B. chemist C. nurse D. doctor,ENG-G0-234,Unit 1 A land of diversity,0.054,ENG-G0-203,Unit 5 Nelson Mandela-a modern hero,0.047,ENG-G0-235,Unit 2 Cloning,0.044,,,,
3695,english_2021_national_b_042,english,A. grades B. meanings C. needs D. expectations,ENG-G0-203,Unit 5 Nelson Mandela-a modern hero,0.079,ENG-G0-222,Unit 4 Making the news,0.077,ENG-G0-238,Unit 5 Meeting your ancestors,0.068,,,,
3696,english_2021_national_b_043,english,A. brushed aside B. put to the test C. brought under discuss,ENG-G0-240,Unit 5 Inside advertising,0.056,ENG-G0-209,Unit 1 Festivals around the world,0.048,ENG-G0-211,Unit 3 The Million Pound Bank Note,0.048,,,,
3698,english_2021_national_b_045,english,A. attempting B. choosing C. pausing D. promising,ENG-G0-240,Unit 5 Inside advertising,0.058,ENG-G0-238,Unit 5 Meeting your ancestors,0.054,ENG-G0-235,Unit 2 Cloning,0.048,,,,
3699,english_2021_national_b_046,english,A. eventually B. fortunately C. casually D. secretly,ENG-G0-236,Unit 3 Inventors and inventions,0.054,ENG-G0-214,Unit 1 Women of achievement,0.053,ENG-G0-223,Unit 5 First aid,0.042,,,,
3700,english_2021_national_b_047,english,A. assessing B. requiring C. forming D. proving,ENG-G0-227,Unit 4 Global warming,0.061,ENG-G0-240,Unit 5 Inside advertising,0.057,ENG-G0-232,Unit 4 Sharing,0.047,,,,
3701,english_2021_national_b_048,english,A. slightly B. accidentally C. slowly D. happily,ENG-G0-214,Unit 1 Women of achievement,0.056,ENG-G0-226,Unit 3 A healthy life,0.040,ENG-G0-219,Unit 1 Great scientists,0.038,,,,
3702,english_2021_national_b_049,english,A. grateful B. thoughtful C. sorrowful D. fearful 50 A. surp,ENG-G0-231,Unit 3 Under the sea,0.063,ENG-G0-219,Unit 1 Great scientists,0.057,ENG-G0-205,Unit 2 The Olympic Games,0.056,,,,
3703,english_2021_national_b_051,english,A. operating B. thinking C. hesitating D. leaving,ENG-G0-210,Unit 2 Healthy eating,0.106,ENG-G0-220,Unit 2 The United Kingdom,0.083,ENG-G0-226,Unit 3 A healthy life,0.083,,,,
3704,english_2021_national_b_052,english,A. sorry B. hello C. goodbye D. yes,ENG-G0-226,Unit 3 A healthy life,0.085,ENG-G0-203,Unit 5 Nelson Mandela-a modern hero,0.067,ENG-G0-210,Unit 2 Healthy eating,0.041,,,,
3705,english_2021_national_b_053,english,A. reached B. consulted C. introduced D. persuaded,ENG-G0-204,Unit 1 Cultural relics,0.077,ENG-G0-236,Unit 3 Inventors and inventions,0.073,ENG-G0-240,Unit 5 Inside advertising,0.054,,,,
3706,english_2021_national_b_054,english,A. wished B. pretended C. failed D. refused,ENG-G0-207,Unit 4 Wildlife protection,0.071,ENG-G0-200,Unit 2 English around the world,0.048,ENG-G0-209,Unit 1 Festivals around the world,0.047,,,,
3708,english_2021_national_b_056,english,A. repeated B. recited C. replied D. reported,ENG-G0-226,Unit 3 A healthy life,0.044,ENG-G0-220,Unit 2 The United Kingdom,0.044,ENG-G0-204,Unit 1 Cultural relics,0.043,,,,
3709,english_2021_national_b_057,english,A. courage B. patience C. duty D. care,ENG-G0-234,Unit 1 A land of diversity,0.055,ENG-G0-238,Unit 5 Meeting your ancestors,0.052,ENG-G0-206,Unit 3 Computers,0.043,,,,
3710,english_2021_national_b_058,english,A. goal B. given C. push D. greeting,ENG-G0-238,Unit 5 Meeting your ancestors,0.115,ENG-G0-210,Unit 2 Healthy eating,0.064,ENG-G0-227,Unit 4 Global warming,0.064,,,,
3711,english_2021_national_b_059,english,A. risking B. changing C. saving D. building,ENG-G0-220,Unit 2 The United Kingdom,0.060,ENG-G0-239,Unit 2 Sailing the oceans,0.056,ENG-G0-232,Unit 4 Sharing,0.045,,,,
3712,english_2021_national_b_060,english,A. honour B. ability C. opening D. extra,ENG-G0-234,Unit 1 A land of diversity,0.073,ENG-G0-226,Unit 3 A healthy life,0.059,ENG-G0-210,Unit 2 Healthy eating,0.059,,,,
3713,english_2021_national_b_062,english,development,ENG-G0-214,Unit 1 Women of achievement,0.114,ENG-G0-201,Unit 3 Travel journal,0.030,ENG-G0-242,Unit 5Enjoying novels,0.030,,,,
3714,english_2021_national_b_063,english,its 64. until,ENG-G0-216,Unit3,0.125,ENG-G0-213,Unit 5,0.118,ENG-G0-212,Unit 4,0.118,,,,
3715,english_2021_national_b_065,english,the 66. of,ENG-G0-228,Unit 5 The power of nature,0.200,ENG-G0-205,Unit 2 The Olympic Games,0.133,ENG-G0-239,Unit 2 Sailing the oceans,0.129,,,,
3716,english_2021_national_b_067,english,visiting,ENG-G0-210,Unit 2 Healthy eating,0.107,ENG-G0-240,Unit 5 Inside advertising,0.094,ENG-G0-232,Unit 4 Sharing,0.091,,,,
3717,english_2021_national_b_068,english,financial,ENG-G0-223,Unit 5 First aid,0.080,ENG-G0-199,Unit 1 Friendship,0.037,ENG-G0-201,Unit 3 Travel journal,0.032,,,,
3718,english_2021_national_b_069,english,activities,ENG-G0-214,Unit 1 Women of achievement,0.056,ENG-G0-224,Unit 1 Art,0.048,ENG-G0-209,Unit 1 Festivals around the world,0.047,,,,
3719,english_2021_national_b_070,english,to have,ENG-G0-201,Unit 3 Travel journal,0.074,ENG-G0-233,Unit 5 Travelling abroad,0.067,ENG-G0-218,Unit 5 Theme parks,0.040,,,,
3720,english_2021_national_b_071,english,假定英语课上老师要求同桌之间交换修改作文，请你修改你同桌写的以下作文。文中共有10处语言错误，每句中最多有两处。每处错误,ENG-G0-212,Unit 4,,ENG-G0-213,Unit 5,,ENG-G0-211,Unit 3 The Million Pound Bank Note,,,,,
3722,english_2022_beijing_001,english,A. caused B. spotted C. checked D. imagined,ENG-G0-226,Unit 3 A healthy life,0.038,ENG-G0-236,Unit 3 Inventors and inventions,0.036,ENG-G0-240,Unit 5 Inside advertising,0.036,,,,
3723,english_2022_beijing_002,english,A. hesitantly B. randomly C. dizzily D. carefully,ENG-G0-234,Unit 1 A land of diversity,0.111,ENG-G0-203,Unit 5 Nelson Mandela-a modern hero,0.079,ENG-G0-226,Unit 3 A healthy life,0.078,,,,
3724,english_2022_beijing_003,english,A. angry B. absent C. special D. noisy,ENG-G0-236,Unit 3 Inventors and inventions,0.057,ENG-G0-203,Unit 5 Nelson Mandela-a modern hero,0.048,ENG-G0-226,Unit 3 A healthy life,0.040,,,,
3725,english_2022_beijing_004,english,A. courageous B. content C. unable D. unwilling,ENG-G0-206,Unit 3 Computers,0.093,ENG-G0-226,Unit 3 A healthy life,0.083,ENG-G0-204,Unit 1 Cultural relics,0.082,,,,
3726,english_2022_beijing_005,english,A. recover B. play C. change D. wait,ENG-G0-204,Unit 1 Cultural relics,0.082,ENG-G0-234,Unit 1 A land of diversity,0.075,ENG-G0-226,Unit 3 A healthy life,0.061,,,,
3727,english_2022_beijing_006,english,A. settle B. gather C. arrive D. react,ENG-G0-231,Unit 3 Under the sea,0.064,ENG-G0-219,Unit 1 Great scientists,0.058,ENG-G0-205,Unit 2 The Olympic Games,0.057,,,,
3728,english_2022_beijing_007,english,A. sneeze B. weep C. complaint D. laughter,ENG-G0-206,Unit 3 Computers,0.087,ENG-G0-234,Unit 1 A land of diversity,0.071,ENG-G0-229,Unit 1 Living well,0.061,,,,
3729,english_2022_beijing_008,english,A. lucky B. happy C. curious D. nervous,ENG-G0-203,Unit 5 Nelson Mandela-a modern hero,0.081,ENG-G0-226,Unit 3 A healthy life,0.080,ENG-G0-234,Unit 1 A land of diversity,0.054,,,,
3730,english_2022_beijing_009,english,A. show up B. pull up C. hold up D. line up,ENG-G0-226,Unit 3 A healthy life,0.100,ENG-G0-234,Unit 1 A land of diversity,0.053,ENG-G0-203,Unit 5 Nelson Mandela-a modern hero,0.046,,,,
3732,english_2022_beijing_021,english,"In PASS, students ________. 22 What can students do if a ses",ENG-G0-219,Unit 1 Great scientists,0.065,ENG-G0-236,Unit 3 Inventors and inventions,0.063,ENG-G0-230,Unit 2 Robots,0.054,,,,
3734,english_2022_beijing_024,english,What was the main cause for Alice’s anxiety?,ENG-G0-239,Unit 2 Sailing the oceans,0.054,ENG-G0-231,Unit 3 Under the sea,0.040,ENG-G0-218,Unit 5 Theme parks,0.040,,,,
3735,english_2022_beijing_025,english,How did Grant Brown’s presentation influence Alice?,ENG-G0-236,Unit 3 Inventors and inventions,0.054,ENG-G0-235,Unit 2 Cloning,0.043,ENG-G0-210,Unit 2 Healthy eating,0.038,,,,
3736,english_2022_beijing_026,english,The activities Alice joined in helped her to become more ___,ENG-G0-220,Unit 2 The United Kingdom,0.078,ENG-G0-209,Unit 1 Festivals around the world,0.063,ENG-G0-218,Unit 5 Theme parks,0.061,,,,
3741,english_2022_beijing_031,english,"Regarding Johnson’s concerns, the author feels ________. A s",ENG-G0-239,Unit 2 Sailing the oceans,0.113,ENG-G0-231,Unit 3 Under the sea,0.083,ENG-G0-220,Unit 2 The United Kingdom,0.078,,,,
3742,english_2022_beijing_032,english,What leads to Taylor’s optimism about quantum computing?,ENG-G0-232,Unit 4 Sharing,0.021,ENG-G0-241,Unit 2 King Lear,0.020,ENG-G0-229,Unit 1 Living well,0.020,,,,
3745,english_2022_beijing_040,english,What did Tom witness at his own school?,ENG-G0-229,Unit 1 Living well,0.020,ENG-G0-227,Unit 4 Global warming,0.019,ENG-G0-215,Unit 2 Working the land,0.018,,,,
3746,english_2022_beijing_041,english,Where did Tom get the idea for the original model for the Fu,ENG-G0-215,Unit 2 Working the land,0.037,ENG-G0-200,Unit 2 English around the world,0.032,ENG-G0-209,Unit 1 Festivals around the world,0.031,,,,
3748,english_2022_beijing_043,english,"Among Tom’s qualities, which one(s) do you think will be imp",ENG-G0-202,Unit 4 Earthquakes,0.041,ENG-G0-214,Unit 1 Women of achievement,0.035,ENG-G0-234,Unit 1 A land of diversity,0.035,,,,
3749,english_2022_beijing_044,english,假设你是红星中学高三学生李华。你打算邀请英国好友Jim为你们班做一次关于英语写作的线上经验交流。请你用英文给他写一封电子,ENG-G0-201,Unit 3 Travel journal,0.040,ENG-G0-213,Unit 5,,ENG-G0-212,Unit 4,,,,,
3750,english_2022_national_b_001,english,学习活动状况描述：,ENG-G0-212,Unit 4,,ENG-G0-213,Unit 5,,ENG-G0-211,Unit 3 The Million Pound Bank Note,,,,,
3754,english_2022_national_b_002,english,简单评论;,ENG-G0-212,Unit 4,,ENG-G0-213,Unit 5,,ENG-G0-211,Unit 3 The Million Pound Bank Note,,,,,
3759,english_2022_national_b_003,english,考试结束后，将本试卷和答题卡一并交回。 第一部分听力(共两节，满分30分) 做题时，先将答案标在试卷上。录音内容结束后，,ENG-G0-212,Unit 4,,ENG-G0-213,Unit 5,,ENG-G0-211,Unit 3 The Million Pound Bank Note,,,,,
3763,english_2022_national_b_004,english,Why did Dorothy and Rosamond go to the Rocky Mountains?,ENG-G0-215,Unit 2 Working the land,0.057,ENG-G0-231,Unit 3 Under the sea,0.041,ENG-G0-207,Unit 4 Wildlife protection,0.035,,,,
3767,english_2022_national_b_006,english,What are the speakers going to do tonight?,ENG-G0-215,Unit 2 Working the land,0.056,ENG-G0-235,Unit 2 Cloning,0.043,ENG-G0-229,Unit 1 Living well,0.040,,,,
3771,english_2022_national_b_008,english,What makes the application of drones to rail lines possible?,ENG-G0-207,Unit 4 Wildlife protection,0.054,ENG-G0-209,Unit 1 Festivals around the world,0.048,ENG-G0-202,Unit 4 Earthquakes,0.041,,,,
3774,english_2022_national_b_010,english,What function is expected of the rail drones?,ENG-G0-207,Unit 4 Wildlife protection,0.111,ENG-G0-200,Unit 2 English around the world,0.048,ENG-G0-209,Unit 1 Festivals around the world,0.047,,,,
3776,english_2022_national_b_011,english,What did Peter do in Chicago?,ENG-G0-214,Unit 1 Women of achievement,0.041,ENG-G0-206,Unit 3 Computers,0.025,ENG-G0-229,Unit 1 Living well,0.024,,,,
3778,english_2022_national_b_012,english,Whose works did Peter like best? 听第9段材料，回答第13至16题。,ENG-G0-215,Unit 2 Working the land,0.060,ENG-G0-209,Unit 1 Festivals around the world,0.050,ENG-G0-200,Unit 2 English around the world,0.034,,,,
3782,english_2022_national_b_014,english,By what time did John plan to finish his term paper?,ENG-G0-217,Unit 4 Body language,0.038,ENG-G0-215,Unit 2 Working the land,0.018,ENG-G0-236,Unit 3 Inventors and inventions,0.017,,,,
3786,english_2022_national_b_016,english,What is Susan’s attitude to John’s problem? 听第10段材料，回答第17至20,ENG-G0-219,Unit 1 Great scientists,0.037,ENG-G0-239,Unit 2 Sailing the oceans,0.036,ENG-G0-207,Unit 4 Wildlife protection,0.035,,,,
3787,english_2022_national_b_017,english,What did the speaker do before the year 2012?,ENG-G0-241,Unit 2 King Lear,0.043,ENG-G0-202,Unit 4 Earthquakes,0.041,ENG-G0-215,Unit 2 Working the land,0.037,,,,
3789,english_2022_national_b_019,english,Which is the hardest for the speaker?,ENG-G0-209,Unit 1 Festivals around the world,0.049,ENG-G0-202,Unit 4 Earthquakes,0.043,ENG-G0-231,Unit 3 Under the sea,0.043,,,,
3791,english_2022_national_b_021,english,A. following B. taking C. escaping D. directing,ENG-G0-220,Unit 2 The United Kingdom,0.082,ENG-G0-222,Unit 4 Making the news,0.080,ENG-G0-215,Unit 2 Working the land,0.058,,,,
3792,english_2022_national_b_022,english,A. clever B. bad C. scared D. quick,ENG-G0-234,Unit 1 A land of diversity,0.057,ENG-G0-235,Unit 2 Cloning,0.048,ENG-G0-226,Unit 3 A healthy life,0.041,,,,
3793,english_2022_national_b_023,english,A. exposed B. examined C. untouched D. imbalanced,ENG-G0-226,Unit 3 A healthy life,0.083,ENG-G0-224,Unit 1 Art,0.079,ENG-G0-236,Unit 3 Inventors and inventions,0.077,,,,
3794,english_2022_national_b_024,english,A. supported B. guaranteed C. imagined D. interpreted,ENG-G0-226,Unit 3 A healthy life,0.038,ENG-G0-219,Unit 1 Great scientists,0.036,ENG-G0-236,Unit 3 Inventors and inventions,0.035,,,,
3795,english_2022_national_b_025,english,A. disappointing B. mixed C. surprising D. desired,ENG-G0-234,Unit 1 A land of diversity,0.071,ENG-G0-238,Unit 5 Meeting your ancestors,0.068,ENG-G0-240,Unit 5 Inside advertising,0.054,,,,
3796,english_2022_national_b_026,english,A. explained B. confirmed C. contradicted D. tested,ENG-G0-206,Unit 3 Computers,0.044,ENG-G0-223,Unit 5 First aid,0.044,ENG-G0-226,Unit 3 A healthy life,0.040,,,,
3798,english_2022_national_b_028,english,A. feet B. nose C. hands D. ears,ENG-G0-203,Unit 5 Nelson Mandela-a modern hero,0.089,ENG-G0-202,Unit 4 Earthquakes,0.071,ENG-G0-210,Unit 2 Healthy eating,0.067,,,,
3799,english_2022_national_b_029,english,A. see B. help C. reach D. fool,ENG-G0-226,Unit 3 A healthy life,0.093,ENG-G0-203,Unit 5 Nelson Mandela-a modern hero,0.071,ENG-G0-223,Unit 5 First aid,0.050,,,,
3800,english_2022_national_b_030,english,A. event B. thing C. action D. accident,ENG-G0-236,Unit 3 Inventors and inventions,0.122,ENG-G0-214,Unit 1 Women of achievement,0.098,ENG-G0-200,Unit 2 English around the world,0.089,,,,
3801,english_2022_national_b_031,english,A. Yet B. Now C. Soon D. Once,ENG-G0-234,Unit 1 A land of diversity,0.087,ENG-G0-238,Unit 5 Meeting your ancestors,0.060,ENG-G0-203,Unit 5 Nelson Mandela-a modern hero,0.055,,,,
3802,english_2022_national_b_032,english,A. speak B. listen C. turn D. wave,ENG-G0-200,Unit 2 English around the world,0.091,ENG-G0-226,Unit 3 A healthy life,0.087,ENG-G0-215,Unit 2 Working the land,0.083,,,,
3803,english_2022_national_b_033,english,A. instructions B. descriptions C. experiments D. assumption,ENG-G0-236,Unit 3 Inventors and inventions,0.120,ENG-G0-240,Unit 5 Inside advertising,0.077,ENG-G0-207,Unit 4 Wildlife protection,0.056,,,,
3806,english_2022_national_b_036,english,A. responses B. approaches C. contribution D. sensitivity 37,ENG-G0-204,Unit 1 Cultural relics,0.058,ENG-G0-206,Unit 3 Computers,0.043,ENG-G0-226,Unit 3 A healthy life,0.038,,,,
3807,english_2022_national_b_038,english,A. hold back B. relate to C. insist on D. make up,ENG-G0-240,Unit 5 Inside advertising,0.094,ENG-G0-236,Unit 3 Inventors and inventions,0.074,ENG-G0-203,Unit 5 Nelson Mandela-a modern hero,0.063,,,,
3808,english_2022_national_b_039,english,A. limitations B. requirements C. theories D. findings,ENG-G0-221,Unit 3 Life in the future,0.113,ENG-G0-215,Unit 2 Working the land,0.096,ENG-G0-236,Unit 3 Inventors and inventions,0.093,,,,
3811,english_2022_national_b_052,english,学校英文报正在开展以Learning English Beyond the Classroom为题的讨论。请使用图表中的,ENG-G0-241,Unit 2 King Lear,0.143,ENG-G0-200,Unit 2 English around the world,0.100,ENG-G0-235,Unit 2 Cloning,0.056,,,,
3812,english_2023_beijing_001,english,A. freer B. shyer C. calmer D. happier,ENG-G0-226,Unit 3 A healthy life,0.059,ENG-G0-203,Unit 5 Nelson Mandela-a modern hero,0.047,ENG-G0-232,Unit 4 Sharing,0.044,,,,
3813,english_2023_beijing_002,english,A. nod B. point C. listen D. chat,ENG-G0-226,Unit 3 A healthy life,0.089,ENG-G0-211,Unit 3 The Million Pound Bank Note,0.088,ENG-G0-234,Unit 1 A land of diversity,0.080,,,,
3814,english_2023_beijing_003,english,A. weep B. rest C. write D. read,ENG-G0-220,Unit 2 The United Kingdom,0.071,ENG-G0-209,Unit 1 Festivals around the world,0.056,ENG-G0-229,Unit 1 Living well,0.050,,,,
3815,english_2023_beijing_004,english,A. learning B. playing C. planning D. laughing 5 A. standing,ENG-G0-241,Unit 2 King Lear,0.132,ENG-G0-234,Unit 1 A land of diversity,0.082,ENG-G0-226,Unit 3 A healthy life,0.067,,,,
3816,english_2023_beijing_006,english,A. celebrating B. longing C. complaining D. warning,ENG-G0-206,Unit 3 Computers,0.091,ENG-G0-235,Unit 2 Cloning,0.070,ENG-G0-210,Unit 2 Healthy eating,0.060,,,,
3817,english_2023_beijing_007,english,A. lecture B. reason C. reward D. solution,ENG-G0-226,Unit 3 A healthy life,0.060,ENG-G0-204,Unit 1 Cultural relics,0.059,ENG-G0-221,Unit 3 Life in the future,0.056,,,,
3818,english_2023_beijing_008,english,A. Therefore B. Moreover C. Meanwhile D. Instead,ENG-G0-203,Unit 5 Nelson Mandela-a modern hero,0.082,ENG-G0-222,Unit 4 Making the news,0.080,ENG-G0-239,Unit 2 Sailing the oceans,0.075,,,,
3822,english_2023_beijing_022,english,"If selected as an IOC Young Leader, one will need to _______",ENG-G0-231,Unit 3 Under the sea,0.040,ENG-G0-228,Unit 5 The power of nature,0.034,ENG-G0-200,Unit 2 English around the world,0.032,,,,
3824,english_2023_beijing_024,english,How did the author feel upon seeing the email sender’s name?,ENG-G0-210,Unit 2 Healthy eating,0.059,ENG-G0-220,Unit 2 The United Kingdom,0.059,ENG-G0-222,Unit 4 Making the news,0.058,,,,
3825,english_2023_beijing_025,english,"After talking with Professor Devon, the author decided to __",ENG-G0-220,Unit 2 The United Kingdom,0.058,ENG-G0-222,Unit 4 Making the news,0.057,ENG-G0-215,Unit 2 Working the land,0.056,,,,
3828,english_2023_beijing_028,english,The author quotes Francis Cole mainly to ________.,ENG-G0-211,Unit 3 The Million Pound Bank Note,0.063,ENG-G0-218,Unit 5 Theme parks,0.061,ENG-G0-231,Unit 3 Under the sea,0.061,,,,
3831,english_2023_beijing_031,english,"Regarding Alan Smith’s defence of ALife, the author is .",ENG-G0-239,Unit 2 Sailing the oceans,0.054,ENG-G0-232,Unit 4 Sharing,0.043,ENG-G0-204,Unit 1 Cultural relics,0.037,,,,
3835,english_2023_beijing_040,english,How are habits built? ______________________________________,ENG-G0-226,Unit 3 A healthy life,0.026,ENG-G0-210,Unit 2 Healthy eating,0.026,ENG-G0-227,Unit 4 Global warming,0.026,,,,
3836,english_2023_beijing_041,english,In what way is a routine different from a habit? ___________,ENG-G0-236,Unit 3 Inventors and inventions,0.054,ENG-G0-221,Unit 3 Life in the future,0.035,ENG-G0-240,Unit 5 Inside advertising,0.035,,,,
3838,english_2023_beijing_043,english,What benefit(s) have you got from one of your good habits?(I,ENG-G0-232,Unit 4 Sharing,0.043,ENG-G0-231,Unit 3 Under the sea,0.040,ENG-G0-229,Unit 1 Living well,0.040,,,,
3839,english_2023_beijing_044,english,假设你是红星中学高三学生李华。你的英国好友Jim正在策划一次以“绿色北京”为主题的社团活动，他发来邮件询问你的建议。请你,ENG-G0-201,Unit 3 Travel journal,0.040,ENG-G0-213,Unit 5,,ENG-G0-212,Unit 4,,,,,
3840,english_2023_national_a_001,english,What do Nahm and Issaya Siamese Club have in common?,ENG-G0-215,Unit 2 Working the land,0.036,ENG-G0-205,Unit 2 The Olympic Games,0.036,ENG-G0-203,Unit 5 Nelson Mandela-a modern hero,0.030,,,,
3844,english_2023_national_a_002,english,Which restaurant offers a large set menu?,ENG-G0-209,Unit 1 Festivals around the world,0.031,ENG-G0-206,Unit 3 Computers,0.020,ENG-G0-218,Unit 5 Theme parks,0.020,,,,
3852,english_2023_national_a_003,english,we → us,ENG-G0-229,Unit 1 Living well,0.136,ENG-G0-216,Unit3,0.091,ENG-G0-213,Unit 5,0.083,,,,
3860,english_2023_national_a_005,english,考查形容词。句意：蜜蜂、蝴蝶和许多其他昆虫在邮票上看起来可爱而美丽。系动词lovely后跟形容词beautiful，作表,ENG-G0-212,Unit 4,,ENG-G0-213,Unit 5,,ENG-G0-211,Unit 3 The Million Pound Bank Note,,,,,
3864,english_2023_national_a_006,english,考查连词。句意：赵老师给我们讲了昆虫的名字，并描述了它们的生活习性。此处前后文为并列关系，应用连词and。故or改为an,ENG-G0-212,Unit 4,,ENG-G0-213,Unit 5,,ENG-G0-211,Unit 3 The Million Pound Bank Note,,,,,
3868,english_2023_national_a_007,english,what → which,ENG-G0-229,Unit 1 Living well,0.037,ENG-G0-227,Unit 4 Global warming,0.033,ENG-G0-215,Unit 2 Working the land,0.031,,,,
3872,english_2023_national_a_008,english,删除of,ENG-G0-214,Unit 1 Women of achievement,0.111,ENG-G0-228,Unit 5 The power of nature,0.111,ENG-G0-234,Unit 1 A land of diversity,0.111,,,,
3880,english_2023_national_a_010,english,考查主谓一致。句意：晚上，当我在学校的花园里散步时，昆虫的歌声对我来说变得更有意义。此处为一般现在时，主语为the si,ENG-G0-212,Unit 4,,ENG-G0-213,Unit 5,,ENG-G0-211,Unit 3 The Million Pound Bank Note,,,,,
3884,english_2023_national_a_011,english,Which aspect of the company appeals to the man?,ENG-G0-209,Unit 1 Festivals around the world,0.047,ENG-G0-206,Unit 3 Computers,0.042,ENG-G0-215,Unit 2 Working the land,0.036,,,,
3886,english_2023_national_a_012,english,How do Americans look at grizzlies?,ENG-G0-205,Unit 2 The Olympic Games,0.038,ENG-G0-202,Unit 4 Earthquakes,0.021,ENG-G0-210,Unit 2 Healthy eating,0.020,,,,
3888,english_2023_national_a_013,english,What has helped the increase of the grizzly population? B Th,ENG-G0-215,Unit 2 Working the land,0.037,ENG-G0-200,Unit 2 English around the world,0.032,ENG-G0-209,Unit 1 Festivals around the world,0.031,,,,
3894,english_2023_national_a_016,english,What helped Robert become a writer?,ENG-G0-206,Unit 3 Computers,0.044,ENG-G0-231,Unit 3 Under the sea,0.043,ENG-G0-220,Unit 2 The United Kingdom,0.040,,,,
3897,english_2023_national_a_020,english,What does Maxim value most in young players’ performance?,ENG-G0-209,Unit 1 Festivals around the world,0.063,ENG-G0-238,Unit 5 Meeting your ancestors,0.033,ENG-G0-200,Unit 2 English around the world,0.032,,,,
3898,english_2023_national_a_021,english,A. waited B. met C. camped D. stayed,ENG-G0-220,Unit 2 The United Kingdom,0.061,ENG-G0-238,Unit 5 Meeting your ancestors,0.053,ENG-G0-203,Unit 5 Nelson Mandela-a modern hero,0.048,,,,
3899,english_2023_national_a_022,english,A. making B. searching C. squeezing D. feeling,ENG-G0-222,Unit 4 Making the news,0.130,ENG-G0-241,Unit 2 King Lear,0.070,ENG-G0-203,Unit 5 Nelson Mandela-a modern hero,0.067,,,,
3900,english_2023_national_a_023,english,A. customer B. neighbor C. relative D. passenger,ENG-G0-204,Unit 1 Cultural relics,0.100,ENG-G0-203,Unit 5 Nelson Mandela-a modern hero,0.081,ENG-G0-234,Unit 1 A land of diversity,0.054,,,,
3901,english_2023_national_a_024,english,A. lend B. send C. bring D. show,ENG-G0-232,Unit 4 Sharing,0.114,ENG-G0-241,Unit 2 King Lear,0.079,ENG-G0-226,Unit 3 A healthy life,0.070,,,,
3903,english_2023_national_a_026,english,A. worried B. moved C. thrilled D. bored,ENG-G0-200,Unit 2 English around the world,0.102,ENG-G0-209,Unit 1 Festivals around the world,0.098,ENG-G0-215,Unit 2 Working the land,0.096,,,,
3904,english_2023_national_a_027,english,A. simple B. real C. shiny D. fun,ENG-G0-226,Unit 3 A healthy life,0.067,ENG-G0-232,Unit 4 Sharing,0.051,ENG-G0-223,Unit 5 First aid,0.049,,,,
3905,english_2023_national_a_028,english,A. more B. good C. new D. easy,ENG-G0-203,Unit 5 Nelson Mandela-a modern hero,0.113,ENG-G0-222,Unit 4 Making the news,0.093,ENG-G0-202,Unit 4 Earthquakes,0.049,,,,
3906,english_2023_national_a_029,english,A. sympathetic to B. thankful for C. cautious about D. inter,ENG-G0-231,Unit 3 Under the sea,0.083,ENG-G0-205,Unit 2 The Olympic Games,0.074,ENG-G0-239,Unit 2 Sailing the oceans,0.073,,,,
3907,english_2023_national_a_030,english,A. tried B. sold C. returned D. mixed,ENG-G0-201,Unit 3 Travel journal,0.060,ENG-G0-204,Unit 1 Cultural relics,0.059,ENG-G0-233,Unit 5 Travelling abroad,0.057,,,,
3908,english_2023_national_a_031,english,A. unnecessary B. uncertain C. unwise D. unusual,ENG-G0-238,Unit 5 Meeting your ancestors,0.093,ENG-G0-226,Unit 3 A healthy life,0.085,ENG-G0-224,Unit 1 Art,0.081,,,,
3909,english_2023_national_a_032,english,A. appearance B. quality C. origin D. price,ENG-G0-234,Unit 1 A land of diversity,0.093,ENG-G0-238,Unit 5 Meeting your ancestors,0.051,ENG-G0-237,Unit 4 Pygmalion,0.043,,,,
3910,english_2023_national_a_033,english,A. size B. shape C. color D. taste,ENG-G0-232,Unit 4 Sharing,0.077,ENG-G0-206,Unit 3 Computers,0.048,ENG-G0-231,Unit 3 Under the sea,0.045,,,,
3911,english_2023_national_a_034,english,A. smell B. look C. become D. work,ENG-G0-215,Unit 2 Working the land,0.106,ENG-G0-214,Unit 1 Women of achievement,0.078,ENG-G0-200,Unit 2 English around the world,0.071,,,,
3912,english_2023_national_a_035,english,A. happy B. vivid C. short D. vague,ENG-G0-226,Unit 3 A healthy life,0.064,ENG-G0-203,Unit 5 Nelson Mandela-a modern hero,0.050,ENG-G0-232,Unit 4 Sharing,0.049,,,,
3913,english_2023_national_a_036,english,A. clean B. check C. count D. pack,ENG-G0-235,Unit 2 Cloning,0.051,ENG-G0-206,Unit 3 Computers,0.049,ENG-G0-218,Unit 5 Theme parks,0.047,,,,
3914,english_2023_national_a_037,english,A. perfect B. useful C. convenient D. familiar,ENG-G0-236,Unit 3 Inventors and inventions,0.093,ENG-G0-206,Unit 3 Computers,0.064,ENG-G0-223,Unit 5 First aid,0.064,,,,
3915,english_2023_national_a_038,english,A. on view B. on sale C. in season D. in need,ENG-G0-236,Unit 3 Inventors and inventions,0.100,ENG-G0-240,Unit 5 Inside advertising,0.078,ENG-G0-234,Unit 1 A land of diversity,0.077,,,,
3916,english_2023_national_a_039,english,A. finished B. stored C. found D. grown,ENG-G0-200,Unit 2 English around the world,0.067,ENG-G0-223,Unit 5 First aid,0.065,ENG-G0-209,Unit 1 Festivals around the world,0.065,,,,
3917,english_2023_national_a_040,english,A. cooked B. given C. bought D. told,ENG-G0-234,Unit 1 A land of diversity,0.056,ENG-G0-200,Unit 2 English around the world,0.051,ENG-G0-209,Unit 1 Festivals around the world,0.049,,,,
3918,english_2023_national_a_042,english,sixth 43. as,ENG-G0-224,Unit 1 Art,0.048,ENG-G0-232,Unit 4 Sharing,0.040,ENG-G0-223,Unit 5 First aid,0.037,,,,
3919,english_2023_national_a_044,english,where 45. borrowing,ENG-G0-229,Unit 1 Living well,0.088,ENG-G0-227,Unit 4 Global warming,0.081,ENG-G0-215,Unit 2 Working the land,0.077,,,,
3920,english_2023_national_a_046,english,intended,ENG-G0-236,Unit 3 Inventors and inventions,0.061,ENG-G0-221,Unit 3 Life in the future,0.061,ENG-G0-240,Unit 5 Inside advertising,0.061,,,,
3921,english_2023_national_a_047,english,Different,ENG-G0-214,Unit 1 Women of achievement,0.057,ENG-G0-234,Unit 1 A land of diversity,0.057,ENG-G0-219,Unit 1 Great scientists,0.030,,,,
3922,english_2023_national_a_048,english,for 49. warning,ENG-G0-227,Unit 4 Global warming,0.161,ENG-G0-235,Unit 2 Cloning,0.115,ENG-G0-229,Unit 1 Living well,0.100,,,,
3923,english_2023_national_a_050,english,be employed,ENG-G0-217,Unit 4 Body language,0.032,ENG-G0-220,Unit 2 The United Kingdom,0.031,ENG-G0-211,Unit 3 The Million Pound Bank Note,0.022,,,,
3924,english_2023_national_a_051,english,假定英语课上老师要求同桌之间交换修改作文，请你修以你同桌写的以下作文。文中共有10处语言错误，每句中最多有两处。每处错误,ENG-G0-212,Unit 4,,ENG-G0-213,Unit 5,,ENG-G0-211,Unit 3 The Million Pound Bank Note,,,,,
3925,english_2023_national_a_052,english,你们学校正举办主题为“用英文讲中国故事”的征文活动。请你以一位中国历史人物为题写一篇短文投稿，内容包括：,ENG-G0-212,Unit 4,,ENG-G0-213,Unit 5,,ENG-G0-211,Unit 3 The Million Pound Bank Note,,,,,
3926,english_2023_tianjin_001,english,每小题选出答案后，用铅笔将答题卡上对应题目的答案标号涂黑。如需改动，用橡皮擦干净后，再选涂其他答案标号。,ENG-G0-212,Unit 4,,ENG-G0-213,Unit 5,,ENG-G0-211,Unit 3 The Million Pound Bank Note,,,,,
3931,english_2023_tianjin_003,english,"When Lisa moved to a new city, she had a hard time ______ to",ENG-G0-232,Unit 4 Sharing,0.043,ENG-G0-234,Unit 1 A land of diversity,0.034,ENG-G0-200,Unit 2 English around the world,0.032,,,,
3934,english_2023_tianjin_006,english,—Mike will announce his retirement from professional soccer ,ENG-G0-211,Unit 3 The Million Pound Bank Note,0.063,ENG-G0-214,Unit 1 Women of achievement,0.054,ENG-G0-238,Unit 5 Meeting your ancestors,0.051,,,,
3935,english_2023_tianjin_007,english,"______ back to the 18th century, Peking Opera has over two h",ENG-G0-211,Unit 3 The Million Pound Bank Note,0.069,ENG-G0-221,Unit 3 Life in the future,0.060,ENG-G0-228,Unit 5 The power of nature,0.059,,,,
3937,english_2023_tianjin_009,english,第9小题缺（出版的资料暂时未找到此原题）,ENG-G0-212,Unit 4,,ENG-G0-213,Unit 5,,ENG-G0-211,Unit 3 The Million Pound Bank Note,,,,,
3939,english_2023_tianjin_011,english,We are determined that our teacher training programs should ,ENG-G0-227,Unit 4 Global warming,0.058,ENG-G0-229,Unit 1 Living well,0.040,ENG-G0-201,Unit 3 Travel journal,0.038,,,,
3940,english_2023_tianjin_012,english,______ a small amount of money each month is widely recogniz,ENG-G0-237,Unit 4 Pygmalion,0.049,ENG-G0-236,Unit 3 Inventors and inventions,0.040,ENG-G0-214,Unit 1 Women of achievement,0.039,,,,
3944,english_2023_tianjin_044,english,What change has cold water swimming brought about in the aut,ENG-G0-227,Unit 4 Global warming,0.058,ENG-G0-206,Unit 3 Computers,0.042,ENG-G0-229,Unit 1 Living well,0.040,,,,
3947,english_2023_tianjin_059,english,What has Ms. Young done to help Chinatown restaurants? Pleas,ENG-G0-238,Unit 5 Meeting your ancestors,0.050,ENG-G0-220,Unit 2 The United Kingdom,0.038,ENG-G0-214,Unit 1 Women of achievement,0.034,,,,
3949,english_2024_new_gaokao_ii_001,english,Which walk takes the shortest time?,ENG-G0-209,Unit 1 Festivals around the world,0.050,ENG-G0-202,Unit 4 Earthquakes,0.043,ENG-G0-218,Unit 5 Theme parks,0.043,,,,
3951,english_2024_new_gaokao_ii_002,english,【此处可播放相关音频，请去附件查看】 What is the man’s suggestion?,ENG-G0-219,Unit 1 Great scientists,0.083,ENG-G0-218,Unit 5 Theme parks,0.063,ENG-G0-231,Unit 3 Under the sea,0.063,,,,
3956,english_2024_new_gaokao_ii_003,english,词汇激活 行为类 ①拒绝：reject/refuse ②给某人拥抱：give sb. a hug/embrace sb.,ENG-G0-204,Unit 1 Cultural relics,0.057,ENG-G0-230,Unit 2 Robots,0.037,ENG-G0-227,Unit 4 Global warming,0.029,,,,
3960,english_2024_new_gaokao_ii_004,english,"作图可先使用铅笔画出, 确定后必须用黑色字迹的签字笔描黑。",ENG-G0-212,Unit 4,,ENG-G0-213,Unit 5,,ENG-G0-211,Unit 3 The Million Pound Bank Note,,,,,
3963,english_2024_new_gaokao_ii_005,english,How are the stories categorized in the kiosk?,ENG-G0-238,Unit 5 Meeting your ancestors,0.052,ENG-G0-209,Unit 1 Festivals around the world,0.048,ENG-G0-231,Unit 3 Under the sea,0.042,,,,
3966,english_2024_new_gaokao_ii_006,english,What has Trost been doing recently?,ENG-G0-229,Unit 1 Living well,0.043,ENG-G0-227,Unit 4 Global warming,0.040,ENG-G0-215,Unit 2 Working the land,0.038,,,,
3968,english_2024_new_gaokao_ii_007,english,What does the man advise the woman to do?,ENG-G0-209,Unit 1 Festivals around the world,0.048,ENG-G0-218,Unit 5 Theme parks,0.042,ENG-G0-215,Unit 2 Working the land,0.038,,,,
3970,english_2024_new_gaokao_ii_008,english,Why does the man make the call?,ENG-G0-209,Unit 1 Festivals around the world,0.055,ENG-G0-218,Unit 5 Theme parks,0.049,ENG-G0-229,Unit 1 Living well,0.049,,,,
3972,english_2024_new_gaokao_ii_009,english,What time should the man arrive on Friday evening?,ENG-G0-218,Unit 5 Theme parks,0.040,ENG-G0-215,Unit 2 Working the land,0.036,ENG-G0-205,Unit 2 The Olympic Games,0.036,,,,
3974,english_2024_new_gaokao_ii_010,english,What is the man’s name?,ENG-G0-218,Unit 5 Theme parks,0.086,ENG-G0-219,Unit 1 Great scientists,0.075,ENG-G0-231,Unit 3 Under the sea,0.056,,,,
3976,english_2024_new_gaokao_ii_011,english,What does the text mainly talk about?,ENG-G0-209,Unit 1 Festivals around the world,0.048,ENG-G0-215,Unit 2 Working the land,0.038,ENG-G0-200,Unit 2 English around the world,0.033,,,,
3978,english_2024_new_gaokao_ii_012,english,How many people are there in Sarah’s group?,ENG-G0-203,Unit 5 Nelson Mandela-a modern hero,0.046,ENG-G0-241,Unit 2 King Lear,0.042,ENG-G0-231,Unit 3 Under the sea,0.040,,,,
3980,english_2024_new_gaokao_ii_013,english,What is a feature of AI by Design according to the text?,ENG-G0-228,Unit 5 The power of nature,0.053,ENG-G0-210,Unit 2 Healthy eating,0.038,ENG-G0-219,Unit 1 Great scientists,0.036,,,,
3982,english_2024_new_gaokao_ii_014,english,What does Campbell urge people to do regarding AI developmen,ENG-G0-229,Unit 1 Living well,0.040,ENG-G0-227,Unit 4 Global warming,0.019,ENG-G0-215,Unit 2 Working the land,0.018,,,,
3986,english_2024_new_gaokao_ii_016,english,What will Jannie do next?,ENG-G0-207,Unit 4 Wildlife protection,0.043,ENG-G0-229,Unit 1 Living well,0.026,ENG-G0-227,Unit 4 Global warming,0.024,,,,
3987,english_2024_new_gaokao_ii_017,english,Why did the speaker go to the hotel?,ENG-G0-215,Unit 2 Working the land,0.040,ENG-G0-207,Unit 4 Wildlife protection,0.038,ENG-G0-200,Unit 2 English around the world,0.034,,,,
3988,english_2024_new_gaokao_ii_018,english,What did Mr. Rochester do soon after he bought the hotel?,ENG-G0-209,Unit 1 Festivals around the world,0.048,ENG-G0-230,Unit 2 Robots,0.045,ENG-G0-215,Unit 2 Working the land,0.037,,,,
3989,english_2024_new_gaokao_ii_019,english,What did Susan do when she met Mr. Rochester the second time,ENG-G0-215,Unit 2 Working the land,0.056,ENG-G0-230,Unit 2 Robots,0.044,ENG-G0-218,Unit 5 Theme parks,0.040,,,,
3990,english_2024_new_gaokao_ii_020,english,What does the speaker think is key to Mr. Rochester’s succes,ENG-G0-209,Unit 1 Festivals around the world,0.047,ENG-G0-202,Unit 4 Earthquakes,0.040,ENG-G0-215,Unit 2 Working the land,0.036,,,,
3991,english_2024_new_gaokao_ii_021,english,A. study B. rent C. visit D. settle,ENG-G0-234,Unit 1 A land of diversity,0.058,ENG-G0-231,Unit 3 Under the sea,0.044,ENG-G0-226,Unit 3 A healthy life,0.042,,,,
3992,english_2024_new_gaokao_ii_022,english,A. planned B. struggled C. refused D. happened,ENG-G0-226,Unit 3 A healthy life,0.058,ENG-G0-234,Unit 1 A land of diversity,0.053,ENG-G0-203,Unit 5 Nelson Mandela-a modern hero,0.046,,,,
3993,english_2024_new_gaokao_ii_023,english,A. string B. hang C. mix D. match,ENG-G0-203,Unit 5 Nelson Mandela-a modern hero,0.089,ENG-G0-232,Unit 4 Sharing,0.079,ENG-G0-226,Unit 3 A healthy life,0.067,,,,
3994,english_2024_new_gaokao_ii_024,english,A. improved B. assessed C. admired D. praised,ENG-G0-240,Unit 5 Inside advertising,0.057,ENG-G0-226,Unit 3 A healthy life,0.040,ENG-G0-236,Unit 3 Inventors and inventions,0.037,,,,
3995,english_2024_new_gaokao_ii_025,english,A. course B. barrier C. area D. test,ENG-G0-209,Unit 1 Festivals around the world,0.068,ENG-G0-233,Unit 5 Travelling abroad,0.059,ENG-G0-238,Unit 5 Meeting your ancestors,0.054,,,,
3997,english_2024_new_gaokao_ii_027,english,A. remind B. allow C. persuade D. order,ENG-G0-234,Unit 1 A land of diversity,0.073,ENG-G0-228,Unit 5 The power of nature,0.054,ENG-G0-203,Unit 5 Nelson Mandela-a modern hero,0.047,,,,
3998,english_2024_new_gaokao_ii_028,english,A. tricks B. promises C. acts D. duties,ENG-G0-233,Unit 5 Travelling abroad,0.056,ENG-G0-207,Unit 4 Wildlife protection,0.054,ENG-G0-234,Unit 1 A land of diversity,0.054,,,,
3999,english_2024_new_gaokao_ii_029,english,A. ambition B. success C. appetite D. growth,ENG-G0-220,Unit 2 The United Kingdom,0.060,ENG-G0-236,Unit 3 Inventors and inventions,0.056,ENG-G0-238,Unit 5 Meeting your ancestors,0.052,,,,
4000,english_2024_new_gaokao_ii_030,english,A. costume B. dish C. symbol D. tale,ENG-G0-234,Unit 1 A land of diversity,0.075,ENG-G0-200,Unit 2 English around the world,0.069,ENG-G0-209,Unit 1 Festivals around the world,0.049,,,,
4001,english_2024_new_gaokao_ii_031,english,A. gather B. cheer C. leave D. wait,ENG-G0-241,Unit 2 King Lear,0.095,ENG-G0-226,Unit 3 A healthy life,0.085,ENG-G0-227,Unit 4 Global warming,0.085,,,,
4002,english_2024_new_gaokao_ii_032,english,A. put up with B. stand up for C. come up with D. make up fo,ENG-G0-206,Unit 3 Computers,0.089,ENG-G0-234,Unit 1 A land of diversity,0.054,ENG-G0-203,Unit 5 Nelson Mandela-a modern hero,0.047,,,,
4003,english_2024_new_gaokao_ii_033,english,A. signaled B. confirmed C. represented D. accompanied,ENG-G0-204,Unit 1 Cultural relics,0.057,ENG-G0-214,Unit 1 Women of achievement,0.053,ENG-G0-206,Unit 3 Computers,0.042,,,,
4004,english_2024_new_gaokao_ii_034,english,A. disadvantages B. meanings C. surprises D. opportunities,ENG-G0-234,Unit 1 A land of diversity,0.071,ENG-G0-238,Unit 5 Meeting your ancestors,0.068,ENG-G0-239,Unit 2 Sailing the oceans,0.054,,,,
4005,english_2024_new_gaokao_ii_035,english,A. created B. forgotten C. understood D. identified,ENG-G0-223,Unit 5 First aid,0.111,ENG-G0-231,Unit 3 Under the sea,0.106,ENG-G0-203,Unit 5 Nelson Mandela-a modern hero,0.097,,,,
4006,english_2024_new_gaokao_ii_037,english,themes 38. were,ENG-G0-218,Unit 5 Theme parks,0.179,ENG-G0-228,Unit 5 The power of nature,0.139,ENG-G0-215,Unit 2 Working the land,0.118,,,,
4007,english_2024_new_gaokao_ii_039,english,to 40. inspired,ENG-G0-240,Unit 5 Inside advertising,0.081,ENG-G0-221,Unit 3 Life in the future,0.081,ENG-G0-220,Unit 2 The United Kingdom,0.059,,,,
4008,english_2024_new_gaokao_ii_041,english,was built,ENG-G0-227,Unit 4 Global warming,0.069,ENG-G0-229,Unit 1 Living well,0.037,ENG-G0-215,Unit 2 Working the land,0.031,,,,
4009,english_2024_new_gaokao_ii_042,english,visibility,ENG-G0-234,Unit 1 A land of diversity,0.056,ENG-G0-239,Unit 2 Sailing the oceans,0.028,ENG-G0-240,Unit 5 Inside advertising,0.028,,,,
4010,english_2024_new_gaokao_ii_043,english,to find,ENG-G0-215,Unit 2 Working the land,0.069,ENG-G0-200,Unit 2 English around the world,0.054,ENG-G0-209,Unit 1 Festivals around the world,0.051,,,,
4011,english_2024_new_gaokao_ii_044,english,Recalling,ENG-G0-233,Unit 5 Travelling abroad,0.129,ENG-G0-239,Unit 2 Sailing the oceans,0.091,ENG-G0-232,Unit 4 Sharing,0.087,,,,
4021,english_2024_zhejiang_002,english,"请按如下格式在答题卡的相应位置作答： Stand Up and Exercise, Everybody! _______",ENG-G0-231,Unit 3 Under the sea,0.100,ENG-G0-203,Unit 5 Nelson Mandela-a modern hero,0.043,ENG-G0-232,Unit 4 Sharing,0.036,,,,
4029,english_2024_zhejiang_004,english,What will the speakers have for dinner today?,ENG-G0-231,Unit 3 Under the sea,0.040,ENG-G0-215,Unit 2 Working the land,0.036,ENG-G0-207,Unit 4 Wildlife protection,0.034,,,,
4031,english_2024_zhejiang_005,english,Why did the author use the telephone box in 2006?,ENG-G0-215,Unit 2 Working the land,0.037,ENG-G0-200,Unit 2 English around the world,0.032,ENG-G0-209,Unit 1 Festivals around the world,0.031,,,,
4033,english_2024_zhejiang_006,english,What do we know about the “mini community library”?,ENG-G0-211,Unit 3 The Million Pound Bank Note,0.079,ENG-G0-222,Unit 4 Making the news,0.077,ENG-G0-215,Unit 2 Working the land,0.075,,,,
4035,english_2024_zhejiang_007,english,"Whose birthday is it? 听第7段材料,回答第8、9题。",ENG-G0-202,Unit 4 Earthquakes,0.049,ENG-G0-229,Unit 1 Living well,0.049,ENG-G0-227,Unit 4 Global warming,0.045,,,,
4037,english_2024_zhejiang_008,english,What does the project aim to do?,ENG-G0-207,Unit 4 Wildlife protection,0.060,ENG-G0-209,Unit 1 Festivals around the world,0.053,ENG-G0-215,Unit 2 Working the land,0.042,,,,
4039,english_2024_zhejiang_009,english,Who are opposed to the project?,ENG-G0-207,Unit 4 Wildlife protection,0.060,ENG-G0-215,Unit 2 Working the land,0.042,ENG-G0-200,Unit 2 English around the world,0.036,,,,
4041,english_2024_zhejiang_010,english,Why does Dr. Doswell mention the tornadoes he saw in 1999? B,ENG-G0-236,Unit 3 Inventors and inventions,0.093,ENG-G0-229,Unit 1 Living well,0.061,ENG-G0-214,Unit 1 Women of achievement,0.053,,,,
4045,english_2024_zhejiang_012,english,What did the children need to do to get a second treat in Mi,ENG-G0-215,Unit 2 Working the land,0.036,ENG-G0-214,Unit 1 Women of achievement,0.034,ENG-G0-207,Unit 4 Wildlife protection,0.034,,,,
4054,english_2024_zhejiang_017,english,"What will Kevin probably do this Saturday? 听第10段材料, 回答第18至20",ENG-G0-207,Unit 4 Wildlife protection,0.053,ENG-G0-229,Unit 1 Living well,0.040,ENG-G0-227,Unit 4 Global warming,0.038,,,,
4055,english_2024_zhejiang_018,english,What caused the closure of Pittwater Road?,ENG-G0-215,Unit 2 Working the land,0.036,ENG-G0-221,Unit 3 Life in the future,0.035,ENG-G0-228,Unit 5 The power of nature,0.034,,,,
4056,english_2024_zhejiang_019,english,What happened at Town Hall Station?,ENG-G0-207,Unit 4 Wildlife protection,0.075,ENG-G0-237,Unit 4 Pygmalion,0.044,ENG-G0-236,Unit 3 Inventors and inventions,0.037,,,,
4058,english_2024_zhejiang_026,english,27,ENG-G0-225,Unit 2 Poems,0.067,ENG-G0-230,Unit 2 Robots,0.063,ENG-G0-235,Unit 2 Cloning,0.059,,,,
4059,english_2024_zhejiang_029,english,A writers B. historians C. workers D. students,ENG-G0-215,Unit 2 Working the land,0.077,ENG-G0-200,Unit 2 English around the world,0.067,ENG-G0-209,Unit 1 Festivals around the world,0.065,,,,
4061,english_2024_zhejiang_046,english,请你写一篇短文向校英文报“Sports and Health”栏目投稿，向同学们推荐一项适合课间开展的运动，内容包括：,ENG-G0-226,Unit 3 A healthy life,0.118,ENG-G0-210,Unit 2 Healthy eating,0.118,ENG-G0-232,Unit 4 Sharing,0.033,,,,
4063,english_2025_anhui_001,english,How will the woman probably get to Baxley?,ENG-G0-226,Unit 3 A healthy life,0.038,ENG-G0-210,Unit 2 Healthy eating,0.038,ENG-G0-207,Unit 4 Wildlife protection,0.035,,,,
4066,english_2025_anhui_002,english,续写线索：课堂受邀请解释名字的含义——作者阐释名字的寓意——同学们专注倾听——同学们对名字背后的文化感兴趣——作者教他们,ENG-G0-212,Unit 4,,ENG-G0-213,Unit 5,,ENG-G0-211,Unit 3 The Million Pound Bank Note,,,,,
4070,english_2025_anhui_003,english,What are the speakers talking about?,ENG-G0-215,Unit 2 Working the land,0.078,ENG-G0-220,Unit 2 The United Kingdom,0.060,ENG-G0-222,Unit 4 Making the news,0.059,,,,
4074,english_2025_anhui_004,english,Who does Ho teach at LPCH?,ENG-G0-207,Unit 4 Wildlife protection,0.043,ENG-G0-214,Unit 1 Women of achievement,0.043,ENG-G0-229,Unit 1 Living well,0.026,,,,
4077,english_2025_anhui_005,english,What does Linda suggest? 第二节(共15小题;每小题1. 5分，满分22. 5分) 听下面5段对,ENG-G0-209,Unit 1 Festivals around the world,0.055,ENG-G0-229,Unit 1 Living well,0.049,ENG-G0-214,Unit 1 Women of achievement,0.041,,,,
4080,english_2025_anhui_006,english,Why does Peter make the call?,ENG-G0-229,Unit 1 Living well,0.049,ENG-G0-222,Unit 4 Making the news,0.044,ENG-G0-215,Unit 2 Working the land,0.043,,,,
4082,english_2025_anhui_007,english,How does the hospital school benefit the students according ,ENG-G0-209,Unit 1 Festivals around the world,0.047,ENG-G0-218,Unit 5 Theme parks,0.020,ENG-G0-231,Unit 3 Under the sea,0.020,,,,
4086,english_2025_anhui_009,english,What is one of Knuth’s findings about plants?,ENG-G0-232,Unit 4 Sharing,0.043,ENG-G0-229,Unit 1 Living well,0.040,ENG-G0-227,Unit 4 Global warming,0.038,,,,
4088,english_2025_anhui_010,english,What is the probable relationship between the speakers?,ENG-G0-207,Unit 4 Wildlife protection,0.073,ENG-G0-236,Unit 3 Inventors and inventions,0.055,ENG-G0-199,Unit 1 Friendship,0.042,,,,
4090,english_2025_anhui_011,english,Who came up with the idea of going rock climbing?,ENG-G0-215,Unit 2 Working the land,0.056,ENG-G0-229,Unit 1 Living well,0.040,ENG-G0-220,Unit 2 The United Kingdom,0.038,,,,
4092,english_2025_anhui_012,english,What can be inferred about the author’s early life?,ENG-G0-215,Unit 2 Working the land,0.037,ENG-G0-200,Unit 2 English around the world,0.032,ENG-G0-209,Unit 1 Festivals around the world,0.031,,,,
4094,english_2025_anhui_013,english,Why did Blue Hill carry out the experiment?,ENG-G0-215,Unit 2 Working the land,0.036,ENG-G0-200,Unit 2 English around the world,0.032,ENG-G0-209,Unit 1 Festivals around the world,0.031,,,,
4098,english_2025_anhui_015,english,What can we learn about wastED?,ENG-G0-241,Unit 2 King Lear,0.049,ENG-G0-229,Unit 1 Living well,0.047,ENG-G0-220,Unit 2 The United Kingdom,0.043,,,,
4100,english_2025_anhui_016,english,Who is Susanna? 听第10段材料，回答第17至20题。,ENG-G0-229,Unit 1 Living well,0.053,ENG-G0-215,Unit 2 Working the land,0.047,ENG-G0-214,Unit 1 Women of achievement,0.043,,,,
4101,english_2025_anhui_017,english,Who is the Mini Camp intended for?,ENG-G0-231,Unit 3 Under the sea,0.044,ENG-G0-218,Unit 5 Theme parks,0.044,ENG-G0-227,Unit 4 Global warming,0.042,,,,
4102,english_2025_anhui_018,english,Which activity does the Older Summer Camp organize?,ENG-G0-209,Unit 1 Festivals around the world,0.063,ENG-G0-229,Unit 1 Living well,0.040,ENG-G0-231,Unit 3 Under the sea,0.040,,,,
4103,english_2025_anhui_019,english,What is a requirement for joining the field trips?,ENG-G0-214,Unit 1 Women of achievement,0.071,ENG-G0-215,Unit 2 Working the land,0.056,ENG-G0-235,Unit 2 Cloning,0.043,,,,
4106,english_2025_anhui_022,english,A. goodwill B. timeout C. long-distance D. wake-up,ENG-G0-234,Unit 1 A land of diversity,0.091,ENG-G0-226,Unit 3 A healthy life,0.058,ENG-G0-215,Unit 2 Working the land,0.056,,,,
4107,english_2025_anhui_023,english,A. normally B. ultimately C. suddenly D. automatically,ENG-G0-203,Unit 5 Nelson Mandela-a modern hero,0.063,ENG-G0-226,Unit 3 A healthy life,0.058,ENG-G0-242,Unit 5Enjoying novels,0.058,,,,
4108,english_2025_anhui_024,english,A. change B. fortune C. wish D. deal,ENG-G0-226,Unit 3 A healthy life,0.061,ENG-G0-234,Unit 1 A land of diversity,0.056,ENG-G0-200,Unit 2 English around the world,0.051,,,,
4110,english_2025_anhui_026,english,A. demand B. secret C. passion D. cure,ENG-G0-234,Unit 1 A land of diversity,0.093,ENG-G0-236,Unit 3 Inventors and inventions,0.074,ENG-G0-203,Unit 5 Nelson Mandela-a modern hero,0.063,,,,
4111,english_2025_anhui_027,english,A. peace B. fitness C. fun D. nature,ENG-G0-228,Unit 5 The power of nature,0.167,ENG-G0-221,Unit 3 Life in the future,0.100,ENG-G0-223,Unit 5 First aid,0.070,,,,
4112,english_2025_anhui_028,english,A. grow B. control C. activate D. relax,ENG-G0-204,Unit 1 Cultural relics,0.078,ENG-G0-209,Unit 1 Festivals around the world,0.048,ENG-G0-203,Unit 5 Nelson Mandela-a modern hero,0.047,,,,
4113,english_2025_anhui_029,english,A. need B. choice C. reason D. difference,ENG-G0-234,Unit 1 A land of diversity,0.091,ENG-G0-203,Unit 5 Nelson Mandela-a modern hero,0.079,ENG-G0-204,Unit 1 Cultural relics,0.057,,,,
4114,english_2025_anhui_030,english,A. green light B. road block C. passing mark D. stepping sto,ENG-G0-233,Unit 5 Travelling abroad,0.094,ENG-G0-240,Unit 5 Inside advertising,0.073,ENG-G0-227,Unit 4 Global warming,0.058,,,,
4115,english_2025_anhui_031,english,A. Help B. Consult C. Follow D. Forgive,ENG-G0-226,Unit 3 A healthy life,0.082,ENG-G0-203,Unit 5 Nelson Mandela-a modern hero,0.065,ENG-G0-234,Unit 1 A land of diversity,0.055,,,,
4117,english_2025_anhui_033,english,A. goal B. case C. duty D. cost,ENG-G0-234,Unit 1 A land of diversity,0.063,ENG-G0-223,Unit 5 First aid,0.051,ENG-G0-206,Unit 3 Computers,0.051,,,,
4118,english_2025_anhui_034,english,A. instructors B. admirers C. beginners D. doubters,ENG-G0-240,Unit 5 Inside advertising,0.094,ENG-G0-236,Unit 3 Inventors and inventions,0.094,ENG-G0-234,Unit 1 A land of diversity,0.054,,,,
4119,english_2025_anhui_035,english,A. authority B. excuse C. inspiration D. option,ENG-G0-236,Unit 3 Inventors and inventions,0.094,ENG-G0-240,Unit 5 Inside advertising,0.074,ENG-G0-207,Unit 4 Wildlife protection,0.054,,,,
4120,english_2025_anhui_037,english,central,ENG-G0-204,Unit 1 Cultural relics,0.107,ENG-G0-201,Unit 3 Travel journal,0.071,ENG-G0-235,Unit 2 Cloning,0.045,,,,
4121,english_2025_anhui_038,english,for 39. and,ENG-G0-236,Unit 3 Inventors and inventions,0.125,ENG-G0-234,Unit 1 A land of diversity,0.088,ENG-G0-223,Unit 5 First aid,0.080,,,,
4122,english_2025_anhui_040,english,myself 41. is,ENG-G0-208,Unit 5 Music,0.042,ENG-G0-222,Unit 4 Making the news,0.029,ENG-G0-221,Unit 3 Life in the future,0.027,,,,
4123,english_2025_anhui_042,english,to discover,ENG-G0-231,Unit 3 Under the sea,0.071,ENG-G0-228,Unit 5 The power of nature,0.056,ENG-G0-218,Unit 5 Theme parks,0.034,,,,
4124,english_2025_anhui_043,english,absence,ENG-G0-233,Unit 5 Travelling abroad,0.065,ENG-G0-224,Unit 1 Art,0.056,ENG-G0-238,Unit 5 Meeting your ancestors,0.056,,,,
4125,english_2025_anhui_044,english,afternoons,ENG-G0-236,Unit 3 Inventors and inventions,0.088,ENG-G0-224,Unit 1 Art,0.048,ENG-G0-203,Unit 5 Nelson Mandela-a modern hero,0.045,,,,
4126,english_2025_anhui_045,english,left 【解析】 【导语】本文是一篇记叙文。文章主要讲述了作者从美国到中国浙江农村生活的经历与感受。 【36题详解】 ,ENG-G0-241,Unit 2 King Lear,0.100,ENG-G0-229,Unit 1 Living well,0.043,ENG-G0-217,Unit 4 Body language,0.040,,,,
4127,english_2025_anhui_046,english,假定你是校英文报编辑李华，外教Chris上个月答应写一篇介绍加拿大体育运动的文章。请给 Chris写一封邮件，内容包括：,ENG-G0-235,Unit 2 Cloning,0.050,ENG-G0-206,Unit 3 Computers,0.045,ENG-G0-204,Unit 1 Cultural relics,0.036,,,,
4129,english_2025_new_gaokao_ii_001,english,How will the woman probably get to Baxley?,ENG-G0-226,Unit 3 A healthy life,0.038,ENG-G0-210,Unit 2 Healthy eating,0.038,ENG-G0-207,Unit 4 Wildlife protection,0.035,,,,
4132,english_2025_new_gaokao_ii_002,english,What is a feature of Shrewsbury Town Center?,ENG-G0-228,Unit 5 The power of nature,0.053,ENG-G0-210,Unit 2 Healthy eating,0.038,ENG-G0-219,Unit 1 Great scientists,0.036,,,,
4135,english_2025_new_gaokao_ii_003,english,请按照题号顺序在答题卡各题目的答题区域内作答，超出答题区域书写的答案无效;在草稿纸、试卷上答题无效。,ENG-G0-212,Unit 4,,ENG-G0-213,Unit 5,,ENG-G0-211,Unit 3 The Million Pound Bank Note,,,,,
4138,english_2025_new_gaokao_ii_004,english,作图可先使用铅笔画出，确定后必须用黑色字迹的签字笔描黑。,ENG-G0-212,Unit 4,,ENG-G0-213,Unit 5,,ENG-G0-211,Unit 3 The Million Pound Bank Note,,,,,
4140,english_2025_new_gaokao_ii_005,english,保持卡面清洁，不要折叠、不要弄破、弄皱，不准使用涂改液、修正带、刮纸刀。 第一部分 听力(共两节，满分30分) 做题时，,ENG-G0-212,Unit 4,,ENG-G0-213,Unit 5,,ENG-G0-211,Unit 3 The Million Pound Bank Note,,,,,
4143,english_2025_new_gaokao_ii_006,english,Why does Peter make the call?,ENG-G0-229,Unit 1 Living well,0.049,ENG-G0-222,Unit 4 Making the news,0.044,ENG-G0-215,Unit 2 Working the land,0.043,,,,
4149,english_2025_new_gaokao_ii_009,english,What is Sam’s attitude towards the school policies? 听第8段材料，回,ENG-G0-239,Unit 2 Sailing the oceans,0.054,ENG-G0-231,Unit 3 Under the sea,0.040,ENG-G0-227,Unit 4 Global warming,0.038,,,,
4151,english_2025_new_gaokao_ii_010,english,What does Detrinidad try to explain by mentioning doctors an,ENG-G0-232,Unit 4 Sharing,0.021,ENG-G0-229,Unit 1 Living well,0.020,ENG-G0-227,Unit 4 Global warming,0.019,,,,
4155,english_2025_new_gaokao_ii_012,english,What can be inferred about the author’s early life?,ENG-G0-215,Unit 2 Working the land,0.037,ENG-G0-200,Unit 2 English around the world,0.032,ENG-G0-209,Unit 1 Festivals around the world,0.031,,,,
4157,english_2025_new_gaokao_ii_013,english,What did Frank do before coming to Susanna?,ENG-G0-227,Unit 4 Global warming,0.058,ENG-G0-229,Unit 1 Living well,0.040,ENG-G0-215,Unit 2 Working the land,0.036,,,,
4163,english_2025_new_gaokao_ii_016,english,Who is Susanna? 听第10段材料，回答第17至20题。,ENG-G0-229,Unit 1 Living well,0.053,ENG-G0-215,Unit 2 Working the land,0.047,ENG-G0-214,Unit 1 Women of achievement,0.043,,,,
4164,english_2025_new_gaokao_ii_017,english,Who is the Mini Camp intended for?,ENG-G0-231,Unit 3 Under the sea,0.044,ENG-G0-218,Unit 5 Theme parks,0.044,ENG-G0-227,Unit 4 Global warming,0.042,,,,
4165,english_2025_new_gaokao_ii_018,english,Which activity does the Older Summer Camp organize?,ENG-G0-209,Unit 1 Festivals around the world,0.063,ENG-G0-229,Unit 1 Living well,0.040,ENG-G0-231,Unit 3 Under the sea,0.040,,,,
4166,english_2025_new_gaokao_ii_019,english,What is a requirement for joining the field trips?,ENG-G0-214,Unit 1 Women of achievement,0.071,ENG-G0-215,Unit 2 Working the land,0.056,ENG-G0-235,Unit 2 Cloning,0.043,,,,
4169,english_2025_new_gaokao_ii_022,english,A. goodwill B. timeout C. long-distance D. wake-up,ENG-G0-234,Unit 1 A land of diversity,0.091,ENG-G0-226,Unit 3 A healthy life,0.058,ENG-G0-215,Unit 2 Working the land,0.056,,,,
4170,english_2025_new_gaokao_ii_023,english,A. normally B. ultimately C. suddenly D. automatically,ENG-G0-203,Unit 5 Nelson Mandela-a modern hero,0.063,ENG-G0-226,Unit 3 A healthy life,0.058,ENG-G0-242,Unit 5Enjoying novels,0.058,,,,
4171,english_2025_new_gaokao_ii_024,english,A. change B. fortune C. wish D. deal,ENG-G0-226,Unit 3 A healthy life,0.061,ENG-G0-234,Unit 1 A land of diversity,0.056,ENG-G0-200,Unit 2 English around the world,0.051,,,,
4173,english_2025_new_gaokao_ii_026,english,A. demand B. secret C. passion D. cure,ENG-G0-234,Unit 1 A land of diversity,0.093,ENG-G0-236,Unit 3 Inventors and inventions,0.074,ENG-G0-203,Unit 5 Nelson Mandela-a modern hero,0.063,,,,
4174,english_2025_new_gaokao_ii_027,english,A. peace B. fitness C. fun D. nature 28 A. grow B. control C,ENG-G0-228,Unit 5 The power of nature,0.135,ENG-G0-221,Unit 3 Life in the future,0.074,ENG-G0-223,Unit 5 First aid,0.065,,,,
4175,english_2025_new_gaokao_ii_029,english,A. need B. choice C. reason D. difference,ENG-G0-234,Unit 1 A land of diversity,0.091,ENG-G0-203,Unit 5 Nelson Mandela-a modern hero,0.079,ENG-G0-204,Unit 1 Cultural relics,0.057,,,,
4176,english_2025_new_gaokao_ii_030,english,A. green light B. road block C. passing mark D. stepping sto,ENG-G0-233,Unit 5 Travelling abroad,0.094,ENG-G0-240,Unit 5 Inside advertising,0.073,ENG-G0-227,Unit 4 Global warming,0.058,,,,
4178,english_2025_new_gaokao_ii_033,english,A. goal B. case C. duty D. cost,ENG-G0-234,Unit 1 A land of diversity,0.063,ENG-G0-223,Unit 5 First aid,0.051,ENG-G0-206,Unit 3 Computers,0.051,,,,
4179,english_2025_new_gaokao_ii_034,english,A. instructors B. admirers C. beginners D. doubters,ENG-G0-240,Unit 5 Inside advertising,0.094,ENG-G0-236,Unit 3 Inventors and inventions,0.094,ENG-G0-234,Unit 1 A land of diversity,0.054,,,,
4181,english_2025_new_gaokao_ii_046,english,假定你是校英文报编辑李华，外教Chris上个月答应写一篇介绍加拿大体育运动的文章。请给 Chris写一封邮件，内容包括：,ENG-G0-235,Unit 2 Cloning,0.050,ENG-G0-206,Unit 3 Computers,0.045,ENG-G0-204,Unit 1 Cultural relics,0.036,,,,
4183,english_2025_zhejiang_001,english,【此处可播放相关音频，请去附件查看】 What does the man plan to do?,ENG-G0-209,Unit 1 Festivals around the world,0.065,ENG-G0-218,Unit 5 Theme parks,0.063,ENG-G0-215,Unit 2 Working the land,0.054,,,,
4184,english_2025_zhejiang_002,english,续写线索：Kevin向Green夫妇解释——Green夫妇的反应——真相揭露——Kevin和Green去警察局——事情解,ENG-G0-219,Unit 1 Great scientists,0.091,ENG-G0-241,Unit 2 King Lear,0.036,ENG-G0-229,Unit 1 Living well,0.033,,,,
4187,english_2025_zhejiang_003,english,词汇激活： 行为类 ①进入：enter/come into ②拥抱：hug/embrace ③找回：retrieve/g,ENG-G0-206,Unit 3 Computers,0.129,ENG-G0-210,Unit 2 Healthy eating,0.053,ENG-G0-236,Unit 3 Inventors and inventions,0.048,,,,
4189,english_2025_zhejiang_004,english,【此处可播放相关音频，请去附件查看】 Where does the conversation take place?,ENG-G0-209,Unit 1 Festivals around the world,0.065,ENG-G0-215,Unit 2 Working the land,0.054,ENG-G0-200,Unit 2 English around the world,0.044,,,,
4191,english_2025_zhejiang_006,english,What does Steve think of his training?,ENG-G0-235,Unit 2 Cloning,0.068,ENG-G0-229,Unit 1 Living well,0.063,ENG-G0-227,Unit 4 Global warming,0.059,,,,
4192,english_2025_zhejiang_007,english,How long does Steve train each day?,ENG-G0-220,Unit 2 The United Kingdom,0.041,ENG-G0-214,Unit 1 Women of achievement,0.037,ENG-G0-235,Unit 2 Cloning,0.023,,,,
4193,english_2025_zhejiang_008,english,What does Mark say about live drawing?,ENG-G0-229,Unit 1 Living well,0.085,ENG-G0-227,Unit 4 Global warming,0.059,ENG-G0-215,Unit 2 Working the land,0.057,,,,
4194,english_2025_zhejiang_009,english,What is the new thing that Mark wants to draw on?,ENG-G0-222,Unit 4 Making the news,0.058,ENG-G0-215,Unit 2 Working the land,0.057,ENG-G0-218,Unit 5 Theme parks,0.041,,,,
4195,english_2025_zhejiang_010,english,Where do Mark’s inspirations come from?,ENG-G0-236,Unit 3 Inventors and inventions,0.054,ENG-G0-207,Unit 4 Wildlife protection,0.053,ENG-G0-240,Unit 5 Inside advertising,0.035,,,,
4196,english_2025_zhejiang_011,english,What position is the man interested in?,ENG-G0-207,Unit 4 Wildlife protection,0.053,ENG-G0-209,Unit 1 Festivals around the world,0.047,ENG-G0-235,Unit 2 Cloning,0.043,,,,
4197,english_2025_zhejiang_012,english,What will be provided for the job?,ENG-G0-207,Unit 4 Wildlife protection,0.058,ENG-G0-215,Unit 2 Working the land,0.040,ENG-G0-200,Unit 2 English around the world,0.034,,,,
4198,english_2025_zhejiang_013,english,What is needed to do the job?,ENG-G0-215,Unit 2 Working the land,0.044,ENG-G0-200,Unit 2 English around the world,0.038,ENG-G0-209,Unit 1 Festivals around the world,0.036,,,,
4199,english_2025_zhejiang_014,english,What does the man do?,ENG-G0-215,Unit 2 Working the land,0.079,ENG-G0-209,Unit 1 Festivals around the world,0.063,ENG-G0-218,Unit 5 Theme parks,0.059,,,,
4200,english_2025_zhejiang_015,english,Why does the man say sorry to the woman?,ENG-G0-209,Unit 1 Festivals around the world,0.049,ENG-G0-218,Unit 5 Theme parks,0.043,ENG-G0-215,Unit 2 Working the land,0.038,,,,
4201,english_2025_zhejiang_016,english,What is the man’s advice for the woman?,ENG-G0-219,Unit 1 Great scientists,0.060,ENG-G0-239,Unit 2 Sailing the oceans,0.058,ENG-G0-218,Unit 5 Theme parks,0.043,,,,
4202,english_2025_zhejiang_017,english,What will the woman probably do next?,ENG-G0-207,Unit 4 Wildlife protection,0.055,ENG-G0-227,Unit 4 Global warming,0.039,ENG-G0-215,Unit 2 Working the land,0.038,,,,
4203,english_2025_zhejiang_018,english,Why do many birds live in the city?,ENG-G0-234,Unit 1 A land of diversity,0.058,ENG-G0-229,Unit 1 Living well,0.044,ENG-G0-220,Unit 2 The United Kingdom,0.042,,,,
4204,english_2025_zhejiang_019,english,What does Christina find surprising? C Some birds are attrac,ENG-G0-240,Unit 5 Inside advertising,0.075,ENG-G0-229,Unit 1 Living well,0.064,ENG-G0-227,Unit 4 Global warming,0.060,,,,
4205,english_2025_zhejiang_020,english,What is Christina’s suggestion concerning the birds?,ENG-G0-219,Unit 1 Great scientists,0.058,ENG-G0-207,Unit 4 Wildlife protection,0.055,ENG-G0-238,Unit 5 Meeting your ancestors,0.052,,,,
4206,english_2025_zhejiang_021,english,Who can use the ILL service?,ENG-G0-215,Unit 2 Working the land,0.044,ENG-G0-200,Unit 2 English around the world,0.038,ENG-G0-209,Unit 1 Festivals around the world,0.036,,,,
4207,english_2025_zhejiang_022,english,What is a rule for borrowing a print book through ILL?,ENG-G0-232,Unit 4 Sharing,0.043,ENG-G0-229,Unit 1 Living well,0.040,ENG-G0-227,Unit 4 Global warming,0.038,,,,
4210,english_2025_zhejiang_025,english,Which of the following would Markey disapprove of?,ENG-G0-215,Unit 2 Working the land,0.056,ENG-G0-218,Unit 5 Theme parks,0.040,ENG-G0-229,Unit 1 Living well,0.040,,,,
4211,english_2025_zhejiang_026,english,What should kids do according to the “Division of Responsibi,ENG-G0-215,Unit 2 Working the land,0.075,ENG-G0-220,Unit 2 The United Kingdom,0.058,ENG-G0-222,Unit 4 Making the news,0.057,,,,
4212,english_2025_zhejiang_027,english,What does the author think of the strategies she has been fo,ENG-G0-209,Unit 1 Festivals around the world,0.048,ENG-G0-215,Unit 2 Working the land,0.038,ENG-G0-200,Unit 2 English around the world,0.033,,,,
4214,english_2025_zhejiang_029,english,Why was the idea of matrix planting introduced?,ENG-G0-215,Unit 2 Working the land,0.075,ENG-G0-229,Unit 1 Living well,0.040,ENG-G0-210,Unit 2 Healthy eating,0.038,,,,
4215,english_2025_zhejiang_030,english,Which of the following best describes Piet Oudolf’s gardens?,ENG-G0-215,Unit 2 Working the land,0.057,ENG-G0-209,Unit 1 Festivals around the world,0.048,ENG-G0-229,Unit 1 Living well,0.041,,,,
4216,english_2025_zhejiang_031,english,Which of the following can be a suitable title for the text?,ENG-G0-215,Unit 2 Working the land,0.056,ENG-G0-229,Unit 1 Living well,0.040,ENG-G0-220,Unit 2 The United Kingdom,0.038,,,,
4217,english_2025_zhejiang_032,english,What is the purpose of making new technologies genderless?,ENG-G0-222,Unit 4 Making the news,0.120,ENG-G0-215,Unit 2 Working the land,0.075,ENG-G0-220,Unit 2 The United Kingdom,0.058,,,,
4219,english_2025_zhejiang_034,english,Why is it difficult to create genderless objects?,ENG-G0-231,Unit 3 Under the sea,0.040,ENG-G0-204,Unit 1 Cultural relics,0.037,ENG-G0-219,Unit 1 Great scientists,0.036,,,,
4222,english_2025_zhejiang_042,english,A. hobby B. energy C. education D. money,ENG-G0-203,Unit 5 Nelson Mandela-a modern hero,0.081,ENG-G0-236,Unit 3 Inventors and inventions,0.074,ENG-G0-200,Unit 2 English around the world,0.067,,,,
4223,english_2025_zhejiang_043,english,A. coworkers B. students C. relatives D. strangers,ENG-G0-204,Unit 1 Cultural relics,0.077,ENG-G0-234,Unit 1 A land of diversity,0.071,ENG-G0-206,Unit 3 Computers,0.064,,,,
4224,english_2025_zhejiang_044,english,A. pays B. charges C. owes D. raises,ENG-G0-228,Unit 5 The power of nature,0.056,ENG-G0-234,Unit 1 A land of diversity,0.056,ENG-G0-218,Unit 5 Theme parks,0.043,,,,
4225,english_2025_zhejiang_045,english,A. pursuing B. choosing C. discussing D. changing,ENG-G0-240,Unit 5 Inside advertising,0.077,ENG-G0-234,Unit 1 A land of diversity,0.075,ENG-G0-235,Unit 2 Cloning,0.071,,,,
4226,english_2025_zhejiang_046,english,A. passing on B. trying out C. going over D. taking down,ENG-G0-233,Unit 5 Travelling abroad,0.080,ENG-G0-218,Unit 5 Theme parks,0.067,ENG-G0-242,Unit 5Enjoying novels,0.063,,,,
4227,english_2025_zhejiang_047,english,A. hire B. help C. meet D. train,ENG-G0-238,Unit 5 Meeting your ancestors,0.100,ENG-G0-226,Unit 3 A healthy life,0.093,ENG-G0-203,Unit 5 Nelson Mandela-a modern hero,0.091,,,,
4228,english_2025_zhejiang_048,english,A. in addition to B. in return for C. in honor of D. in line,ENG-G0-236,Unit 3 Inventors and inventions,0.122,ENG-G0-221,Unit 3 Life in the future,0.058,ENG-G0-240,Unit 5 Inside advertising,0.058,,,,
4229,english_2025_zhejiang_049,english,A. replaces B. tastes C. orders D. pairs,ENG-G0-234,Unit 1 A land of diversity,0.071,ENG-G0-218,Unit 5 Theme parks,0.061,ENG-G0-228,Unit 5 The power of nature,0.053,,,,
4230,english_2025_zhejiang_050,english,A. opposed B. related C. subject D. vital,ENG-G0-204,Unit 1 Cultural relics,0.077,ENG-G0-234,Unit 1 A land of diversity,0.071,ENG-G0-203,Unit 5 Nelson Mandela-a modern hero,0.063,,,,
4231,english_2025_zhejiang_051,english,A. invaluable B. impersonal C. unsuitable D. unprofessional,ENG-G0-236,Unit 3 Inventors and inventions,0.137,ENG-G0-240,Unit 5 Inside advertising,0.115,ENG-G0-234,Unit 1 A land of diversity,0.113,,,,
4232,english_2025_zhejiang_052,english,A. surprise B. end C. need D. problem,ENG-G0-203,Unit 5 Nelson Mandela-a modern hero,0.065,ENG-G0-207,Unit 4 Wildlife protection,0.055,ENG-G0-200,Unit 2 English around the world,0.050,,,,
4233,english_2025_zhejiang_053,english,A. lesson B. pleasure C. success D. challenge,ENG-G0-241,Unit 2 King Lear,0.065,ENG-G0-226,Unit 3 A healthy life,0.059,ENG-G0-234,Unit 1 A land of diversity,0.054,,,,
4235,english_2025_zhejiang_055,english,A. selected B. reserved C. evaluated D. requested,ENG-G0-231,Unit 3 Under the sea,0.041,ENG-G0-226,Unit 3 A healthy life,0.038,ENG-G0-204,Unit 1 Cultural relics,0.038,,,,
4236,english_2025_zhejiang_058,english,on 59. and,ENG-G0-236,Unit 3 Inventors and inventions,0.129,ENG-G0-234,Unit 1 A land of diversity,0.125,ENG-G0-215,Unit 2 Working the land,0.065,,,,
4237,english_2025_zhejiang_060,english,to rent,ENG-G0-236,Unit 3 Inventors and inventions,0.065,ENG-G0-214,Unit 1 Women of achievement,0.063,ENG-G0-218,Unit 5 Theme parks,0.040,,,,
4238,english_2025_zhejiang_061,english,solution,ENG-G0-207,Unit 4 Wildlife protection,0.091,ENG-G0-237,Unit 4 Pygmalion,0.083,ENG-G0-236,Unit 3 Inventors and inventions,0.061,,,,
4239,english_2025_zhejiang_062,english,is 63. which,ENG-G0-229,Unit 1 Living well,0.034,ENG-G0-227,Unit 4 Global warming,0.031,ENG-G0-215,Unit 2 Working the land,0.029,,,,
4240,english_2025_zhejiang_064,english,people’s,ENG-G0-225,Unit 2 Poems,0.048,ENG-G0-232,Unit 4 Sharing,0.043,ENG-G0-237,Unit 4 Pygmalion,0.040,,,,
4241,english_2025_zhejiang_065,english,returning,ENG-G0-235,Unit 2 Cloning,0.136,ENG-G0-204,Unit 1 Cultural relics,0.100,ENG-G0-232,Unit 4 Sharing,0.087,,,,
4242,english_2025_zhejiang_066,english,你将参加英语课上的“一分钟演讲”活动。请你针对部分同学在校园内用手机拍摄短视频的现象写一篇演讲稿，内容包括： (1) 陈,ENG-G0-212,Unit 4,,ENG-G0-213,Unit 5,,ENG-G0-211,Unit 3 The Million Pound Bank Note,,,,,
7202,english_2024_beijing_002,english,A. hesitancy B. interest C. worry D. regret,ENG-G0-209,Unit 1 Festivals around the world,0.081,ENG-G0-226,Unit 3 A healthy life,0.078,ENG-G0-200,Unit 2 English around the world,0.066,,,,
7204,english_2024_beijing_003,english,A. game B. show C. play D. line,ENG-G0-226,Unit 3 A healthy life,0.093,ENG-G0-205,Unit 2 The Olympic Games,0.087,ENG-G0-234,Unit 1 A land of diversity,0.061,,,,
7205,english_2024_beijing_004,english,A. suddenly B. continuously C. originally D. generally,ENG-G0-234,Unit 1 A land of diversity,0.053,ENG-G0-206,Unit 3 Computers,0.042,ENG-G0-226,Unit 3 A healthy life,0.038,,,,
7206,english_2024_beijing_005,english,A. advertised B. tested C. challenged D. polished,ENG-G0-240,Unit 5 Inside advertising,0.160,ENG-G0-220,Unit 2 The United Kingdom,0.059,ENG-G0-234,Unit 1 A land of diversity,0.054,,,,
7207,english_2024_beijing_006,english,A. demand B. credit C. dream D. chance,ENG-G0-234,Unit 1 A land of diversity,0.075,ENG-G0-203,Unit 5 Nelson Mandela-a modern hero,0.066,ENG-G0-238,Unit 5 Meeting your ancestors,0.053,,,,
7208,english_2024_beijing_007,english,A. traded B. posted C. questioned D. claimed,ENG-G0-233,Unit 5 Travelling abroad,0.074,ENG-G0-209,Unit 1 Festivals around the world,0.063,ENG-G0-211,Unit 3 The Million Pound Bank Note,0.063,,,,
7209,english_2024_beijing_008,english,A. well up B. roll in C. stand out D. go off,ENG-G0-229,Unit 1 Living well,0.083,ENG-G0-233,Unit 5 Travelling abroad,0.074,ENG-G0-234,Unit 1 A land of diversity,0.071,,,,
7210,english_2024_beijing_009,english,A. whispering B. arguing C. clapping D. stretching,ENG-G0-235,Unit 2 Cloning,0.071,ENG-G0-224,Unit 1 Art,0.051,ENG-G0-200,Unit 2 English around the world,0.051,,,,
7211,english_2024_beijing_010,english,A. funnier B. fairer C. cleverer D. braver,ENG-G0-234,Unit 1 A land of diversity,0.055,ENG-G0-235,Unit 2 Cloning,0.045,ENG-G0-223,Unit 5 First aid,0.043,,,,
7212,english_2024_beijing_012,english,self-awareness,ENG-G0-231,Unit 3 Under the sea,0.063,ENG-G0-224,Unit 1 Art,0.040,ENG-G0-232,Unit 4 Sharing,0.034,,,,
7213,english_2024_beijing_013,english,gives 14. boundaries,ENG-G0-211,Unit 3 The Million Pound Bank Note,0.059,ENG-G0-217,Unit 4 Body language,0.053,ENG-G0-205,Unit 2 The Olympic Games,0.048,,,,
7214,english_2024_beijing_016,english,asked 17. who,ENG-G0-214,Unit 1 Women of achievement,0.054,ENG-G0-200,Unit 2 English around the world,0.048,ENG-G0-209,Unit 1 Festivals around the world,0.045,,,,
7215,english_2024_beijing_020,english,jogged,ENG-G0-201,Unit 3 Travel journal,0.074,ENG-G0-220,Unit 2 The United Kingdom,0.036,ENG-G0-213,Unit 5,,,,,
7217,english_2024_beijing_022,english,"To complete the programme, students are required to ________",ENG-G0-231,Unit 3 Under the sea,0.061,ENG-G0-218,Unit 5 Theme parks,0.061,ENG-G0-239,Unit 2 Sailing the oceans,0.054,,,,
7218,english_2024_beijing_023,english,What do students need to do during the registration?,ENG-G0-215,Unit 2 Working the land,0.056,ENG-G0-232,Unit 4 Sharing,0.043,ENG-G0-229,Unit 1 Living well,0.040,,,,
7220,english_2024_beijing_025,english,"In her 30s, the author _________.",ENG-G0-221,Unit 3 Life in the future,0.125,ENG-G0-218,Unit 5 Theme parks,0.086,ENG-G0-231,Unit 3 Under the sea,0.086,,,,
7221,english_2024_beijing_026,english,Which word would best describe the author’s dream?,ENG-G0-209,Unit 1 Festivals around the world,0.063,ENG-G0-215,Unit 2 Working the land,0.056,ENG-G0-200,Unit 2 English around the world,0.048,,,,
7222,english_2024_beijing_027,english,What can we learn from this passage?,ENG-G0-241,Unit 2 King Lear,0.044,ENG-G0-229,Unit 1 Living well,0.043,ENG-G0-217,Unit 4 Body language,0.041,,,,
7225,english_2024_beijing_030,english,"As for Kant’s argument, the author is _________. 31 It is im",ENG-G0-239,Unit 2 Sailing the oceans,0.096,ENG-G0-231,Unit 3 Under the sea,0.087,ENG-G0-215,Unit 2 Working the land,0.078,,,,
7227,english_2024_beijing_033,english,What can we learn from this passage?,ENG-G0-241,Unit 2 King Lear,0.044,ENG-G0-229,Unit 1 Living well,0.043,ENG-G0-217,Unit 4 Body language,0.041,,,,
7228,english_2024_beijing_034,english,Which would be the best title for this passage? C Brains: Wa,ENG-G0-209,Unit 1 Festivals around the world,0.047,ENG-G0-215,Unit 2 Working the land,0.036,ENG-G0-200,Unit 2 English around the world,0.032,,,,
7230,english_2024_beijing_041,english,What was the solution by the adviser and the author after th,ENG-G0-207,Unit 4 Wildlife protection,0.054,ENG-G0-215,Unit 2 Working the land,0.037,ENG-G0-236,Unit 3 Inventors and inventions,0.036,,,,
7232,english_2024_beijing_042,english,The adviser considered the author’s experience in the lab a ,ENG-G0-231,Unit 3 Under the sea,0.136,ENG-G0-239,Unit 2 Sailing the oceans,0.075,ENG-G0-240,Unit 5 Inside advertising,0.075,,,,
7241,english_2024_tianjin_003,english,"As a symbol of the glorious history of Chinese civilization,",ENG-G0-238,Unit 5 Meeting your ancestors,0.050,ENG-G0-236,Unit 3 Inventors and inventions,0.035,ENG-G0-200,Unit 2 English around the world,0.032,,,,
7242,english_2024_tianjin_004,english,The fence between the two tennis courts _________. Soon chil,ENG-G0-211,Unit 3 The Million Pound Bank Note,0.065,ENG-G0-218,Unit 5 Theme parks,0.064,ENG-G0-231,Unit 3 Under the sea,0.064,,,,
7243,english_2024_tianjin_005,english,We were worried that there would be a lot of disagreement at,ENG-G0-215,Unit 2 Working the land,0.059,ENG-G0-200,Unit 2 English around the world,0.051,ENG-G0-209,Unit 1 Festivals around the world,0.049,,,,
7246,english_2024_tianjin_008,english,"When he went out of his way to help me, I told him how _____",ENG-G0-236,Unit 3 Inventors and inventions,0.073,ENG-G0-214,Unit 1 Women of achievement,0.053,ENG-G0-218,Unit 5 Theme parks,0.040,,,,
7250,english_2024_tianjin_012,english,"Exercise is not only good for our bodies, but it can also __",ENG-G0-200,Unit 2 English around the world,0.032,ENG-G0-202,Unit 4 Earthquakes,0.020,ENG-G0-217,Unit 4 Body language,0.019,,,,
7251,english_2024_tianjin_013,english,"_________ focusing on winning the approval of others, try to",ENG-G0-235,Unit 2 Cloning,0.056,ENG-G0-220,Unit 2 The United Kingdom,0.047,ENG-G0-210,Unit 2 Healthy eating,0.047,,,,
7252,english_2024_tianjin_014,english,"—Do you remember little Julien from Grade Two? —Well, ______",ENG-G0-238,Unit 5 Meeting your ancestors,0.033,ENG-G0-199,Unit 1 Friendship,0.020,ENG-G0-218,Unit 5 Theme parks,0.020,,,,
7253,english_2024_tianjin_015,english,"Coffee may cause sleep disturbance, especially when ________",ENG-G0-206,Unit 3 Computers,0.042,ENG-G0-204,Unit 1 Cultural relics,0.037,ENG-G0-238,Unit 5 Meeting your ancestors,0.033,,,,
7254,english_2024_tianjin_016,english,The new model electric car should _________ many safety test,ENG-G0-222,Unit 4 Making the news,0.085,ENG-G0-200,Unit 2 English around the world,0.071,ENG-G0-209,Unit 1 Festivals around the world,0.069,,,,
7255,english_2024_tianjin_017,english,A. congratulation B. invitation C. rejection D. complaint,ENG-G0-236,Unit 3 Inventors and inventions,0.120,ENG-G0-204,Unit 1 Cultural relics,0.060,ENG-G0-221,Unit 3 Life in the future,0.057,,,,
7256,english_2024_tianjin_018,english,A. taking up B. preparing for C. calling off D. passing down,ENG-G0-233,Unit 5 Travelling abroad,0.096,ENG-G0-222,Unit 4 Making the news,0.078,ENG-G0-232,Unit 4 Sharing,0.068,,,,
7257,english_2024_tianjin_019,english,A. Consequently B. Hopefully C. Surprisingly D. Unfortunatel,ENG-G0-226,Unit 3 A healthy life,0.058,ENG-G0-236,Unit 3 Inventors and inventions,0.054,ENG-G0-203,Unit 5 Nelson Mandela-a modern hero,0.046,,,,
7258,english_2024_tianjin_020,english,A. requirement B. motivation C. imagination D. suggestion,ENG-G0-236,Unit 3 Inventors and inventions,0.093,ENG-G0-214,Unit 1 Women of achievement,0.071,ENG-G0-203,Unit 5 Nelson Mandela-a modern hero,0.063,,,,
7259,english_2024_tianjin_021,english,A. tough B. pleasant C. frightening D. reasonable,ENG-G0-199,Unit 1 Friendship,0.064,ENG-G0-220,Unit 2 The United Kingdom,0.059,ENG-G0-233,Unit 5 Travelling abroad,0.056,,,,
7260,english_2024_tianjin_022,english,A. care B. regret C. doubt D. know,ENG-G0-204,Unit 1 Cultural relics,0.063,ENG-G0-234,Unit 1 A land of diversity,0.058,ENG-G0-226,Unit 3 A healthy life,0.042,,,,
7261,english_2024_tianjin_023,english,A. nervous B. enthusiastic C. relaxed D. embarrassed,ENG-G0-203,Unit 5 Nelson Mandela-a modern hero,0.079,ENG-G0-204,Unit 1 Cultural relics,0.057,ENG-G0-200,Unit 2 English around the world,0.048,,,,
7263,english_2024_tianjin_026,english,A. came about B. faded away C. settled down D. paid off,ENG-G0-223,Unit 5 First aid,0.042,ENG-G0-231,Unit 3 Under the sea,0.040,ENG-G0-226,Unit 3 A healthy life,0.038,,,,
7264,english_2024_tianjin_027,english,A. officials B. candidates C. visitors D. employers,ENG-G0-234,Unit 1 A land of diversity,0.111,ENG-G0-236,Unit 3 Inventors and inventions,0.054,ENG-G0-214,Unit 1 Women of achievement,0.053,,,,
7265,english_2024_tianjin_028,english,A. great B. easy C. confusing D. complicated,ENG-G0-219,Unit 1 Great scientists,0.100,ENG-G0-206,Unit 3 Computers,0.091,ENG-G0-210,Unit 2 Healthy eating,0.082,,,,
7266,english_2024_tianjin_029,english,A. in advance B. on average C. by contrast D. for free,ENG-G0-240,Unit 5 Inside advertising,0.093,ENG-G0-234,Unit 1 A land of diversity,0.071,ENG-G0-233,Unit 5 Travelling abroad,0.055,,,,
7267,english_2024_tianjin_030,english,A. that B. when C. where D. whether,ENG-G0-231,Unit 3 Under the sea,0.108,ENG-G0-200,Unit 2 English around the world,0.102,ENG-G0-220,Unit 2 The United Kingdom,0.100,,,,
7268,english_2024_tianjin_031,english,A. salary B. degree C. award D. position,ENG-G0-234,Unit 1 A land of diversity,0.073,ENG-G0-225,Unit 2 Poems,0.047,ENG-G0-226,Unit 3 A healthy life,0.038,,,,
7271,english_2024_tianjin_034,english,A. set aside B. ask for C. put off D. contribute to,ENG-G0-206,Unit 3 Computers,0.065,ENG-G0-240,Unit 5 Inside advertising,0.055,ENG-G0-231,Unit 3 Under the sea,0.041,,,,
7272,english_2024_tianjin_035,english,A. give away B. insist on C. listen to D. fight for,ENG-G0-236,Unit 3 Inventors and inventions,0.096,ENG-G0-240,Unit 5 Inside advertising,0.096,ENG-G0-226,Unit 3 A healthy life,0.082,,,,
7273,english_2024_tianjin_036,english,A. proposals B. decisions C. comments D. mistakes,ENG-G0-236,Unit 3 Inventors and inventions,0.073,ENG-G0-207,Unit 4 Wildlife protection,0.071,ENG-G0-206,Unit 3 Computers,0.064,,,,
7274,english_2024_tianjin_038,english,A. sorrow B. delight C. surprise D. relief,ENG-G0-204,Unit 1 Cultural relics,0.078,ENG-G0-234,Unit 1 A land of diversity,0.054,ENG-G0-203,Unit 5 Nelson Mandela-a modern hero,0.047,,,,
7276,english_2024_tianjin_040,english,A. in spite of B. in case of C. in view of D. in consequence,ENG-G0-236,Unit 3 Inventors and inventions,0.080,ENG-G0-240,Unit 5 Inside advertising,0.080,ENG-G0-226,Unit 3 A healthy life,0.042,,,,
7278,english_2024_tianjin_042,english,A. embarrassed B. determined C. astonished D. puzzled,ENG-G0-234,Unit 1 A land of diversity,0.054,ENG-G0-203,Unit 5 Nelson Mandela-a modern hero,0.047,ENG-G0-226,Unit 3 A healthy life,0.038,,,,
7279,english_2024_tianjin_043,english,A. assign B. honor C. persuade D. monitor,ENG-G0-203,Unit 5 Nelson Mandela-a modern hero,0.117,ENG-G0-226,Unit 3 A healthy life,0.102,ENG-G0-234,Unit 1 A land of diversity,0.093,,,,
7280,english_2024_tianjin_044,english,A. reading B. singing C. praying D. applauding,ENG-G0-240,Unit 5 Inside advertising,0.058,ENG-G0-232,Unit 4 Sharing,0.048,ENG-G0-220,Unit 2 The United Kingdom,0.041,,,,
7282,english_2024_tianjin_046,english,A. concerned B. stuck C. impressed D. content,ENG-G0-203,Unit 5 Nelson Mandela-a modern hero,0.047,ENG-G0-206,Unit 3 Computers,0.043,ENG-G0-226,Unit 3 A healthy life,0.038,,,,
7283,english_2024_tianjin_047,english,A. negotiation B. mistake C. performance D. standard,ENG-G0-211,Unit 3 The Million Pound Bank Note,0.079,ENG-G0-203,Unit 5 Nelson Mandela-a modern hero,0.079,ENG-G0-222,Unit 4 Making the news,0.057,,,,
7284,english_2024_tianjin_048,english,A. when B. why C. where D. how,ENG-G0-203,Unit 5 Nelson Mandela-a modern hero,0.080,ENG-G0-226,Unit 3 A healthy life,0.079,ENG-G0-214,Unit 1 Women of achievement,0.045,,,,
7285,english_2024_tianjin_049,english,A. decision B. challenge C. instruction D. victory,ENG-G0-240,Unit 5 Inside advertising,0.093,ENG-G0-236,Unit 3 Inventors and inventions,0.073,ENG-G0-234,Unit 1 A land of diversity,0.053,,,,
7286,english_2024_tianjin_050,english,A. accurately B. carefully C. effortlessly D. poorly,ENG-G0-226,Unit 3 A healthy life,0.038,ENG-G0-204,Unit 1 Cultural relics,0.038,ENG-G0-214,Unit 1 Women of achievement,0.035,,,,
7287,english_2024_tianjin_051,english,A. give out B. break down C. turn up D. pay off,ENG-G0-218,Unit 5 Theme parks,0.061,ENG-G0-228,Unit 5 The power of nature,0.053,ENG-G0-234,Unit 1 A land of diversity,0.053,,,,
7288,english_2024_tianjin_052,english,A. beyond B. within C. upon D. across,ENG-G0-234,Unit 1 A land of diversity,0.077,ENG-G0-214,Unit 1 Women of achievement,0.077,ENG-G0-200,Unit 2 English around the world,0.070,,,,
7289,english_2024_tianjin_053,english,A. praised B. defended C. pushed D. criticized,ENG-G0-234,Unit 1 A land of diversity,0.054,ENG-G0-203,Unit 5 Nelson Mandela-a modern hero,0.047,ENG-G0-226,Unit 3 A healthy life,0.038,,,,
7290,english_2024_tianjin_054,english,A. viewed B. created C. ignored D. presented,ENG-G0-226,Unit 3 A healthy life,0.038,ENG-G0-219,Unit 1 Great scientists,0.036,ENG-G0-236,Unit 3 Inventors and inventions,0.035,,,,
7291,english_2024_tianjin_055,english,A. admires B. establishes C. measures D. describes,ENG-G0-238,Unit 5 Meeting your ancestors,0.070,ENG-G0-200,Unit 2 English around the world,0.068,ENG-G0-203,Unit 5 Nelson Mandela-a modern hero,0.048,,,,
7292,english_2024_tianjin_056,english,A. social B. mathematical C. psychological D. moral,ENG-G0-203,Unit 5 Nelson Mandela-a modern hero,0.063,ENG-G0-218,Unit 5 Theme parks,0.063,ENG-G0-222,Unit 4 Making the news,0.058,,,,
7296,english_2024_tianjin_060,english,"According to the author, how are humans different from many ",ENG-G0-210,Unit 2 Healthy eating,0.058,ENG-G0-226,Unit 3 A healthy life,0.058,ENG-G0-203,Unit 5 Nelson Mandela-a modern hero,0.046,,,,
7297,english_2024_tianjin_061,english,"According to the self-discrepancy theory, who presents the m",ENG-G0-234,Unit 1 A land of diversity,0.053,ENG-G0-238,Unit 5 Meeting your ancestors,0.050,ENG-G0-220,Unit 2 The United Kingdom,0.038,,,,
7299,english_2024_tianjin_063,english,"According to the author, what could be a purpose of voluntar",ENG-G0-215,Unit 2 Working the land,0.056,ENG-G0-214,Unit 1 Women of achievement,0.053,ENG-G0-200,Unit 2 English around the world,0.048,,,,
7301,english_2024_tianjin_065,english,What can be learnt about subconscious rereading?,ENG-G0-241,Unit 2 King Lear,0.042,ENG-G0-229,Unit 1 Living well,0.020,ENG-G0-202,Unit 4 Earthquakes,0.020,,,,
7302,english_2024_tianjin_066,english,What could be the best title for the passage?,ENG-G0-209,Unit 1 Festivals around the world,0.048,ENG-G0-215,Unit 2 Working the land,0.037,ENG-G0-200,Unit 2 English around the world,0.032,,,,
7304,english_2024_tianjin_068,english,Why did Addie feel happy on her way home?,ENG-G0-214,Unit 1 Women of achievement,0.034,ENG-G0-218,Unit 5 Theme parks,0.020,ENG-G0-229,Unit 1 Living well,0.020,,,,
7305,english_2024_tianjin_069,english,What can be learned about Miss Chevalier’s personality from ,ENG-G0-241,Unit 2 King Lear,0.042,ENG-G0-209,Unit 1 Festivals around the world,0.031,ENG-G0-237,Unit 4 Pygmalion,0.020,,,,
7307,english_2024_tianjin_071,english,What is the probable reason that Addie would never call Miss,ENG-G0-219,Unit 1 Great scientists,0.057,ENG-G0-227,Unit 4 Global warming,0.038,ENG-G0-215,Unit 2 Working the land,0.037,,,,
7310,english_2024_tianjin_074,english,The disastrous climatic impacts on the Arctic region have be,ENG-G0-200,Unit 2 English around the world,0.066,ENG-G0-209,Unit 1 Festivals around the world,0.063,ENG-G0-218,Unit 5 Theme parks,0.061,,,,
7311,english_2024_tianjin_075,english,Why is the frozen Arctic ground hard for water to get throug,ENG-G0-200,Unit 2 English around the world,0.083,ENG-G0-209,Unit 1 Festivals around the world,0.081,ENG-G0-211,Unit 3 The Million Pound Bank Note,0.046,,,,
7312,english_2024_tianjin_076,english,What lesson can we learn from the passage?,ENG-G0-241,Unit 2 King Lear,0.042,ENG-G0-229,Unit 1 Living well,0.040,ENG-G0-215,Unit 2 Working the land,0.036,,,,
7314,english_2024_tianjin_078,english,My grandmother has## had a rich life experience.##My grandmo,ENG-G0-203,Unit 5 Nelson Mandela-a modern hero,0.063,ENG-G0-226,Unit 3 A healthy life,0.059,ENG-G0-221,Unit 3 Life in the future,0.055,,,,
7316,english_2024_tianjin_079,english,Why did the author’s grandmother recycle the same answers to,ENG-G0-215,Unit 2 Working the land,0.057,ENG-G0-231,Unit 3 Under the sea,0.041,ENG-G0-239,Unit 2 Sailing the oceans,0.036,,,,
7318,english_2024_tianjin_080,english,How can people be successful in old age according to the aut,ENG-G0-217,Unit 4 Body language,0.038,ENG-G0-210,Unit 2 Healthy eating,0.019,ENG-G0-226,Unit 3 A healthy life,0.019,,,,
7320,english_2024_tianjin_081,english,We can help old people to learn new skills so that they can ,ENG-G0-241,Unit 2 King Lear,0.042,ENG-G0-229,Unit 1 Living well,0.040,ENG-G0-222,Unit 4 Making the news,0.037,,,,
7323,english_2024_tianjin_083,english,Because of its growing popularity and need for more space. O,ENG-G0-215,Unit 2 Working the land,0.056,ENG-G0-234,Unit 1 A land of diversity,0.053,ENG-G0-232,Unit 4 Sharing,0.043,,,,
7325,english_2024_tianjin_084,english,By slightly lowering the worktops. Or: The school makes the ,ENG-G0-215,Unit 2 Working the land,0.075,ENG-G0-228,Unit 5 The power of nature,0.071,ENG-G0-239,Unit 2 Sailing the oceans,0.054,,,,
7329,english_2024_tianjin_086,english,"Besides cooking, what other life skills would you like to de",ENG-G0-215,Unit 2 Working the land,0.096,ENG-G0-222,Unit 4 Making the news,0.077,ENG-G0-240,Unit 5 Inside advertising,0.073,,,,
7331,english_2024_tianjin_087,english,假设你是晨光中学的学生李津。一位外国游客近日在Understanding China网站上发布短视频，赞叹科技在中国人购,ENG-G0-231,Unit 3 Under the sea,0.208,ENG-G0-216,Unit3,0.143,ENG-G0-213,Unit 5,0.133,,,,
7332,english_2024_tianjin_088,english,假设你是晨光中学的学生李津，学校即将举办“低碳校园，从我做起”英语主题演讲活动，你要报名参加。请根据以下提示，写一篇演讲,ENG-G0-212,Unit 4,,ENG-G0-213,Unit 5,,ENG-G0-211,Unit 3 The Million Pound Bank Note,,,,,
7405,english_2024_new_gaokao_ii_036,english,A. grateful B. surprised C. convinced D. regretful,ENG-G0-219,Unit 1 Great scientists,0.056,ENG-G0-206,Unit 3 Computers,0.042,ENG-G0-226,Unit 3 A healthy life,0.038,,,,
7407,english_2024_new_gaokao_ii_038,english,A. unemployment B. health C. education D. communication,ENG-G0-210,Unit 2 Healthy eating,0.222,ENG-G0-226,Unit 3 A healthy life,0.222,ENG-G0-203,Unit 5 Nelson Mandela-a modern hero,0.097,,,,
7409,english_2024_new_gaokao_ii_040,english,A. come true B. come round C. come out D. come alive,ENG-G0-206,Unit 3 Computers,0.079,ENG-G0-200,Unit 2 English around the world,0.077,ENG-G0-209,Unit 1 Festivals around the world,0.074,,,,
7414,english_2024_new_gaokao_ii_048,english,completion,ENG-G0-206,Unit 3 Computers,0.167,ENG-G0-207,Unit 4 Wildlife protection,0.086,ENG-G0-237,Unit 4 Pygmalion,0.077,,,,
7415,english_2024_new_gaokao_ii_049,english,largest,ENG-G0-217,Unit 4 Body language,0.074,ENG-G0-215,Unit 2 Working the land,0.067,ENG-G0-234,Unit 1 A land of diversity,0.061,,,,
7416,english_2024_new_gaokao_ii_050,english,which 【解析】 【导语】本文是说明文。文章讲述了美国国家公园的由来，即四个男人发现了一处非常美的自然风景区，决定好,ENG-G0-229,Unit 1 Living well,0.042,ENG-G0-227,Unit 4 Global warming,0.037,ENG-G0-215,Unit 2 Working the land,0.034,,,,
7417,english_2024_new_gaokao_ii_051,english,"假定英语课上老师要求同桌之间交换修改作文, 请你修改你同桌写的以下作文。文中共有10处语言错误, 每句中最多有两处。每处",ENG-G0-212,Unit 4,,ENG-G0-213,Unit 5,,ENG-G0-211,Unit 3 The Million Pound Bank Note,,,,,
7434,english_2024_zhejiang_030,english,A anticipate B. imagine C. recall D. catch,ENG-G0-204,Unit 1 Cultural relics,0.057,ENG-G0-236,Unit 3 Inventors and inventions,0.054,ENG-G0-240,Unit 5 Inside advertising,0.035,,,,
7436,english_2024_zhejiang_037,english,or 38. that##which,ENG-G0-215,Unit 2 Working the land,0.081,ENG-G0-205,Unit 2 The Olympic Games,0.079,ENG-G0-239,Unit 2 Sailing the oceans,0.077,,,,
7437,english_2024_zhejiang_039,english,what 40. criticism,ENG-G0-235,Unit 2 Cloning,0.032,ENG-G0-206,Unit 3 Computers,0.030,ENG-G0-229,Unit 1 Living well,0.029,,,,
7438,english_2024_zhejiang_041,english,be offered,ENG-G0-217,Unit 4 Body language,0.033,ENG-G0-220,Unit 2 The United Kingdom,0.032,ENG-G0-211,Unit 3 The Million Pound Bank Note,0.023,,,,
7440,english_2024_zhejiang_043,english,designed,ENG-G0-220,Unit 2 The United Kingdom,0.033,ENG-G0-234,Unit 1 A land of diversity,0.029,ENG-G0-213,Unit 5,,,,,
7441,english_2024_zhejiang_044,english,the 45. ones,ENG-G0-205,Unit 2 The Olympic Games,0.161,ENG-G0-239,Unit 2 Sailing the oceans,0.121,ENG-G0-228,Unit 5 The power of nature,0.118,,,,
9406,english_2024_national_a_003,english,What can you do together with Javier Marin? C Visit a local ,ENG-G0-215,Unit 2 Working the land,0.036,ENG-G0-200,Unit 2 English around the world,0.032,ENG-G0-209,Unit 1 Festivals around the world,0.031,,,,
9407,english_2024_national_a_004,english,考查冠词。句意：一位服务员给了我们一些关于重庆的旅游手册。名词attendant 发音以元音音素开头，所以用不定冠词an,ENG-G0-226,Unit 3 A healthy life,0.091,ENG-G0-224,Unit 1 Art,0.083,ENG-G0-234,Unit 1 A land of diversity,0.074,,,,
9408,english_2024_national_a_005,english,What are the speakers mainly talking about? 第二节（共15小题; 每小题1.,ENG-G0-215,Unit 2 Working the land,0.075,ENG-G0-220,Unit 2 The United Kingdom,0.058,ENG-G0-222,Unit 4 Making the news,0.057,,,,
9409,english_2024_national_a_006,english,考查形容词。句意：当我们到达时，我们直接去了一家著名的餐馆，点了一些菜，味道很好。tasted是系动词，后接形容词作表语,ENG-G0-212,Unit 4,,ENG-G0-213,Unit 5,,ENG-G0-211,Unit 3 The Million Pound Bank Note,,,,,
9410,english_2024_national_a_007,english,What is a suitable title for the text?,ENG-G0-215,Unit 2 Working the land,0.038,ENG-G0-200,Unit 2 English around the world,0.033,ENG-G0-209,Unit 1 Festivals around the world,0.032,,,,
9411,english_2024_national_a_008,english,考查形容词。句意：那里的气氛使这顿饭更加愉快。more后接形容词形式，在句中作宾语补足语。故将enjoyed 改成enj,ENG-G0-208,Unit 5 Music,0.059,ENG-G0-203,Unit 5 Nelson Mandela-a modern hero,0.053,ENG-G0-222,Unit 4 Making the news,0.037,,,,
9412,english_2024_national_a_009,english,考查定语从句。句意：火锅意味着家人和朋友坐在一起，把他们喜欢的东西放在一个锅里，分享友谊和爱。分析句子结构可知，这里为定,ENG-G0-212,Unit 4,,ENG-G0-213,Unit 5,,ENG-G0-211,Unit 3 The Million Pound Bank Note,,,,,
9413,english_2024_national_a_010,english,shared→share,ENG-G0-232,Unit 4 Sharing,0.211,ENG-G0-231,Unit 3 Under the sea,0.038,ENG-G0-220,Unit 2 The United Kingdom,0.034,,,,
9414,english_2024_national_a_011,english,What is Ducke’s attitude toward the Saint Lukas’ services?,ENG-G0-239,Unit 2 Sailing the oceans,0.054,ENG-G0-231,Unit 3 Under the sea,0.040,ENG-G0-227,Unit 4 Global warming,0.038,,,,
9415,english_2024_national_a_012,english,How old was Mike when he left Glasgow?,ENG-G0-226,Unit 3 A healthy life,0.019,ENG-G0-210,Unit 2 Healthy eating,0.019,ENG-G0-203,Unit 5 Nelson Mandela-a modern hero,0.015,,,,
9416,english_2024_national_a_013,english,"What do we know about Mike's parents? 听第9段材料, 回答第14至16题。",ENG-G0-219,Unit 1 Great scientists,0.058,ENG-G0-214,Unit 1 Women of achievement,0.036,ENG-G0-230,Unit 2 Robots,0.023,,,,
9417,english_2024_national_a_014,english,What is the first question to Mr. Green about?,ENG-G0-219,Unit 1 Great scientists,0.096,ENG-G0-223,Unit 5 First aid,0.064,ENG-G0-209,Unit 1 Festivals around the world,0.063,,,,
9418,english_2024_national_a_015,english,Why does the author mention Peter Mountford and Elizabeth Si,ENG-G0-236,Unit 3 Inventors and inventions,0.073,ENG-G0-209,Unit 1 Festivals around the world,0.063,ENG-G0-214,Unit 1 Women of achievement,0.053,,,,
9419,english_2024_national_a_016,english,"Which is Mr. Green's favorite movie? 听第10段材料, 回答第17至20题。",ENG-G0-219,Unit 1 Great scientists,0.078,ENG-G0-214,Unit 1 Women of achievement,0.055,ENG-G0-227,Unit 4 Global warming,0.039,,,,
9420,english_2024_national_a_017,english,What is the speaker doing?,ENG-G0-215,Unit 2 Working the land,0.095,ENG-G0-229,Unit 1 Living well,0.079,ENG-G0-210,Unit 2 Healthy eating,0.073,,,,
9421,english_2024_national_a_018,english,What are the students expected to do?,ENG-G0-209,Unit 1 Festivals around the world,0.048,ENG-G0-220,Unit 2 The United Kingdom,0.039,ENG-G0-215,Unit 2 Working the land,0.038,,,,
9422,english_2024_national_a_019,english,Where can the parents stand and watch?,ENG-G0-215,Unit 2 Working the land,0.058,ENG-G0-218,Unit 5 Theme parks,0.042,ENG-G0-236,Unit 3 Inventors and inventions,0.036,,,,
9424,english_2024_national_a_021,english,A. sitting room B. kitchen C. yard D. dining hall,ENG-G0-234,Unit 1 A land of diversity,0.091,ENG-G0-238,Unit 5 Meeting your ancestors,0.068,ENG-G0-241,Unit 2 King Lear,0.064,,,,
9425,english_2024_national_a_022,english,A. As always B. By the way C. For example D. Here and now,ENG-G0-209,Unit 1 Festivals around the world,0.048,ENG-G0-223,Unit 5 First aid,0.043,ENG-G0-226,Unit 3 A healthy life,0.039,,,,
9426,english_2024_national_a_023,english,A. adjusted B. promoted C. achieved D. experienced,ENG-G0-214,Unit 1 Women of achievement,0.143,ENG-G0-207,Unit 4 Wildlife protection,0.077,ENG-G0-226,Unit 3 A healthy life,0.041,,,,
9427,english_2024_national_a_024,english,A. work B. school C. court D. press,ENG-G0-215,Unit 2 Working the land,0.082,ENG-G0-200,Unit 2 English around the world,0.070,ENG-G0-209,Unit 1 Festivals around the world,0.068,,,,
9428,english_2024_national_a_025,english,A. favored B. tolerated C. trusted D. acknowledged,ENG-G0-233,Unit 5 Travelling abroad,0.059,ENG-G0-209,Unit 1 Festivals around the world,0.050,ENG-G0-223,Unit 5 First aid,0.045,,,,
9429,english_2024_national_a_026,english,A. gardening B. homework C. business D. housework,ENG-G0-226,Unit 3 A healthy life,0.058,ENG-G0-215,Unit 2 Working the land,0.056,ENG-G0-240,Unit 5 Inside advertising,0.054,,,,
9430,english_2024_national_a_027,english,A. exercise B. study C. explore D. teach,ENG-G0-200,Unit 2 English around the world,0.050,ENG-G0-231,Unit 3 Under the sea,0.042,ENG-G0-220,Unit 2 The United Kingdom,0.039,,,,
9432,english_2024_national_a_029,english,A. closely B. directly C. nervously D. freely,ENG-G0-234,Unit 1 A land of diversity,0.073,ENG-G0-235,Unit 2 Cloning,0.068,ENG-G0-203,Unit 5 Nelson Mandela-a modern hero,0.063,,,,
9433,english_2024_national_a_030,english,A. professional B. awkward C. simple D. practical,ENG-G0-207,Unit 4 Wildlife protection,0.073,ENG-G0-237,Unit 4 Pygmalion,0.043,ENG-G0-226,Unit 3 A healthy life,0.038,,,,
9434,english_2024_national_a_031,english,A. market B. mountain C. beach D. class,ENG-G0-203,Unit 5 Nelson Mandela-a modern hero,0.081,ENG-G0-211,Unit 3 The Million Pound Bank Note,0.047,ENG-G0-235,Unit 2 Cloning,0.044,,,,
9435,english_2024_national_a_032,english,A. secret B. breath C. view D. tongue,ENG-G0-231,Unit 3 Under the sea,0.064,ENG-G0-219,Unit 1 Great scientists,0.058,ENG-G0-217,Unit 4 Body language,0.040,,,,
9436,english_2024_national_a_033,english,A. admire B. notice C. adopt D. value,ENG-G0-211,Unit 3 The Million Pound Bank Note,0.050,ENG-G0-203,Unit 5 Nelson Mandela-a modern hero,0.050,ENG-G0-226,Unit 3 A healthy life,0.042,,,,
9437,english_2024_national_a_034,english,A. hands B. mouth C. eyes D. arms,ENG-G0-203,Unit 5 Nelson Mandela-a modern hero,0.109,ENG-G0-226,Unit 3 A healthy life,0.067,ENG-G0-234,Unit 1 A land of diversity,0.060,,,,
9438,english_2024_national_a_035,english,A. difficult B. complex C. happy D. similar,ENG-G0-206,Unit 3 Computers,0.087,ENG-G0-234,Unit 1 A land of diversity,0.071,ENG-G0-226,Unit 3 A healthy life,0.058,,,,
9439,english_2024_national_a_036,english,A. grateful B. surprised C. convinced D. regretful,ENG-G0-219,Unit 1 Great scientists,0.056,ENG-G0-206,Unit 3 Computers,0.042,ENG-G0-226,Unit 3 A healthy life,0.038,,,,
9440,english_2024_national_a_037,english,A. reflect upon B. go through C. ask about D. prepare for,ENG-G0-226,Unit 3 A healthy life,0.038,ENG-G0-204,Unit 1 Cultural relics,0.038,ENG-G0-234,Unit 1 A land of diversity,0.035,,,,
9441,english_2024_national_a_038,english,A. unemployment B. health C. education D. communication,ENG-G0-210,Unit 2 Healthy eating,0.222,ENG-G0-226,Unit 3 A healthy life,0.222,ENG-G0-203,Unit 5 Nelson Mandela-a modern hero,0.097,,,,
9442,english_2024_national_a_039,english,A. attend B. refer C. lead D. talk,ENG-G0-241,Unit 2 King Lear,0.073,ENG-G0-226,Unit 3 A healthy life,0.065,ENG-G0-234,Unit 1 A land of diversity,0.059,,,,
9443,english_2024_national_a_040,english,A. come true B. come round C. come out D. come alive,ENG-G0-206,Unit 3 Computers,0.079,ENG-G0-200,Unit 2 English around the world,0.077,ENG-G0-209,Unit 1 Festivals around the world,0.074,,,,
9444,english_2024_national_a_042,english,treasures,ENG-G0-201,Unit 3 Travel journal,0.067,ENG-G0-205,Unit 2 The Olympic Games,0.061,ENG-G0-233,Unit 5 Travelling abroad,0.061,,,,
9445,english_2024_national_a_043,english,what 44. were,ENG-G0-229,Unit 1 Living well,0.071,ENG-G0-228,Unit 5 The power of nature,0.056,ENG-G0-227,Unit 4 Global warming,0.031,,,,
9446,english_2024_national_a_045,english,be done,ENG-G0-217,Unit 4 Body language,0.037,ENG-G0-211,Unit 3 The Million Pound Bank Note,0.024,ENG-G0-213,Unit 5,,,,,
9447,english_2024_national_a_046,english,its 47. for,ENG-G0-221,Unit 3 Life in the future,0.059,ENG-G0-223,Unit 5 First aid,0.038,ENG-G0-199,Unit 1 Friendship,0.037,,,,
9448,english_2024_national_a_048,english,completion,ENG-G0-206,Unit 3 Computers,0.167,ENG-G0-207,Unit 4 Wildlife protection,0.086,ENG-G0-237,Unit 4 Pygmalion,0.077,,,,
9449,english_2024_national_a_049,english,largest,ENG-G0-217,Unit 4 Body language,0.074,ENG-G0-215,Unit 2 Working the land,0.067,ENG-G0-234,Unit 1 A land of diversity,0.061,,,,
9450,english_2024_national_a_050,english,which 【解析】 【导语】本文是说明文。文章讲述了美国国家公园的由来，即四个男人发现了一处非常美的自然风景区，决定好,ENG-G0-229,Unit 1 Living well,0.042,ENG-G0-227,Unit 4 Global warming,0.037,ENG-G0-215,Unit 2 Working the land,0.034,,,,
9451,english_2024_national_a_051,english,"假定英语课上老师要求同桌之间交换修改作文, 请你修改你同桌写的以下作文。文中共有10处语言错误, 每句中最多有两处。每处",ENG-G0-212,Unit 4,,ENG-G0-213,Unit 5,,ENG-G0-211,Unit 3 The Million Pound Bank Note,,,,,
962,geography_2021_beijing_5,geography,读图，回答第5题。5. 图示地区地质地貌演化顺序是（ ）,GEO-B1-244,第二节 太阳对地球的影响,,GEO-B1-245,第三节 地球的历史,,GEO-B1-243,第一节 地球的宇宙环境,,,,,
963,geography_2021_beijing_6,geography,读图，回答第6题。6. 在图中，形成断层的是（ ）,GEO-B1-244,第二节 太阳对地球的影响,,GEO-B1-245,第三节 地球的历史,,GEO-B1-243,第一节 地球的宇宙环境,,,,,
964,geography_2021_beijing_7,geography,某科考队在我国暖温带某山地开展垂直自然带植被调查。下图是部分树种随高度出现的频率变化图。读图，图中为落叶阔叶树的是（ ）,GEO-B1-244,第二节 太阳对地球的影响,,GEO-B1-245,第三节 地球的历史,,GEO-B1-243,第一节 地球的宇宙环境,,,,,
968,geography_2021_beijing_11,geography,图为某地地铁站（非换乘站）工作日各时段进出站人数变化示意图。读图，回答第11题。11. 该地铁站位于居住区的是（ ）,GEO-B1-244,第二节 太阳对地球的影响,,GEO-B1-245,第三节 地球的历史,,GEO-B1-243,第一节 地球的宇宙环境,,,,,
969,geography_2021_beijing_12,geography,舟山群岛位于浙江省东北部，主要地貌为山地丘陵。读图，回答第12题。12. 舟山群岛（ ）,GEO-B1-244,第二节 太阳对地球的影响,,GEO-B1-245,第三节 地球的历史,,GEO-B1-243,第一节 地球的宇宙环境,,,,,
970,geography_2021_beijing_13,geography,舟山群岛位于浙江省东北部，主要地貌为山地丘陵。读图，回答第13题。13. 舟山群岛传统民居墙体低矮、屋顶陡峭、屋檐短小，,GEO-B1-244,第二节 太阳对地球的影响,,GEO-B1-245,第三节 地球的历史,,GEO-B1-243,第一节 地球的宇宙环境,,,,,
971,geography_2021_beijing_14,geography,读图，回答第14题。14. 斯里兰卡（ ）,GEO-B1-244,第二节 太阳对地球的影响,,GEO-B1-245,第三节 地球的历史,,GEO-B1-243,第一节 地球的宇宙环境,,,,,
972,geography_2021_beijing_15,geography,2018年9月，连接斯里兰卡科伦坡和汉班托塔的南部高速公路全线贯通。该地区计划建设连接科伦坡和贾夫纳的铁路，全长约600,GEO-X3-275,第四节 海洋空间资源开发与国家安全 - 26 -,0.111,GEO-B1-245,第三节 地球的历史,,GEO-B1-244,第二节 太阳对地球的影响,,,,,
978,geography_2022_beijing_1,geography,粮食安则天下安。中国粮食连年丰收，长期保持库存充足。图1（a）示意建有粮库的四地位置，下图（b）是智慧粮库管理系中①地1,GEO-B1-244,第二节 太阳对地球的影响,,GEO-B1-245,第三节 地球的历史,,GEO-B1-243,第一节 地球的宇宙环境,,,,,
981,geography_2022_beijing_4,geography,图示意寒武纪至新近纪生物多样性和地表温度的变化。完成图中（ ）,GEO-B1-244,第二节 太阳对地球的影响,,GEO-B1-245,第三节 地球的历史,,GEO-B1-243,第一节 地球的宇宙环境,,,,,
982,geography_2022_beijing_5,geography,图为某地的地质剖面示意图。完成图中（ ）,GEO-B1-244,第二节 太阳对地球的影响,,GEO-B1-245,第三节 地球的历史,,GEO-B1-243,第一节 地球的宇宙环境,,,,,
983,geography_2022_beijing_6,geography,中国某科考船赴西北太平洋进行深海科学与资源考察。已知两种海底矿产的分布，如下图所示。读图完成下面小题。图中（ ）,GEO-B1-244,第二节 太阳对地球的影响,,GEO-B1-245,第三节 地球的历史,,GEO-B1-243,第一节 地球的宇宙环境,,,,,
984,geography_2022_beijing_7,geography,中国某科考船赴西北太平洋进行深海科学与资源考察。已知两种海底矿产的分布，如下图所示。读图完成下面小题。考察过程中（ ）,GEO-B1-244,第二节 太阳对地球的影响,,GEO-B1-245,第三节 地球的历史,,GEO-B1-243,第一节 地球的宇宙环境,,,,,
985,geography_2022_beijing_8,geography,下图为我国山东丘陵某地土地利用示意图，读图完成下面小题。据图判断（ ）,GEO-B1-244,第二节 太阳对地球的影响,,GEO-B1-245,第三节 地球的历史,,GEO-B1-243,第一节 地球的宇宙环境,,,,,
991,geography_2022_beijing_14,geography,苏里南人口约60万，人口构成中有来自中国广东省等地的华裔，中国农历新年是全国性节日之一。该国人均国内生产总值约为7千美元,GEO-B1-244,第二节 太阳对地球的影响,,GEO-B1-245,第三节 地球的历史,,GEO-B1-243,第一节 地球的宇宙环境,,,,,
995,geography_2022_beijing_18,geography,阅读图文材料，回答下列问题。2021年10月三江源国家公园正式设立。图为黄河源园区示意图。（1）说出黄河源园区的主要天然,GEO-X3-275,第四节 海洋空间资源开发与国家安全 - 26 -,0.100,GEO-B1-245,第三节 地球的历史,,GEO-B1-244,第二节 太阳对地球的影响,,,,,
999,geography_2023_beijing_2,geography,据图推断（ ）A 甲地种冬小麦正值梅雨时节B. 可以通过遥感监测乙地涝灾C. 正午太阳高度甲地比乙地大D. 昼长周年变化,GEO-B1-244,第二节 太阳对地球的影响,,GEO-B1-245,第三节 地球的历史,,GEO-B1-243,第一节 地球的宇宙环境,,,,,
1000,geography_2023_beijing_3,geography,图中四地，适合修建数据中心的是（ ）,GEO-B1-244,第二节 太阳对地球的影响,,GEO-B1-245,第三节 地球的历史,,GEO-B1-243,第一节 地球的宇宙环境,,,,,
1004,geography_2023_beijing_8,geography,最可能在钓鱼岛见到日出的是（ ）,GEO-B1-244,第二节 太阳对地球的影响,,GEO-B1-245,第三节 地球的历史,,GEO-B1-243,第一节 地球的宇宙环境,,,,,
1006,geography_2023_beijing_10,geography,垂直化生产空间组织有利于园区（ ）①集约利用工业用地②降低厂房的建造成本③提高产业集群效率④辐射带动大湾区发展,GEO-B1-244,第二节 太阳对地球的影响,,GEO-B1-245,第三节 地球的历史,,GEO-B1-243,第一节 地球的宇宙环境,,,,,
1007,geography_2023_beijing_11,geography,促使智能制造企业垂直化生产的主导条件是（ ）,GEO-B1-244,第二节 太阳对地球的影响,,GEO-B1-245,第三节 地球的历史,,GEO-B1-243,第一节 地球的宇宙环境,,,,,
1009,geography_2023_beijing_13,geography,该州（ ）A. 中部地势高，地形起伏和缓B. 黄河沿岸多种植玉米、水稻C. 南部为荒漠，草场退化严重D. 地热资源丰富，,GEO-B1-244,第二节 太阳对地球的影响,,GEO-B1-245,第三节 地球的历史,,GEO-B1-243,第一节 地球的宇宙环境,,,,,
1010,geography_2023_beijing_14,geography,图中（ ）A. 河流为外流河，属于黄河水系B. 龙羊峡水库有灌溉、发电功能C. 青海湖水位较高，补给倒淌河D. 沙珠玉河,GEO-B1-244,第二节 太阳对地球的影响,,GEO-B1-245,第三节 地球的历史,,GEO-B1-243,第一节 地球的宇宙环境,,,,,
1017,geography_2024_beijing_1,geography,红色染料植物资源最丰富地区可能是（ ）,GEO-B1-244,第二节 太阳对地球的影响,,GEO-B1-245,第三节 地球的历史,,GEO-B1-243,第一节 地球的宇宙环境,,,,,
1018,geography_2024_beijing_3,geography,红花生长期间，同学们可观察的现象是（ ）,GEO-B1-244,第二节 太阳对地球的影响,,GEO-B1-245,第三节 地球的历史,,GEO-B1-243,第一节 地球的宇宙环境,,,,,
1019,geography_2024_beijing_4,geography,四地中对周边人口迁入吸引力最强的是（ ）,GEO-B1-244,第二节 太阳对地球的影响,,GEO-B1-245,第三节 地球的历史,,GEO-B1-243,第一节 地球的宇宙环境,,,,,
1021,geography_2024_beijing_8,geography,成都世界园艺博览会主会场内，通过造景手法展现黄河穿城而过大美景象的展园是（ ）,GEO-B1-244,第二节 太阳对地球的影响,,GEO-B1-245,第三节 地球的历史,,GEO-B1-243,第一节 地球的宇宙环境,,,,,
1023,geography_2024_beijing_12,geography,图b中，甲、乙、丙、丁四种功能区分别是（ ）,GEO-B1-244,第二节 太阳对地球的影响,,GEO-B1-245,第三节 地球的历史,,GEO-B1-243,第一节 地球的宇宙环境,,,,,
1024,geography_2024_beijing_13,geography,尤卡坦半岛西侧海域存在污染现象是由于（ ）,GEO-B1-244,第二节 太阳对地球的影响,,GEO-B1-245,第三节 地球的历史,,GEO-B1-243,第一节 地球的宇宙环境,,,,,
1025,geography_2024_beijing_14,geography,与尤卡坦半岛相比，下加利福尼亚半岛（ ）,GEO-B1-244,第二节 太阳对地球的影响,,GEO-B1-245,第三节 地球的历史,,GEO-B1-243,第一节 地球的宇宙环境,,,,,
1028,geography_2024_beijing_17,geography,读图，回答下列问题。（1）说明东哈萨克斯坦州可以发展的主导产业，列举发展该产业可能带来的环境问题。哈萨克斯坦是“一带一路,GEO-B1-244,第二节 太阳对地球的影响,,GEO-B1-245,第三节 地球的历史,,GEO-B1-243,第一节 地球的宇宙环境,,,,,
1029,geography_2024_beijing_18,geography,如图为俄罗斯普托拉纳自然保护区的局部地形图及景观照片。读图，回答下列问题。（1）阐述在该地建立自然保护区的意义。（2）从,GEO-B1-244,第二节 太阳对地球的影响,,GEO-B1-245,第三节 地球的历史,,GEO-B1-243,第一节 地球的宇宙环境,,,,,
1030,geography_2024_beijing_19,geography,1960年，秀美的父亲出生在杭州市余杭区某村。当地生长着大片苦竹林，村民用苦竹制作拐杖、帐竿等。八十年代初，村民出售苦竹,GEO-B1-244,第二节 太阳对地球的影响,,GEO-B1-245,第三节 地球的历史,,GEO-B1-243,第一节 地球的宇宙环境,,,,,
1034,geography_2025_beijing_3,geography,金银花产品远销海外，主要得益于（ ）①中医文化传播 ②食用观赏价值 ③国家政策支持 ④种植成本低廉,GEO-B1-244,第二节 太阳对地球的影响,,GEO-B1-245,第三节 地球的历史,,GEO-B1-243,第一节 地球的宇宙环境,,,,,
1035,geography_2025_beijing_4,geography,2025年4月开始，北京引入新疆阿勒泰（47.83°N，88.14°E）、哈密（42.83°N，93.52°E）等地的光,GEO-X3-274,第三节 环境问题及其危害 - 8 -,0.053,GEO-X3-275,第四节 海洋空间资源开发与国家安全 - 26 -,0.050,GEO-X3-277,第一节 走向生态文明 - 42 -,0.050,,,,
1037,geography_2025_beijing_7,geography,近年来，该村积极在林地中种植蘑菇、木耳，能够（ ）,GEO-B1-244,第二节 太阳对地球的影响,,GEO-B1-245,第三节 地球的历史,,GEO-B1-243,第一节 地球的宇宙环境,,,,,
1038,geography_2025_beijing_8,geography,下图为北京时间2025年5月18日08时亚洲局部地区海平面气压分布图。读图，回答问题。据图推断，当日（ ）,GEO-X3-275,第四节 海洋空间资源开发与国家安全 - 26 -,0.067,GEO-B1-245,第三节 地球的历史,,GEO-B1-244,第二节 太阳对地球的影响,,,,,
1040,geography_2025_beijing_11,geography,每年4月中旬至5月初，瑞典的驼鹿开始从森林向草场迁徙。下图示意驼鹿迁徙的大致方向。读图，完成下面小题。驼鹿迁徙（ ）,GEO-X3-277,第一节 走向生态文明 - 42 -,0.167,GEO-B1-245,第三节 地球的历史,,GEO-B1-244,第二节 太阳对地球的影响,,,,,
4246,geography_2018_beijing_zk_002,geography,在试卷和草稿纸上准确填写姓名、准考证号、考场号和座位号。,GEO-B1-244,第二节 太阳对地球的影响,,GEO-B1-245,第三节 地球的历史,,GEO-B1-243,第一节 地球的宇宙环境,,,,,
4248,geography_2018_beijing_zk_003,geography,试题答案一律填涂或书写在答题卡上，在试卷上作答无效。,GEO-B1-244,第二节 太阳对地球的影响,,GEO-B1-245,第三节 地球的历史,,GEO-B1-243,第一节 地球的宇宙环境,,,,,
4255,geography_2018_beijing_zk_007,geography,"""江淮以北”和“江淮以南”泛指我国的",GEO-B1-244,第二节 太阳对地球的影响,,GEO-B1-245,第三节 地球的历史,,GEO-B1-243,第一节 地球的宇宙环境,,,,,
4256,geography_2018_beijing_zk_008,geography,反映我国东部地区南北差异的是 图3为我国1950- 2010年每十年人口净增长统计图。据此，完成第9 - 11题。,GEO-X3-275,第四节 海洋空间资源开发与国家安全 - 26 -,0.071,GEO-X3-276,第四节 全球气候变化与国家安全 - 39 -,0.071,GEO-B1-245,第三节 地球的历史,,,,,
4257,geography_2018_beijing_zk_009,geography,1950 - 2010年，我国人口数量,GEO-X3-275,第四节 海洋空间资源开发与国家安全 - 26 -,0.083,GEO-B1-245,第三节 地球的历史,,GEO-B1-244,第二节 太阳对地球的影响,,,,,
4258,geography_2018_beijing_zk_010,geography,1990年以后人口净增长明显下降的主要原因是,GEO-B1-244,第二节 太阳对地球的影响,,GEO-B1-245,第三节 地球的历史,,GEO-B1-243,第一节 地球的宇宙环境,,,,,
4259,geography_2018_beijing_zk_011,geography,下列漫画中，能反映人口数批过多、增长过快带来的问题是 A B C D 长江中游的湖泊对长江水量有天然的调节作用。当干流洪,GEO-B1-244,第二节 太阳对地球的影响,,GEO-B1-245,第三节 地球的历史,,GEO-B1-243,第一节 地球的宇宙环境,,,,,
4260,geography_2018_beijing_zk_012,geography,图中,GEO-B1-244,第二节 太阳对地球的影响,,GEO-B1-245,第三节 地球的历史,,GEO-B1-243,第一节 地球的宇宙环境,,,,,
4261,geography_2018_beijing_zk_013,geography,为发挥湖泊的调节作用，鄱阳湖和洞庭湖需要 ①退耕还湖，增加湖区面积 ②周边绿化，保持水土 ③防治污染，美化环境 ④围湖造,GEO-B1-244,第二节 太阳对地球的影响,,GEO-B1-245,第三节 地球的历史,,GEO-B1-243,第一节 地球的宇宙环境,,,,,
4262,geography_2018_beijing_zk_014,geography,岳麓山山峰的海拔约为,GEO-B1-244,第二节 太阳对地球的影响,,GEO-B1-245,第三节 地球的历史,,GEO-B1-243,第一节 地球的宇宙环境,,,,,
4266,geography_2018_beijing_zk_017,geography,我国洪水频率,GEO-B1-244,第二节 太阳对地球的影响,,GEO-B1-245,第三节 地球的历史,,GEO-B1-243,第一节 地球的宇宙环境,,,,,
4267,geography_2018_beijing_zk_018,geography,洪水在我国,GEO-B1-244,第二节 太阳对地球的影响,,GEO-B1-245,第三节 地球的历史,,GEO-B1-243,第一节 地球的宇宙环境,,,,,
4269,geography_2018_beijing_zk_020,geography,宁夏回族自治区,GEO-B1-244,第二节 太阳对地球的影响,,GEO-B1-245,第三节 地球的历史,,GEO-B1-243,第一节 地球的宇宙环境,,,,,
4270,geography_2018_beijing_zk_021,geography,与泾源地区相比，中卫种植硒砂瓜的有利自然条件是 2018年4月以来，我国空军连续多次出动战机绕飞祖国宝岛，丈量祖国大好河,GEO-X3-275,第四节 海洋空间资源开发与国家安全 - 26 -,0.111,GEO-X3-277,第一节 走向生态文明 - 42 -,0.111,GEO-B1-245,第三节 地球的历史,,,,,
4271,geography_2018_beijing_zk_022,geography,战机绕飞祖国宝岛，宣示台湾,GEO-B1-244,第二节 太阳对地球的影响,,GEO-B1-245,第三节 地球的历史,,GEO-B1-243,第一节 地球的宇宙环境,,,,,
4272,geography_2018_beijing_zk_023,geography,战机绕飞路线 传统民居是人类适应自然环境的智慧杰作。图9为两传统民居，其中甲在南非，乙在俄罗斯西伯利亚地区。读图，完成第,GEO-B1-244,第二节 太阳对地球的影响,,GEO-B1-245,第三节 地球的历史,,GEO-B1-243,第一节 地球的宇宙环境,,,,,
4273,geography_2018_beijing_zk_024,geography,甲、乙两民居相比，,GEO-B1-244,第二节 太阳对地球的影响,,GEO-B1-245,第三节 地球的历史,,GEO-B1-243,第一节 地球的宇宙环境,,,,,
4274,geography_2018_beijing_zk_025,geography,甲、乙两民居在设计上的特点及目的是 2018年4月，世乒赛在瑞典小城哈尔姆斯塔德举办，中国乒团又一次包揽全部冠军奖杯。图,GEO-X3-275,第四节 海洋空间资源开发与国家安全 - 26 -,0.111,GEO-X3-277,第一节 走向生态文明 - 42 -,0.111,GEO-B1-245,第三节 地球的历史,,,,,
4275,geography_2018_beijing_zk_026,geography,瑞典,GEO-B1-244,第二节 太阳对地球的影响,,GEO-B1-245,第三节 地球的历史,,GEO-B1-243,第一节 地球的宇宙环境,,,,,
4276,geography_2018_beijing_zk_027,geography,与基律纳相比，哈尔姆斯塔德,GEO-B1-244,第二节 太阳对地球的影响,,GEO-B1-245,第三节 地球的历史,,GEO-B1-243,第一节 地球的宇宙环境,,,,,
4277,geography_2018_beijing_zk_028,geography,瑞典居民 ①喜欢点燃蜡烛驱赶漫漫长夜 ②集中居住在北极圈以北 ③以仲夏节（每年6月24日）为重要节日 ④多喜欢滑雪运动,GEO-B1-244,第二节 太阳对地球的影响,,GEO-B1-245,第三节 地球的历史,,GEO-B1-243,第一节 地球的宇宙环境,,,,,
4279,geography_2018_beijing_zk_030,geography,南海,GEO-B1-244,第二节 太阳对地球的影响,,GEO-B1-245,第三节 地球的历史,,GEO-B1-243,第一节 地球的宇宙环境,,,,,
4281,geography_2018_beijing_zk_031,geography,与我国接壤，但不临南海的国家是,GEO-B1-244,第二节 太阳对地球的影响,,GEO-B1-245,第三节 地球的历史,,GEO-B1-243,第一节 地球的宇宙环境,,,,,
4282,geography_2018_beijing_zk_032,geography,下列描述天气的是 牛仔裤是人们喜欢的一种服装。图12为某品牌牛仔裤的“生命过程”：美国(a)本土的总公司进行决策和设计，,GEO-B1-244,第二节 太阳对地球的影响,,GEO-B1-245,第三节 地球的历史,,GEO-B1-243,第一节 地球的宇宙环境,,,,,
4283,geography_2018_beijing_zk_033,geography,图中,GEO-B1-244,第二节 太阳对地球的影响,,GEO-B1-245,第三节 地球的历史,,GEO-B1-243,第一节 地球的宇宙环境,,,,,
4284,geography_2018_beijing_zk_034,geography,国际经济合作便于 ①利用各国优势资源 ②进行生产的分工与协作 ③提高各国经济效益 ④减少牛仔裤的生产环节 2018年我国,GEO-B1-244,第二节 太阳对地球的影响,,GEO-B1-245,第三节 地球的历史,,GEO-B1-243,第一节 地球的宇宙环境,,,,,
4285,geography_2018_beijing_zk_035,geography,我国春节期间正值,GEO-B1-244,第二节 太阳对地球的影响,,GEO-B1-245,第三节 地球的历史,,GEO-B1-243,第一节 地球的宇宙环境,,,,,
4286,geography_2018_beijing_zk_036,geography,南极大陆,GEO-B1-244,第二节 太阳对地球的影响,,GEO-B1-245,第三节 地球的历史,,GEO-B1-243,第一节 地球的宇宙环境,,,,,
4288,geography_2018_beijing_zk_038,geography,图中,GEO-B1-244,第二节 太阳对地球的影响,,GEO-B1-245,第三节 地球的历史,,GEO-B1-243,第一节 地球的宇宙环境,,,,,
4289,geography_2018_beijing_zk_039,geography,演示简图中有些错误，正确的调整是,GEO-B1-244,第二节 太阳对地球的影响,,GEO-B1-245,第三节 地球的历史,,GEO-B1-243,第一节 地球的宇宙环境,,,,,
4297,geography_2018_beijing_zk_044,geography,"(11分）多元合作谋共嬴 语言是国家间合作交流的桥梁。2018""汉语桥”中文比赛秘鲁赛区决赛于6月2日隆重举行。为了让大",GEO-X3-275,第四节 海洋空间资源开发与国家安全 - 26 -,0.100,GEO-B1-245,第三节 地球的历史,,GEO-B1-244,第二节 太阳对地球的影响,,,,,
4301,geography_2019_beijing_zk_002,geography,在试卷和草稿纸上准确填写姓名、准考证号、考场号和座位号。,GEO-B1-244,第二节 太阳对地球的影响,,GEO-B1-245,第三节 地球的历史,,GEO-B1-243,第一节 地球的宇宙环境,,,,,
4303,geography_2019_beijing_zk_003,geography,试题答案一律填涂或书写在答题卡，上，在试卷，上作答无效。,GEO-B1-244,第二节 太阳对地球的影响,,GEO-B1-245,第三节 地球的历史,,GEO-B1-243,第一节 地球的宇宙环境,,,,,
4309,geography_2019_beijing_zk_006,geography,看了小明的朋友圈，小也计划去颐和园，为尽快到达十七孔桥，他应把导航目的地设置为 读万书，行万里路。“诗仙”李白不仅是浪漫,GEO-B1-244,第二节 太阳对地球的影响,,GEO-B1-245,第三节 地球的历史,,GEO-B1-243,第一节 地球的宇宙环境,,,,,
4310,geography_2019_beijing_zk_007,geography,李白的足迹多在我国,GEO-B1-244,第二节 太阳对地球的影响,,GEO-B1-245,第三节 地球的历史,,GEO-B1-243,第一节 地球的宇宙环境,,,,,
4311,geography_2019_beijing_zk_008,geography,诗句“两岸猿声睇不住，轻舟已过万重山”描绘的景观位于,GEO-B1-244,第二节 太阳对地球的影响,,GEO-B1-245,第三节 地球的历史,,GEO-B1-243,第一节 地球的宇宙环境,,,,,
4314,geography_2019_beijing_zk_010,geography,自20世纪70年代开始，我国将计划生育作为基本国策，当时提倡一对夫妻生育一个 孩子，是为了,GEO-X3-275,第四节 海洋空间资源开发与国家安全 - 26 -,0.125,GEO-B1-245,第三节 地球的历史,,GEO-B1-244,第二节 太阳对地球的影响,,,,,
4315,geography_2019_beijing_zk_011,geography,能正确反映我国人口问题及对应政策发展变化过程的排序是,GEO-B1-244,第二节 太阳对地球的影响,,GEO-B1-245,第三节 地球的历史,,GEO-B1-243,第一节 地球的宇宙环境,,,,,
4317,geography_2019_beijing_zk_013,geography,图中 A北方地区四季分明，最适宜建立国家公园,GEO-B1-244,第二节 太阳对地球的影响,,GEO-B1-245,第三节 地球的历史,,GEO-B1-243,第一节 地球的宇宙环境,,,,,
4319,geography_2019_beijing_zk_015,geography,图中景观反映的是,GEO-B1-244,第二节 太阳对地球的影响,,GEO-B1-245,第三节 地球的历史,,GEO-B1-243,第一节 地球的宇宙环境,,,,,
4320,geography_2019_beijing_zk_016,geography,由图中景观可推断当时该地 苏绣是中国的四大名绣之一，产生于丝绸之乡—江苏。,GEO-B1-244,第二节 太阳对地球的影响,,GEO-B1-245,第三节 地球的历史,,GEO-B1-243,第一节 地球的宇宙环境,,,,,
4322,geography_2019_beijing_zk_018,geography,芯片的设计制造属于,GEO-B1-244,第二节 太阳对地球的影响,,GEO-B1-245,第三节 地球的历史,,GEO-B1-243,第一节 地球的宇宙环境,,,,,
4323,geography_2019_beijing_zk_020,geography,新一代“中国芯”的应用可能带来的影响有 ①发挥我国劳动力资源丰富的优势②推动我国科技的自主创新 ③与发展中国家经济联系逐,GEO-B1-244,第二节 太阳对地球的影响,,GEO-B1-245,第三节 地球的历史,,GEO-B1-243,第一节 地球的宇宙环境,,,,,
4324,geography_2019_beijing_zk_021,geography,与海南岛相比，台湾岛,GEO-B1-244,第二节 太阳对地球的影响,,GEO-B1-245,第三节 地球的历史,,GEO-B1-243,第一节 地球的宇宙环境,,,,,
4325,geography_2019_beijing_zk_022,geography,琼台两地农业合作的有利自然条件是,GEO-B1-244,第二节 太阳对地球的影响,,GEO-B1-245,第三节 地球的历史,,GEO-B1-243,第一节 地球的宇宙环境,,,,,
4326,geography_2019_beijing_zk_023,geography,海峡两岸交流的基础是 ①文化同脉 ②民族同根③语言相通 ④陆地相连 小明为准备去东南亚旒的爷會奶奶定制行程。图8为预定过,GEO-B1-244,第二节 太阳对地球的影响,,GEO-B1-245,第三节 地球的历史,,GEO-B1-243,第一节 地球的宇宙环境,,,,,
4328,geography_2019_beijing_zk_026,geography,出发前，小明嘱对爷爷奶奶要,GEO-B1-244,第二节 太阳对地球的影响,,GEO-B1-245,第三节 地球的历史,,GEO-B1-243,第一节 地球的宇宙环境,,,,,
4329,geography_2019_beijing_zk_027,geography,在东南亚旅游期间，爷爷奶奶可能参与的旅游活动是 ①沙滩漫步 ②草原骑马 ③高山滑雪 ④金字塔观光 大豆是一种经济作物。目,GEO-B1-244,第二节 太阳对地球的影响,,GEO-B1-245,第三节 地球的历史,,GEO-B1-243,第一节 地球的宇宙环境,,,,,
4330,geography_2019_beijing_zk_028,geography,巴西的大豆产区主要位于,GEO-B1-244,第二节 太阳对地球的影响,,GEO-B1-245,第三节 地球的历史,,GEO-B1-243,第一节 地球的宇宙环境,,,,,
4332,geography_2019_beijing_zk_030,geography,同为“金砖国家”的成员国，我国和巴西的合作属于 中国文化通过孔子学院在世界各地广泛传墦，前己有超过150个园家和地区建有,GEO-B1-244,第二节 太阳对地球的影响,,GEO-B1-245,第三节 地球的历史,,GEO-B1-243,第一节 地球的宇宙环境,,,,,
4333,geography_2019_beijing_zk_031,geography,图中的孔子学院(堂),GEO-B1-244,第二节 太阳对地球的影响,,GEO-B1-245,第三节 地球的历史,,GEO-B1-243,第一节 地球的宇宙环境,,,,,
4334,geography_2019_beijing_zk_032,geography,孔了学院(堂)的课程可能包括 ①汉语 ②中国茶艺③西餐制作 ④太极拳⑤软笔书法 ⑥拉丁,GEO-B1-244,第二节 太阳对地球的影响,,GEO-B1-245,第三节 地球的历史,,GEO-B1-243,第一节 地球的宇宙环境,,,,,
4335,geography_2019_beijing_zk_033,geography,孔子学院(堂)的建立可以 “广裘富饶的平原，碧波荡漾的水乡，辽阔壮的庠摩，浩瀚无垊的沙溪，奔腾不息的江海，巍峨挺的山脉，,GEO-B1-244,第二节 太阳对地球的影响,,GEO-B1-245,第三节 地球的历史,,GEO-B1-243,第一节 地球的宇宙环境,,,,,
4336,geography_2019_beijing_zk_034,geography,多彩的亚洲文明 世界四大文明古国都诞生于大江大河的冲积平原。,GEO-B1-244,第二节 太阳对地球的影响,,GEO-B1-245,第三节 地球的历史,,GEO-B1-243,第一节 地球的宇宙环境,,,,,
4337,geography_2019_beijing_zk_035,geography,图中 A古巴比伦文明发源于尼罗河流域 B.河流均向南注入印度洋,GEO-B1-244,第二节 太阳对地球的影响,,GEO-B1-245,第三节 地球的历史,,GEO-B1-243,第一节 地球的宇宙环境,,,,,
4338,geography_2019_beijing_zk_036,geography,受气候影响,GEO-B1-244,第二节 太阳对地球的影响,,GEO-B1-245,第三节 地球的历史,,GEO-B1-243,第一节 地球的宇宙环境,,,,,
4342,geography_2019_beijing_zk_040,geography,“山水林田湖”生命共同体中，人类应在 第二部分综合题(共50分),GEO-B1-244,第二节 太阳对地球的影响,,GEO-B1-245,第三节 地球的历史,,GEO-B1-243,第一节 地球的宇宙环境,,,,,
4343,geography_2019_beijing_zk_041,geography,(11分) (1)东北(1分)C(1分) (2)林地(1分)减少(1分)A(1分) (3)D(1分) (4)①人口(1分,GEO-X3-275,第四节 海洋空间资源开发与国家安全 - 26 -,0.100,GEO-B1-245,第三节 地球的历史,,GEO-B1-244,第二节 太阳对地球的影响,,,,,
4347,geography_2019_beijing_zk_043,geography,(14分) (1)北冰(1分)莫斯科(1分) (2)西伯利亚(1分)亚洲(1分)管道运输(1分) (3)C(1分) (4,GEO-X3-275,第四节 海洋空间资源开发与国家安全 - 26 -,0.125,GEO-B1-245,第三节 地球的历史,,GEO-B1-244,第二节 太阳对地球的影响,,,,,
4349,geography_2019_beijing_zk_044,geography,(12分) ①高(1分)②低(1分)③高(1分)④融化(1分)⑤没有(1分) ⑥秋(或秋冬)(1分) ⑦大洋⑧⑨76°E,GEO-B1-244,第二节 太阳对地球的影响,,GEO-B1-245,第三节 地球的历史,,GEO-B1-243,第一节 地球的宇宙环境,,,,,
4353,geography_2022_shandong_003,geography,与1986年相比，2010年克罗斯河国家公园范围内（ ）,GEO-X3-275,第四节 海洋空间资源开发与国家安全 - 26 -,0.083,GEO-B1-245,第三节 地球的历史,,GEO-B1-244,第二节 太阳对地球的影响,,,,,
4354,geography_2022_shandong_004,geography,图中国家公园内退化斑块的景观类型可能是（ ） ①灌丛草地②草甸沼泽③落叶阔叶林④常绿硬叶林,GEO-B1-244,第二节 太阳对地球的影响,,GEO-B1-245,第三节 地球的历史,,GEO-B1-243,第一节 地球的宇宙环境,,,,,
4355,geography_2022_shandong_005,geography,2005~2010年该市65岁及以上老年人口数量迅速增加，主要原因是（ ）,GEO-X3-275,第四节 海洋空间资源开发与国家安全 - 26 -,0.077,GEO-B1-245,第三节 地球的历史,,GEO-B1-244,第二节 太阳对地球的影响,,,,,
4356,geography_2022_shandong_006,geography,该市第一产业比重较低的主要影响因素是（ ）,GEO-B1-244,第二节 太阳对地球的影响,,GEO-B1-245,第三节 地球的历史,,GEO-B1-243,第一节 地球的宇宙环境,,,,,
4357,geography_2022_shandong_007,geography,该市在推进工业结构优化过程中宜重点发展（ ）,GEO-B1-244,第二节 太阳对地球的影响,,GEO-B1-245,第三节 地球的历史,,GEO-B1-243,第一节 地球的宇宙环境,,,,,
4360,geography_2022_shandong_010,geography,该类服装企业“自带原材料”主要是为了（ ）,GEO-B1-244,第二节 太阳对地球的影响,,GEO-B1-245,第三节 地球的历史,,GEO-B1-243,第一节 地球的宇宙环境,,,,,
4361,geography_2022_shandong_011,geography,该类服装企业在“走出去”的过程中，携手相关企业的主要目的是（ ）,GEO-B1-244,第二节 太阳对地球的影响,,GEO-B1-245,第三节 地球的历史,,GEO-B1-243,第一节 地球的宇宙环境,,,,,
4362,geography_2022_shandong_012,geography,该类服装企业需要在东南亚配套的服务部门是（ ）,GEO-B1-244,第二节 太阳对地球的影响,,GEO-B1-245,第三节 地球的历史,,GEO-B1-243,第一节 地球的宇宙环境,,,,,
4365,geography_2022_shandong_015,geography,图示M海域多数岛屿的类型为（ ） A 大陆岛 B. 珊瑚岛 C. 冲积岛 D. 火山岛,GEO-B1-244,第二节 太阳对地球的影响,,GEO-B1-245,第三节 地球的历史,,GEO-B1-243,第一节 地球的宇宙环境,,,,,
4367,geography_2022_shandong_017,geography,阅读图文资料，完成下列要求。 宋代以来，珠江三角洲某地的人们通过沿江沿海筑堤、修坝、淤地等一系列人工活动围垦田地。堤围始,GEO-B1-244,第二节 太阳对地球的影响,,GEO-B1-245,第三节 地球的历史,,GEO-B1-243,第一节 地球的宇宙环境,,,,,
4368,geography_2022_shandong_018,geography,阅读图文资料，完成下列要求。 古雅斯河发源于澳大利亚大分水岭西侧，构造运动导致其水系发生了演变（左图）。乔治湖水位波动大,GEO-B1-244,第二节 太阳对地球的影响,,GEO-B1-245,第三节 地球的历史,,GEO-B1-243,第一节 地球的宇宙环境,,,,,
4376,geography_2023_chongqing_004,geography,宁波市港口的发展对浙江省货运联系网络的影响是（ ） 筑地市场曾是日本最大的水产市场，位于东京著名的银座商圈附近，包括场内,GEO-B1-244,第二节 太阳对地球的影响,,GEO-B1-245,第三节 地球的历史,,GEO-B1-243,第一节 地球的宇宙环境,,,,,
4377,geography_2023_chongqing_005,geography,推断丰洲市场所在岛屿的成因是（ ）,GEO-B1-244,第二节 太阳对地球的影响,,GEO-B1-245,第三节 地球的历史,,GEO-B1-243,第一节 地球的宇宙环境,,,,,
4378,geography_2023_chongqing_006,geography,筑地场外市场留在原地主要是因为（ ）,GEO-B1-244,第二节 太阳对地球的影响,,GEO-B1-245,第三节 地球的历史,,GEO-B1-243,第一节 地球的宇宙环境,,,,,
4382,geography_2023_chongqing_010,geography,引起图中砂岩表面凹凸不平的关键因素是（ ）,GEO-B1-244,第二节 太阳对地球的影响,,GEO-B1-245,第三节 地球的历史,,GEO-B1-243,第一节 地球的宇宙环境,,,,,
4384,geography_2023_chongqing_012,geography,撂荒前该地可种植农作物，是因为种植期间（ ） A 地表蒸发弱 B. 积雪厚度小 C. 日照时间长 D. 昼夜温差大,GEO-B1-244,第二节 太阳对地球的影响,,GEO-B1-245,第三节 地球的历史,,GEO-B1-243,第一节 地球的宇宙环境,,,,,
4388,geography_2023_chongqing_016,geography,阅读下列材料，完成下列要求。 安徽省芜湖市南陵县是农业大县，2019年人口约55万，其中近15万人口是县外务工。近年来，,GEO-X3-275,第四节 海洋空间资源开发与国家安全 - 26 -,0.167,GEO-B1-245,第三节 地球的历史,,GEO-B1-244,第二节 太阳对地球的影响,,,,,
4389,geography_2023_chongqing_017,geography,阅读下列材料，完成下列要求。 甘肃省中部的永靖县，长期以种植玉米、小麦等传统农作物为主。近年来该县大力发展以种植业为主的,GEO-B1-244,第二节 太阳对地球的影响,,GEO-B1-245,第三节 地球的历史,,GEO-B1-243,第一节 地球的宇宙环境,,,,,
4397,geography_2024_zhejiang_005,geography,甲、乙、丙分别是（ ）,GEO-B1-244,第二节 太阳对地球的影响,,GEO-B1-245,第三节 地球的历史,,GEO-B1-243,第一节 地球的宇宙环境,,,,,
4399,geography_2024_zhejiang_007,geography,关于四省市服务业碳强度变化的描述，正确的是（ ）,GEO-B1-244,第二节 太阳对地球的影响,,GEO-B1-245,第三节 地球的历史,,GEO-B1-243,第一节 地球的宇宙环境,,,,,
4401,geography_2024_zhejiang_009,geography,调节甲、乙两省（区市）水资源总量与用水量之间的不平衡状态，可采取（ ）,GEO-B1-244,第二节 太阳对地球的影响,,GEO-B1-245,第三节 地球的历史,,GEO-B1-243,第一节 地球的宇宙环境,,,,,
4402,geography_2024_zhejiang_010,geography,两省（区市）相比（ ）,GEO-B1-244,第二节 太阳对地球的影响,,GEO-B1-245,第三节 地球的历史,,GEO-B1-243,第一节 地球的宇宙环境,,,,,
4404,geography_2024_zhejiang_012,geography,四省（区）玉米产量变化的主要原因是（ ）,GEO-B1-244,第二节 太阳对地球的影响,,GEO-B1-245,第三节 地球的历史,,GEO-B1-243,第一节 地球的宇宙环境,,,,,
4410,geography_2024_zhejiang_018,geography,珠三角地区被改造企业变化是（ ）,GEO-B1-244,第二节 太阳对地球的影响,,GEO-B1-245,第三节 地球的历史,,GEO-B1-243,第一节 地球的宇宙环境,,,,,
4412,geography_2024_zhejiang_020,geography,各级阶地形成过程中（ ）,GEO-B1-244,第二节 太阳对地球的影响,,GEO-B1-245,第三节 地球的历史,,GEO-B1-243,第一节 地球的宇宙环境,,,,,
4413,geography_2024_zhejiang_021,geography,与其他阶地相比，T2具有不同结构，可能是（ ） 我国K、Q两地中学生进行日出方位观测，下图为同学们测得的两地日出时直立杆,GEO-B1-244,第二节 太阳对地球的影响,,GEO-B1-245,第三节 地球的历史,,GEO-B1-243,第一节 地球的宇宙环境,,,,,
4414,geography_2024_zhejiang_022,geography,K地位于Q地的（ ）,GEO-B1-244,第二节 太阳对地球的影响,,GEO-B1-245,第三节 地球的历史,,GEO-B1-243,第一节 地球的宇宙环境,,,,,
4415,geography_2024_zhejiang_023,geography,7,GEO-B1-244,第二节 太阳对地球的影响,,GEO-B1-245,第三节 地球的历史,,GEO-B1-243,第一节 地球的宇宙环境,,,,,
4417,geography_2024_zhejiang_024,geography,关于大气潜热释放的纬度差异及其主要原因的说法，正确的是（ ）,GEO-B1-244,第二节 太阳对地球的影响,,GEO-B1-245,第三节 地球的历史,,GEO-B1-243,第一节 地球的宇宙环境,,,,,
4423,geography_2024_zhejiang_029,geography,0,GEO-B1-244,第二节 太阳对地球的影响,,GEO-B1-245,第三节 地球的历史,,GEO-B1-243,第一节 地球的宇宙环境,,,,,
4424,geography_2024_zhejiang_030,geography,1,GEO-B1-244,第二节 太阳对地球的影响,,GEO-B1-245,第三节 地球的历史,,GEO-B1-243,第一节 地球的宇宙环境,,,,,
4425,geography_2024_zhejiang_031,geography,0,GEO-B1-244,第二节 太阳对地球的影响,,GEO-B1-245,第三节 地球的历史,,GEO-B1-243,第一节 地球的宇宙环境,,,,,
4426,geography_2024_zhejiang_032,geography,0,GEO-B1-244,第二节 太阳对地球的影响,,GEO-B1-245,第三节 地球的历史,,GEO-B1-243,第一节 地球的宇宙环境,,,,,
4427,geography_2024_zhejiang_033,geography,0 乙,GEO-B1-244,第二节 太阳对地球的影响,,GEO-B1-245,第三节 地球的历史,,GEO-B1-243,第一节 地球的宇宙环境,,,,,
4428,geography_2024_zhejiang_034,geography,1,GEO-B1-244,第二节 太阳对地球的影响,,GEO-B1-245,第三节 地球的历史,,GEO-B1-243,第一节 地球的宇宙环境,,,,,
4429,geography_2024_zhejiang_035,geography,1,GEO-B1-244,第二节 太阳对地球的影响,,GEO-B1-245,第三节 地球的历史,,GEO-B1-243,第一节 地球的宇宙环境,,,,,
4430,geography_2024_zhejiang_036,geography,0,GEO-B1-244,第二节 太阳对地球的影响,,GEO-B1-245,第三节 地球的历史,,GEO-B1-243,第一节 地球的宇宙环境,,,,,
4432,geography_2024_zhejiang_038,geography,4 6,GEO-X3-277,第一节 走向生态文明 - 42 -,0.200,GEO-B1-245,第三节 地球的历史,,GEO-B1-244,第二节 太阳对地球的影响,,,,,
4434,geography_2024_zhejiang_040,geography,4 10,GEO-X3-277,第一节 走向生态文明 - 42 -,0.167,GEO-B1-245,第三节 地球的历史,,GEO-B1-244,第二节 太阳对地球的影响,,,,,
4435,geography_2024_zhejiang_041,geography,6 13,GEO-B1-244,第二节 太阳对地球的影响,,GEO-B1-245,第三节 地球的历史,,GEO-B1-243,第一节 地球的宇宙环境,,,,,
4436,geography_2024_zhejiang_042,geography,9 7 吉林,GEO-B1-244,第二节 太阳对地球的影响,,GEO-B1-245,第三节 地球的历史,,GEO-B1-243,第一节 地球的宇宙环境,,,,,
4437,geography_2024_zhejiang_043,geography,7 11 辽宁 9854 8,GEO-B1-244,第二节 太阳对地球的影响,,GEO-B1-245,第三节 地球的历史,,GEO-B1-243,第一节 地球的宇宙环境,,,,,
4438,geography_2024_zhejiang_044,geography,4 11 黑龙江,GEO-X3-277,第一节 走向生态文明 - 42 -,0.167,GEO-B1-245,第三节 地球的历史,,GEO-B1-244,第二节 太阳对地球的影响,,,,,
4439,geography_2024_zhejiang_045,geography,6 14,GEO-B1-244,第二节 太阳对地球的影响,,GEO-B1-245,第三节 地球的历史,,GEO-B1-243,第一节 地球的宇宙环境,,,,,
4440,geography_2025_hebei_001,geography,与我国南方相比，同福大馒头在北方地区更受欢迎的主导因素是（ ）,GEO-B1-244,第二节 太阳对地球的影响,,GEO-B1-245,第三节 地球的历史,,GEO-B1-243,第一节 地球的宇宙环境,,,,,
4442,geography_2025_hebei_003,geography,该村居住用地（ ）,GEO-B1-244,第二节 太阳对地球的影响,,GEO-B1-245,第三节 地球的历史,,GEO-B1-243,第一节 地球的宇宙环境,,,,,
4443,geography_2025_hebei_004,geography,该村统筹规划各类土地，主要着眼于土地（ ） 5 该村联合周边村庄走组团式发展道路，践行了（ ） 为促进临西轴承产业集群高,GEO-B1-244,第二节 太阳对地球的影响,,GEO-B1-245,第三节 地球的历史,,GEO-B1-243,第一节 地球的宇宙环境,,,,,
4444,geography_2025_hebei_006,geography,临西轴承企业向“国际轴之城”集中，将直接推动轴承产业（ ）,GEO-B1-244,第二节 太阳对地球的影响,,GEO-B1-245,第三节 地球的历史,,GEO-B1-243,第一节 地球的宇宙环境,,,,,
4445,geography_2025_hebei_007,geography,临西县打造“临西轴承”集体商标，首要目的是（ ） 我国“深海勇士”号载人深潜器在西沙某海域海底考察时，发现一峡谷底部存在,GEO-B1-244,第二节 太阳对地球的影响,,GEO-B1-245,第三节 地球的历史,,GEO-B1-243,第一节 地球的宇宙环境,,,,,
4446,geography_2025_hebei_008,geography,该峡谷底部塑料垃圾的搬运方向是（ ）,GEO-B1-244,第二节 太阳对地球的影响,,GEO-B1-245,第三节 地球的历史,,GEO-B1-243,第一节 地球的宇宙环境,,,,,
4448,geography_2025_hebei_010,geography,图示时刻，我国华北地区（ ）,GEO-B1-244,第二节 太阳对地球的影响,,GEO-B1-245,第三节 地球的历史,,GEO-B1-243,第一节 地球的宇宙环境,,,,,
4449,geography_2025_hebei_011,geography,图示时刻，控制我国东北地区的主要天气系统是（ ）,GEO-B1-244,第二节 太阳对地球的影响,,GEO-B1-245,第三节 地球的历史,,GEO-B1-243,第一节 地球的宇宙环境,,,,,
4451,geography_2025_hebei_013,geography,图示河段的堤坝位于（ ）,GEO-B1-244,第二节 太阳对地球的影响,,GEO-B1-245,第三节 地球的历史,,GEO-B1-243,第一节 地球的宇宙环境,,,,,
4453,geography_2025_hebei_015,geography,导致F1和F2形成的初始构造作用是（ ）,GEO-B1-244,第二节 太阳对地球的影响,,GEO-B1-245,第三节 地球的历史,,GEO-B1-243,第一节 地球的宇宙环境,,,,,
4454,geography_2025_hebei_016,geography,F1和F2具有同生断层性质的活动（ ） 二、非选择题：本题共3题，共52分。,GEO-X3-276,第四节 全球气候变化与国家安全 - 39 -,0.111,GEO-B1-245,第三节 地球的历史,,GEO-B1-244,第二节 太阳对地球的影响,,,,,
4455,geography_2025_hebei_017,geography,阅读图文材料，完成下列要求。 新加坡是全球贸易、金融、航运和制造中心，与其一水之隔的马来西亚柔佛州拥有丰富的资源。202,GEO-B1-244,第二节 太阳对地球的影响,,GEO-B1-245,第三节 地球的历史,,GEO-B1-243,第一节 地球的宇宙环境,,,,,
7442,geography_2024_anhui_001,geography,利用大型低温制冷装备将氢气液化，可以（ ）,GEO-B1-244,第二节 太阳对地球的影响,,GEO-B1-245,第三节 地球的历史,,GEO-B1-243,第一节 地球的宇宙环境,,,,,
7443,geography_2024_anhui_002,geography,与以往模式相比，该发展模式的突出优势是（ ）,GEO-B1-244,第二节 太阳对地球的影响,,GEO-B1-245,第三节 地球的历史,,GEO-B1-243,第一节 地球的宇宙环境,,,,,
7444,geography_2024_anhui_003,geography,我国鼓励科研机构和企业深度合作的主要目的是（ ）,GEO-B1-244,第二节 太阳对地球的影响,,GEO-B1-245,第三节 地球的历史,,GEO-B1-243,第一节 地球的宇宙环境,,,,,
7445,geography_2024_anhui_004,geography,20世纪80年代至90年代初，促使窑头村“家家有窑，户户生火”景象形成的主要因素是（ ）,GEO-X3-274,第三节 环境问题及其危害 - 8 -,0.100,GEO-X3-275,第四节 海洋空间资源开发与国家安全 - 26 -,0.091,GEO-B1-245,第三节 地球的历史,,,,,
7446,geography_2024_anhui_005,geography,为促进河津龙门灰陶琉璃产业园特色发展，可重点关注（ ）,GEO-B1-244,第二节 太阳对地球的影响,,GEO-B1-245,第三节 地球的历史,,GEO-B1-243,第一节 地球的宇宙环境,,,,,
7447,geography_2024_anhui_006,geography,河津灰陶琉璃产业发展带来的社会效益是（ ）,GEO-B1-244,第二节 太阳对地球的影响,,GEO-B1-245,第三节 地球的历史,,GEO-B1-243,第一节 地球的宇宙环境,,,,,
7450,geography_2024_anhui_009,geography,图中甲、乙、丙三条曲线依次表示（ ）,GEO-B1-244,第二节 太阳对地球的影响,,GEO-B1-245,第三节 地球的历史,,GEO-B1-243,第一节 地球的宇宙环境,,,,,
7452,geography_2024_anhui_011,geography,该时段可能为（ ）,GEO-B1-244,第二节 太阳对地球的影响,,GEO-B1-245,第三节 地球的历史,,GEO-B1-243,第一节 地球的宇宙环境,,,,,
7453,geography_2024_anhui_012,geography,浮标获取的数据显示，在200～500m深度，甲海区海水年均盐度高于乙海区，主要原因是甲海区（ ）,GEO-X3-275,第四节 海洋空间资源开发与国家安全 - 26 -,0.091,GEO-B1-245,第三节 地球的历史,,GEO-B1-244,第二节 太阳对地球的影响,,,,,
7456,geography_2024_anhui_015,geography,该月，堡镇月平均潮差明显大于天生港，主要原因是（ ）,GEO-B1-244,第二节 太阳对地球的影响,,GEO-B1-245,第三节 地球的历史,,GEO-B1-243,第一节 地球的宇宙环境,,,,,
7457,geography_2024_anhui_016,geography,天生港4月11日（农历三月初三）潮差为该月最大。该日的日、地、月三者相对位置关系可示意为（ ）,GEO-X3-277,第一节 走向生态文明 - 42 -,0.143,GEO-B1-245,第三节 地球的历史,,GEO-B1-244,第二节 太阳对地球的影响,,,,,
7458,geography_2024_anhui_017,geography,阅读图文材料，完成下列要求。 镍用途广泛，有“钢铁工业维生素”之称。21世纪以来，我国镍产业链日渐完善，是全球主要的生产,GEO-B1-244,第二节 太阳对地球的影响,,GEO-B1-245,第三节 地球的历史,,GEO-B1-243,第一节 地球的宇宙环境,,,,,
7460,geography_2024_anhui_019,geography,阅读图文材料，完成下列要求。 南美洲的卡西基亚雷河（以下简称“卡河”）是奥里诺科河（以下简称“奥河”）上游的一条汊河，经,GEO-B1-244,第二节 太阳对地球的影响,,GEO-B1-245,第三节 地球的历史,,GEO-B1-243,第一节 地球的宇宙环境,,,,,
7464,geography_2024_beijing_006,geography,据图a可知（ ）,GEO-B1-244,第二节 太阳对地球的影响,,GEO-B1-245,第三节 地球的历史,,GEO-B1-243,第一节 地球的宇宙环境,,,,,
7465,geography_2024_beijing_007,geography,图b中（ ）,GEO-B1-244,第二节 太阳对地球的影响,,GEO-B1-245,第三节 地球的历史,,GEO-B1-243,第一节 地球的宇宙环境,,,,,
7467,geography_2024_beijing_009,geography,图中（ ）,GEO-B1-244,第二节 太阳对地球的影响,,GEO-B1-245,第三节 地球的历史,,GEO-B1-243,第一节 地球的宇宙环境,,,,,
7479,geography_2024_chongqing_001,geography,波士顿能建成“翡翠项链”公园体系，主要是因地制宜利用了（ ）,GEO-B1-244,第二节 太阳对地球的影响,,GEO-B1-245,第三节 地球的历史,,GEO-B1-243,第一节 地球的宇宙环境,,,,,
7481,geography_2024_chongqing_003,geography,20世纪50年代，第一拖拉机制造厂创建于河南省，主要是因为当时该省（ ）,GEO-X3-275,第四节 海洋空间资源开发与国家安全 - 26 -,0.125,GEO-B1-245,第三节 地球的历史,,GEO-B1-244,第二节 太阳对地球的影响,,,,,
7482,geography_2024_chongqing_004,geography,该货运专列将农机装备运输到云南磨憨口岸，通过线路包含（ ）,GEO-B1-244,第二节 太阳对地球的影响,,GEO-B1-245,第三节 地球的历史,,GEO-B1-243,第一节 地球的宇宙环境,,,,,
7483,geography_2024_chongqing_005,geography,被该农户破坏的永久基本农田，最可能用于种植（ ）,GEO-B1-244,第二节 太阳对地球的影响,,GEO-B1-245,第三节 地球的历史,,GEO-B1-243,第一节 地球的宇宙环境,,,,,
7484,geography_2024_chongqing_006,geography,耕地破坏情况可以借助遥感技术及时发现，是因为遥感技术可以监测（ ）,GEO-B1-244,第二节 太阳对地球的影响,,GEO-B1-245,第三节 地球的历史,,GEO-B1-243,第一节 地球的宇宙环境,,,,,
7485,geography_2024_chongqing_007,geography,恢复土地原貌和原种植条件的核心措施是（ ）,GEO-B1-244,第二节 太阳对地球的影响,,GEO-B1-245,第三节 地球的历史,,GEO-B1-243,第一节 地球的宇宙环境,,,,,
7486,geography_2024_chongqing_008,geography,糖水灰浆的胶凝材料采用蚝壳烧制，是因为当地较缺乏（ ）,GEO-B1-244,第二节 太阳对地球的影响,,GEO-B1-245,第三节 地球的历史,,GEO-B1-243,第一节 地球的宇宙环境,,,,,
7487,geography_2024_chongqing_009,geography,过去，当地直接使用河砂作为填料修建的建筑物容易受损。建筑物受损多发生在（ ）,GEO-B1-244,第二节 太阳对地球的影响,,GEO-B1-245,第三节 地球的历史,,GEO-B1-243,第一节 地球的宇宙环境,,,,,
7488,geography_2024_chongqing_010,geography,加的斯油橄榄科植物花粉季天气状况为（ ）,GEO-B1-244,第二节 太阳对地球的影响,,GEO-B1-245,第三节 地球的历史,,GEO-B1-243,第一节 地球的宇宙环境,,,,,
7489,geography_2024_chongqing_011,geography,该游客再次出现花粉过敏症状，可能是因为内陆山地油橄榄科植物（ ）,GEO-B1-244,第二节 太阳对地球的影响,,GEO-B1-245,第三节 地球的历史,,GEO-B1-243,第一节 地球的宇宙环境,,,,,
7492,geography_2024_chongqing_014,geography,凤凰工业园吸引我国多家企业入驻的优势条件是该国（ ）,GEO-B1-244,第二节 太阳对地球的影响,,GEO-B1-245,第三节 地球的历史,,GEO-B1-243,第一节 地球的宇宙环境,,,,,
7493,geography_2024_chongqing_015,geography,为保证线上会议开始时全球处于同一日期，线上会议开始时当地时间应是（ ）,GEO-B1-244,第二节 太阳对地球的影响,,GEO-B1-245,第三节 地球的历史,,GEO-B1-243,第一节 地球的宇宙环境,,,,,
7494,geography_2024_chongqing_016,geography,阅读文字材料，完成下列问题。 川场村位于日本东京西北部群山之中，森林覆盖率超过88%，该村种植业耕作方式传统，经济效益一,GEO-B1-244,第二节 太阳对地球的影响,,GEO-B1-245,第三节 地球的历史,,GEO-B1-243,第一节 地球的宇宙环境,,,,,
7495,geography_2024_chongqing_017,geography,阅读图文材料，完成下列问题。 厦门岛位于厦门市中心城区，用地紧张。观音山沙滩位于该岛的东部。为了防止海岸线后退，保护沿岸,GEO-B1-244,第二节 太阳对地球的影响,,GEO-B1-245,第三节 地球的历史,,GEO-B1-243,第一节 地球的宇宙环境,,,,,
7496,geography_2024_chongqing_018,geography,阅读图文材料，完成下列问题。 秦岭细鳞鲑是国家二级野生保护动物，原生于高纬度海域。第四纪冰期由北向南迁徙，通过入海河流溯,GEO-B1-244,第二节 太阳对地球的影响,,GEO-B1-245,第三节 地球的历史,,GEO-B1-243,第一节 地球的宇宙环境,,,,,
7497,geography_2024_fujian_001,geography,某村落要进行传统农业花卉种植，提供鲜切花配送服务，那么这个村落满足的条件最可能是（ ）,GEO-B1-244,第二节 太阳对地球的影响,,GEO-B1-245,第三节 地球的历史,,GEO-B1-243,第一节 地球的宇宙环境,,,,,
7498,geography_2024_fujian_002,geography,某村落满足L+CI+，为解决人才不足和运营低效等问题，实现旅游业加速发展，最适宜引进（ ）,GEO-B1-244,第二节 太阳对地球的影响,,GEO-B1-245,第三节 地球的历史,,GEO-B1-243,第一节 地球的宇宙环境,,,,,
7500,geography_2024_fujian_004,geography,图中黑色虚线箭头代表的是（ ）,GEO-B1-244,第二节 太阳对地球的影响,,GEO-B1-245,第三节 地球的历史,,GEO-B1-243,第一节 地球的宇宙环境,,,,,
7501,geography_2024_fujian_005,geography,▲无法形成成规模的产业集群的原因是（ ）,GEO-B1-244,第二节 太阳对地球的影响,,GEO-B1-245,第三节 地球的历史,,GEO-B1-243,第一节 地球的宇宙环境,,,,,
7503,geography_2024_fujian_007,geography,7月18日至7月20日时，海南岛东部海域（ ）,GEO-X3-275,第四节 海洋空间资源开发与国家安全 - 26 -,0.100,GEO-B1-245,第三节 地球的历史,,GEO-B1-244,第二节 太阳对地球的影响,,,,,
7504,geography_2024_fujian_008,geography,甲类市场数量变化的动力是（ ）,GEO-B1-244,第二节 太阳对地球的影响,,GEO-B1-245,第三节 地球的历史,,GEO-B1-243,第一节 地球的宇宙环境,,,,,
7505,geography_2024_fujian_009,geography,五年来，乙市场的变化趋势是（ ）,GEO-B1-244,第二节 太阳对地球的影响,,GEO-B1-245,第三节 地球的历史,,GEO-B1-243,第一节 地球的宇宙环境,,,,,
7506,geography_2024_fujian_010,geography,未来新增乙类市场概率最小是（ ）,GEO-B1-244,第二节 太阳对地球的影响,,GEO-B1-245,第三节 地球的历史,,GEO-B1-243,第一节 地球的宇宙环境,,,,,
7507,geography_2024_fujian_011,geography,夏至日，最有可能日出的位置是（ ）,GEO-B1-244,第二节 太阳对地球的影响,,GEO-B1-245,第三节 地球的历史,,GEO-B1-243,第一节 地球的宇宙环境,,,,,
7508,geography_2024_fujian_012,geography,6月25日，最有可能在哪个时间段（地方时）看到太阳（ ）,GEO-X3-275,第四节 海洋空间资源开发与国家安全 - 26 -,0.143,GEO-B1-245,第三节 地球的历史,,GEO-B1-244,第二节 太阳对地球的影响,,,,,
7509,geography_2024_fujian_013,geography,图中行道树为地方树种，在晴朗无云的天气里，哪个日期看到的日照时期最长（ ）,GEO-B1-244,第二节 太阳对地球的影响,,GEO-B1-245,第三节 地球的历史,,GEO-B1-243,第一节 地球的宇宙环境,,,,,
7510,geography_2024_fujian_014,geography,①-④含水量较高且大致相同，甲剖面最可能出现在图中①-④地中的哪一个（ ）,GEO-B1-244,第二节 太阳对地球的影响,,GEO-B1-245,第三节 地球的历史,,GEO-B1-243,第一节 地球的宇宙环境,,,,,
7514,geography_2024_fujian_018,geography,阅读图文材料，完成下列要求。 下图为西班牙南部部分地区的海浪分布。西班牙南部某地有甲乙两个海岸，R河从甲海岸注入地中海。,GEO-B1-244,第二节 太阳对地球的影响,,GEO-B1-245,第三节 地球的历史,,GEO-B1-243,第一节 地球的宇宙环境,,,,,
7517,geography_2024_gansu_002,geography,陕皖相关工程中火电和抽水蓄能的相同作用是（ ） C 提高能源转换效率 D. 减少换流次数,GEO-B1-244,第二节 太阳对地球的影响,,GEO-B1-245,第三节 地球的历史,,GEO-B1-243,第一节 地球的宇宙环境,,,,,
7518,geography_2024_gansu_003,geography,陕电入皖工程和岳西抽水蓄能电站可（ ） ①减少陕北温室气体排放 ②助力陕北经济社会发展 ③降低安徽能源消耗总量 ④提高安,GEO-B1-244,第二节 太阳对地球的影响,,GEO-B1-245,第三节 地球的历史,,GEO-B1-243,第一节 地球的宇宙环境,,,,,
7519,geography_2024_gansu_004,geography,柬华应用科技大学主要培养（ ）,GEO-B1-244,第二节 太阳对地球的影响,,GEO-B1-245,第三节 地球的历史,,GEO-B1-243,第一节 地球的宇宙环境,,,,,
7520,geography_2024_gansu_005,geography,柬华应用科技大学成立时最可能设置的专业有（ ） ①旅游管理 ②汽车服务工程技术 ③机械制造工程技术 ④网络工程技术 ⑤人,GEO-B1-244,第二节 太阳对地球的影响,,GEO-B1-245,第三节 地球的历史,,GEO-B1-243,第一节 地球的宇宙环境,,,,,
7522,geography_2024_gansu_007,geography,大岭村产业逐渐多元化的根本原因是（ ）,GEO-B1-244,第二节 太阳对地球的影响,,GEO-B1-245,第三节 地球的历史,,GEO-B1-243,第一节 地球的宇宙环境,,,,,
7523,geography_2024_gansu_008,geography,大岭村的发展经验最适合推广应用到（ ）,GEO-B1-244,第二节 太阳对地球的影响,,GEO-B1-245,第三节 地球的历史,,GEO-B1-243,第一节 地球的宇宙环境,,,,,
7526,geography_2024_gansu_011,geography,相同天气现象易发生于（ ） C 10月 阿根廷西部 D. 4月 意大利北部,GEO-X3-277,第一节 走向生态文明 - 42 -,0.100,GEO-B1-245,第三节 地球的历史,,GEO-B1-244,第二节 太阳对地球的影响,,,,,
7527,geography_2024_gansu_012,geography,图中覆于小块冰体上的巨石为（ ）,GEO-B1-244,第二节 太阳对地球的影响,,GEO-B1-245,第三节 地球的历史,,GEO-B1-243,第一节 地球的宇宙环境,,,,,
7528,geography_2024_gansu_013,geography,图中覆于小块冰体上的巨石来自（ ）,GEO-B1-244,第二节 太阳对地球的影响,,GEO-B1-245,第三节 地球的历史,,GEO-B1-243,第一节 地球的宇宙环境,,,,,
7530,geography_2024_gansu_015,geography,班克斯半岛的形成过程是（ ）,GEO-B1-244,第二节 太阳对地球的影响,,GEO-B1-245,第三节 地球的历史,,GEO-B1-243,第一节 地球的宇宙环境,,,,,
7532,geography_2024_gansu_017,geography,阅读图文材料，完成下列要求。 锂电产业是我国战略性新兴产业，产业上游主要是锂盐及锂材料生产，中游主要是锂电池生产，下游主,GEO-B1-244,第二节 太阳对地球的影响,,GEO-B1-245,第三节 地球的历史,,GEO-B1-243,第一节 地球的宇宙环境,,,,,
7537,geography_2024_guangdong_002,geography,1984年以来，贺兰山东麓地区新增葡萄种植区趋向（ ）,GEO-B1-244,第二节 太阳对地球的影响,,GEO-B1-245,第三节 地球的历史,,GEO-B1-243,第一节 地球的宇宙环境,,,,,
7538,geography_2024_guangdong_003,geography,20,GEO-X3-275,第四节 海洋空间资源开发与国家安全 - 26 -,0.200,GEO-B1-245,第三节 地球的历史,,GEO-B1-244,第二节 太阳对地球的影响,,,,,
7543,geography_2024_guangdong_004,geography,45 521,GEO-X3-277,第一节 走向生态文明 - 42 -,0.125,GEO-B1-245,第三节 地球的历史,,GEO-B1-244,第二节 太阳对地球的影响,,,,,
7545,geography_2024_guangdong_005,geography,根据有效辐射变化可知，一年中该地热带季雨林的林冠层（ ）,GEO-B1-244,第二节 太阳对地球的影响,,GEO-B1-245,第三节 地球的历史,,GEO-B1-243,第一节 地球的宇宙环境,,,,,
7546,geography_2024_guangdong_006,geography,更新改造初期，选择该片区布局文化场馆的最有利条件是（ ）,GEO-B1-244,第二节 太阳对地球的影响,,GEO-B1-245,第三节 地球的历史,,GEO-B1-243,第一节 地球的宇宙环境,,,,,
7547,geography_2024_guangdong_007,geography,54 兰州都市圈,GEO-B1-244,第二节 太阳对地球的影响,,GEO-B1-245,第三节 地球的历史,,GEO-B1-243,第一节 地球的宇宙环境,,,,,
7550,geography_2024_guangdong_009,geography,根据合肥和兰州两个都市圈的功能分工指数值变化，可以判断（ ）,GEO-B1-244,第二节 太阳对地球的影响,,GEO-B1-245,第三节 地球的历史,,GEO-B1-243,第一节 地球的宇宙环境,,,,,
7551,geography_2024_guangdong_010,geography,与甲地对比，温带气候峡湾在乙地发育的主要原因是乙地（ ）,GEO-B1-244,第二节 太阳对地球的影响,,GEO-B1-245,第三节 地球的历史,,GEO-B1-243,第一节 地球的宇宙环境,,,,,
7554,geography_2024_guangdong_013,geography,可推断，该溶洞内的粉砂质黏土沉积物主要源自（ ）,GEO-B1-244,第二节 太阳对地球的影响,,GEO-B1-245,第三节 地球的历史,,GEO-B1-243,第一节 地球的宇宙环境,,,,,
7555,geography_2024_guangdong_014,geography,若暖季上、下行气流常在图中P地附近交汇，则该地（ ）,GEO-B1-244,第二节 太阳对地球的影响,,GEO-B1-245,第三节 地球的历史,,GEO-B1-243,第一节 地球的宇宙环境,,,,,
7556,geography_2024_guangdong_015,geography,近30年来，该地区暖季午间下行气流势力呈现增强趋势，由此可引起P地附近（ ）,GEO-X3-276,第四节 全球气候变化与国家安全 - 39 -,0.143,GEO-B1-245,第三节 地球的历史,,GEO-B1-244,第二节 太阳对地球的影响,,,,,
7557,geography_2024_guangdong_016,geography,如果当时祭祀人员站在右图中的D5处，他在夏至日看到的日出方位位于（ ）,GEO-B1-244,第二节 太阳对地球的影响,,GEO-B1-245,第三节 地球的历史,,GEO-B1-243,第一节 地球的宇宙环境,,,,,
7558,geography_2024_guangdong_017,geography,已知3000年前的黄赤交角比现今大，与现在遗址地居民相比，则当时金沙先民在（ ）,GEO-X3-276,第四节 全球气候变化与国家安全 - 39 -,0.143,GEO-B1-245,第三节 地球的历史,,GEO-B1-244,第二节 太阳对地球的影响,,,,,
7559,geography_2024_guangdong_018,geography,阅读图文资料，完成下列要求。 辽宁省大连市的松木岛化工园区距主城区约60km，占地面积35km2，2005年，该园区开始,GEO-B1-244,第二节 太阳对地球的影响,,GEO-B1-245,第三节 地球的历史,,GEO-B1-243,第一节 地球的宇宙环境,,,,,
7562,geography_2024_guangxi_001,geography,该企业能成功打造匠心产品，主要得益于（ ）,GEO-B1-244,第二节 太阳对地球的影响,,GEO-B1-245,第三节 地球的历史,,GEO-B1-243,第一节 地球的宇宙环境,,,,,
7563,geography_2024_guangxi_002,geography,目前该企业在国际市场竞争中面临的主要困难是（ ）,GEO-B1-244,第二节 太阳对地球的影响,,GEO-B1-245,第三节 地球的历史,,GEO-B1-243,第一节 地球的宇宙环境,,,,,
7564,geography_2024_guangxi_003,geography,邻近五县劳动力向建水县流动的主要原因是县际间（ ）,GEO-B1-244,第二节 太阳对地球的影响,,GEO-B1-245,第三节 地球的历史,,GEO-B1-243,第一节 地球的宇宙环境,,,,,
7566,geography_2024_guangxi_005,geography,综合图中各种出行方式的占比情况，推测甲、乙、丙分别代表（ ） A 市区、泛马德里、中心城区 B. 中心城区、泛马德里、市,GEO-B1-244,第二节 太阳对地球的影响,,GEO-B1-245,第三节 地球的历史,,GEO-B1-243,第一节 地球的宇宙环境,,,,,
7567,geography_2024_guangxi_006,geography,引导马德里居民更多采用健康出行方式的有效措施是 ①提高燃油价格 ②美化道路景观 ③降低公交价格 ④增加共享单车,GEO-B1-244,第二节 太阳对地球的影响,,GEO-B1-245,第三节 地球的历史,,GEO-B1-243,第一节 地球的宇宙环境,,,,,
7570,geography_2024_guangxi_009,geography,当地居民在极夜期间举办很多团体活动，主要为了（ ）,GEO-B1-244,第二节 太阳对地球的影响,,GEO-B1-245,第三节 地球的历史,,GEO-B1-243,第一节 地球的宇宙环境,,,,,
7571,geography_2024_guangxi_010,geography,太阳节首日，当地居民看到太阳升起的方位是（ ）,GEO-B1-244,第二节 太阳对地球的影响,,GEO-B1-245,第三节 地球的历史,,GEO-B1-243,第一节 地球的宇宙环境,,,,,
7572,geography_2024_guangxi_011,geography,据图可知，T2~T4的（ ）,GEO-B1-244,第二节 太阳对地球的影响,,GEO-B1-245,第三节 地球的历史,,GEO-B1-243,第一节 地球的宇宙环境,,,,,
7574,geography_2024_guangxi_013,geography,推测本实验开展的时间是在（ ）,GEO-B1-244,第二节 太阳对地球的影响,,GEO-B1-245,第三节 地球的历史,,GEO-B1-243,第一节 地球的宇宙环境,,,,,
7575,geography_2024_guangxi_014,geography,推测该种乔木能侵入洼地的主要原因是当地（ ）,GEO-B1-244,第二节 太阳对地球的影响,,GEO-B1-245,第三节 地球的历史,,GEO-B1-243,第一节 地球的宇宙环境,,,,,
7576,geography_2024_guangxi_015,geography,研究发现树岛内苔藓与地衣逐渐消亡，是因为树岛内（ ）,GEO-B1-244,第二节 太阳对地球的影响,,GEO-B1-245,第三节 地球的历史,,GEO-B1-243,第一节 地球的宇宙环境,,,,,
7577,geography_2024_guangxi_016,geography,近30年，随着树岛数量和面积的增加，该洼地植被（ ）,GEO-X3-276,第四节 全球气候变化与国家安全 - 39 -,0.200,GEO-B1-245,第三节 地球的历史,,GEO-B1-244,第二节 太阳对地球的影响,,,,,
7581,geography_2024_hainan_001,geography,2008年以来，该村产业发展方向为（ ）,GEO-X3-275,第四节 海洋空间资源开发与国家安全 - 26 -,0.143,GEO-B1-245,第三节 地球的历史,,GEO-B1-244,第二节 太阳对地球的影响,,,,,
7582,geography_2024_hainan_002,geography,下列对2008-2020年该村空间功能变化的叙述，正确的是（ ）,GEO-X3-275,第四节 海洋空间资源开发与国家安全 - 26 -,0.100,GEO-B1-245,第三节 地球的历史,,GEO-B1-244,第二节 太阳对地球的影响,,,,,
7583,geography_2024_hainan_003,geography,与传统的“靠花吃花”相比，赏花经济（ ）,GEO-B1-244,第二节 太阳对地球的影响,,GEO-B1-245,第三节 地球的历史,,GEO-B1-243,第一节 地球的宇宙环境,,,,,
7584,geography_2024_hainan_004,geography,大面积引种开花植物时，下列因素中需首先考虑的是（ ）,GEO-B1-244,第二节 太阳对地球的影响,,GEO-B1-245,第三节 地球的历史,,GEO-B1-243,第一节 地球的宇宙环境,,,,,
7585,geography_2024_hainan_005,geography,假设空气柱内气流没有水平位移，则图中气压（ ）,GEO-B1-244,第二节 太阳对地球的影响,,GEO-B1-245,第三节 地球的历史,,GEO-B1-243,第一节 地球的宇宙环境,,,,,
7586,geography_2024_hainan_006,geography,实际情况下，空气在近地面和上空某高度产生辐合或辐散，图中气流在（ ）,GEO-B1-244,第二节 太阳对地球的影响,,GEO-B1-245,第三节 地球的历史,,GEO-B1-243,第一节 地球的宇宙环境,,,,,
7587,geography_2024_hainan_007,geography,一年内，三岛礁相比（ ）,GEO-B1-244,第二节 太阳对地球的影响,,GEO-B1-245,第三节 地球的历史,,GEO-B1-243,第一节 地球的宇宙环境,,,,,
7588,geography_2024_hainan_008,geography,中国海警执法船在元旦期间从永暑礁出发到曾母暗沙执行公务。下列叙述正确的是（ ）,GEO-B1-244,第二节 太阳对地球的影响,,GEO-B1-245,第三节 地球的历史,,GEO-B1-243,第一节 地球的宇宙环境,,,,,
7590,geography_2024_hainan_010,geography,关于南极洲周围大洋冰山的说法，正确的是（ ）,GEO-B1-244,第二节 太阳对地球的影响,,GEO-B1-245,第三节 地球的历史,,GEO-B1-243,第一节 地球的宇宙环境,,,,,
7591,geography_2024_hainan_011,geography,实验第一步，水桶往右平移，指针向左偏转，示意河流（ ）,GEO-B1-244,第二节 太阳对地球的影响,,GEO-B1-245,第三节 地球的历史,,GEO-B1-243,第一节 地球的宇宙环境,,,,,
7592,geography_2024_hainan_012,geography,实验第二步，为使天平保持平衡，秤盘往左平移，示意河流（ ） A 水动力增大 B. 侵蚀作用增强,GEO-B1-244,第二节 太阳对地球的影响,,GEO-B1-245,第三节 地球的历史,,GEO-B1-243,第一节 地球的宇宙环境,,,,,
7594,geography_2024_hainan_014,geography,据图可知（ ）,GEO-B1-244,第二节 太阳对地球的影响,,GEO-B1-245,第三节 地球的历史,,GEO-B1-243,第一节 地球的宇宙环境,,,,,
7600,geography_2024_hubei_001,geography,据上表数据分析可知，武汉大学樱花绽放日期总体上（ ）,GEO-B1-244,第二节 太阳对地球的影响,,GEO-B1-245,第三节 地球的历史,,GEO-B1-243,第一节 地球的宇宙环境,,,,,
7601,geography_2024_hubei_002,geography,推测影响武汉大学樱花开花早晚的主要气象因素是（ ）,GEO-B1-244,第二节 太阳对地球的影响,,GEO-B1-245,第三节 地球的历史,,GEO-B1-243,第一节 地球的宇宙环境,,,,,
7602,geography_2024_hubei_003,geography,武汉大学作为全国知名度极高的赏樱地，其独特魅力在于（ ）,GEO-B1-244,第二节 太阳对地球的影响,,GEO-B1-245,第三节 地球的历史,,GEO-B1-243,第一节 地球的宇宙环境,,,,,
7603,geography_2024_hubei_004,geography,该市1978～2015年食物消费结构变化特点主要表现为（ ）,GEO-X3-275,第四节 海洋空间资源开发与国家安全 - 26 -,0.083,GEO-B1-245,第三节 地球的历史,,GEO-B1-244,第二节 太阳对地球的影响,,,,,
7604,geography_2024_hubei_005,geography,碳足迹系数为某类食物产生的碳足迹与该类食物的消费量之比。下列食物中碳足迹系数最大的是（ ）,GEO-B1-244,第二节 太阳对地球的影响,,GEO-B1-245,第三节 地球的历史,,GEO-B1-243,第一节 地球的宇宙环境,,,,,
7605,geography_2024_hubei_006,geography,倡导绿色低碳生活，可行的饮食方式有（ ） ①保证营养需求的同时，将动物源食物消费保持在合理范围 ②保持动物源食物占比，由,GEO-B1-244,第二节 太阳对地球的影响,,GEO-B1-245,第三节 地球的历史,,GEO-B1-243,第一节 地球的宇宙环境,,,,,
7607,geography_2024_hubei_008,geography,由图可知，以下描述合理的是（ ）,GEO-B1-244,第二节 太阳对地球的影响,,GEO-B1-245,第三节 地球的历史,,GEO-B1-243,第一节 地球的宇宙环境,,,,,
7608,geography_2024_hubei_009,geography,影响上海街道主要方向形成的关键自然因素是（ ）,GEO-B1-244,第二节 太阳对地球的影响,,GEO-B1-245,第三节 地球的历史,,GEO-B1-243,第一节 地球的宇宙环境,,,,,
7609,geography_2024_hubei_010,geography,据图分析，下列情况中，地下水排泄条件最好的是（ ）,GEO-B1-244,第二节 太阳对地球的影响,,GEO-B1-245,第三节 地球的历史,,GEO-B1-243,第一节 地球的宇宙环境,,,,,
7610,geography_2024_hubei_011,geography,图中所示的四个钻孔中可打出淡水的是（ ）,GEO-B1-244,第二节 太阳对地球的影响,,GEO-B1-245,第三节 地球的历史,,GEO-B1-243,第一节 地球的宇宙环境,,,,,
7611,geography_2024_hubei_012,geography,为保证水质优良、水量充足，该区地下水开采的最优策略是（ ）,GEO-B1-244,第二节 太阳对地球的影响,,GEO-B1-245,第三节 地球的历史,,GEO-B1-243,第一节 地球的宇宙环境,,,,,
7612,geography_2024_hubei_013,geography,沿采样点1至9方向，沙粒（ ）,GEO-B1-244,第二节 太阳对地球的影响,,GEO-B1-245,第三节 地球的历史,,GEO-B1-243,第一节 地球的宇宙环境,,,,,
7616,geography_2024_hubei_017,geography,阅读图文材料，完成下列要求。 宁夏古灌溉工程遗产拥有庞大完整的灌溉渠系，为黄河灌区内的农业发展提供了完善的水利保障。宁夏,GEO-B1-244,第二节 太阳对地球的影响,,GEO-B1-245,第三节 地球的历史,,GEO-B1-243,第一节 地球的宇宙环境,,,,,
7618,geography_2024_hunan_001,geography,古时石牌镇豆腐声名远播，主要得益于（ ）,GEO-B1-244,第二节 太阳对地球的影响,,GEO-B1-245,第三节 地球的历史,,GEO-B1-243,第一节 地球的宇宙环境,,,,,
7619,geography_2024_hunan_002,geography,当前有些“石牌豆腐郎”将豆制品加工企业迁回家乡发展，看重的是该镇的（ ） ①产业基础 ②人才优势 ③劳动力数量 ④市场需,GEO-B1-244,第二节 太阳对地球的影响,,GEO-B1-245,第三节 地球的历史,,GEO-B1-243,第一节 地球的宇宙环境,,,,,
7620,geography_2024_hunan_003,geography,随着产业规模的扩大，为保障“石牌豆腐”品质，可采取的有效举措是（ ）,GEO-B1-244,第二节 太阳对地球的影响,,GEO-B1-245,第三节 地球的历史,,GEO-B1-243,第一节 地球的宇宙环境,,,,,
7621,geography_2024_hunan_004,geography,测算人口数量与统计人口数量差异最显著的年龄段及该年龄段两者数量差异形成的原因（ ）,GEO-B1-244,第二节 太阳对地球的影响,,GEO-B1-245,第三节 地球的历史,,GEO-B1-243,第一节 地球的宇宙环境,,,,,
7623,geography_2024_hunan_006,geography,西庄村形成图示空间次序，是因为（ ）,GEO-B1-244,第二节 太阳对地球的影响,,GEO-B1-245,第三节 地球的历史,,GEO-B1-243,第一节 地球的宇宙环境,,,,,
7624,geography_2024_hunan_007,geography,“精雕”选择在以厅堂为中心的院落中进行，主要是为了（ ）,GEO-B1-244,第二节 太阳对地球的影响,,GEO-B1-245,第三节 地球的历史,,GEO-B1-243,第一节 地球的宇宙环境,,,,,
7626,geography_2024_hunan_009,geography,理想的采样监测天气是（ ）,GEO-B1-244,第二节 太阳对地球的影响,,GEO-B1-245,第三节 地球的历史,,GEO-B1-243,第一节 地球的宇宙环境,,,,,
7627,geography_2024_hunan_010,geography,与自行车道相比，关于人行道上积累最明显的颗粒物及其对应的植被类型，判断正确的是（ ）,GEO-B1-244,第二节 太阳对地球的影响,,GEO-B1-245,第三节 地球的历史,,GEO-B1-243,第一节 地球的宇宙环境,,,,,
7628,geography_2024_hunan_011,geography,在优先考虑降低颗粒物对居民区影响的同时，为尽量减少其对行人的影响，该都市从人行道到居民区绿化植被配置合理的是（ ）,GEO-B1-244,第二节 太阳对地球的影响,,GEO-B1-245,第三节 地球的历史,,GEO-B1-243,第一节 地球的宇宙环境,,,,,
7629,geography_2024_hunan_012,geography,关于甲、乙两时期谷底品尼松的生长状态和影响其生长的外力作用，推断正确的是（ ）,GEO-B1-244,第二节 太阳对地球的影响,,GEO-B1-245,第三节 地球的历史,,GEO-B1-243,第一节 地球的宇宙环境,,,,,
7630,geography_2024_hunan_013,geography,在谷底冲沟附近，有部分品尼松树干下半部原有枝条消失，最可能是因为（ ）,GEO-B1-244,第二节 太阳对地球的影响,,GEO-B1-245,第三节 地球的历史,,GEO-B1-243,第一节 地球的宇宙环境,,,,,
7631,geography_2024_hunan_014,geography,在乙时期，谷坡的品尼松年轮增长距平值与谷底的相反，可能原因是谷坡（ ）,GEO-B1-244,第二节 太阳对地球的影响,,GEO-B1-245,第三节 地球的历史,,GEO-B1-243,第一节 地球的宇宙环境,,,,,
7632,geography_2024_hunan_015,geography,第一次和第二次强降雨可能出现的时段分别为（ ）,GEO-B1-244,第二节 太阳对地球的影响,,GEO-B1-245,第三节 地球的历史,,GEO-B1-243,第一节 地球的宇宙环境,,,,,
7637,geography_2024_jiangsu_001,geography,图中最能体现喀斯特地貌景观特征的是（ ）,GEO-B1-244,第二节 太阳对地球的影响,,GEO-B1-245,第三节 地球的历史,,GEO-B1-243,第一节 地球的宇宙环境,,,,,
7638,geography_2024_jiangsu_002,geography,该景观处于（ ）,GEO-B1-244,第二节 太阳对地球的影响,,GEO-B1-245,第三节 地球的历史,,GEO-B1-243,第一节 地球的宇宙环境,,,,,
7639,geography_2024_jiangsu_003,geography,据图推断，该日是（ ）,GEO-B1-244,第二节 太阳对地球的影响,,GEO-B1-245,第三节 地球的历史,,GEO-B1-243,第一节 地球的宇宙环境,,,,,
7640,geography_2024_jiangsu_004,geography,图示时刻，北京时间大约是（ ）,GEO-B1-244,第二节 太阳对地球的影响,,GEO-B1-245,第三节 地球的历史,,GEO-B1-243,第一节 地球的宇宙环境,,,,,
7641,geography_2024_jiangsu_005,geography,经过6小时，昼夜状况是（ ）,GEO-B1-244,第二节 太阳对地球的影响,,GEO-B1-245,第三节 地球的历史,,GEO-B1-243,第一节 地球的宇宙环境,,,,,
7643,geography_2024_jiangsu_007,geography,推测此次天气过程引发的对流，在夜晚将（ ）,GEO-B1-244,第二节 太阳对地球的影响,,GEO-B1-245,第三节 地球的历史,,GEO-B1-243,第一节 地球的宇宙环境,,,,,
7644,geography_2024_jiangsu_008,geography,天坑底部的堆积体总体上（ ）,GEO-B1-244,第二节 太阳对地球的影响,,GEO-B1-245,第三节 地球的历史,,GEO-B1-243,第一节 地球的宇宙环境,,,,,
7647,geography_2024_jiangsu_011,geography,奎甘市位于伊犁河入湖口，该地区农业发展特色（ ）,GEO-B1-244,第二节 太阳对地球的影响,,GEO-B1-245,第三节 地球的历史,,GEO-B1-243,第一节 地球的宇宙环境,,,,,
7649,geography_2024_jiangsu_013,geography,泛美公路建设初期，达连隘口段公路未修建的主要自然原因是（ ）,GEO-B1-244,第二节 太阳对地球的影响,,GEO-B1-245,第三节 地球的历史,,GEO-B1-243,第一节 地球的宇宙环境,,,,,
7651,geography_2024_jiangsu_015,geography,农业社会时期，景迈山的经济发展模式属于（ ）,GEO-B1-244,第二节 太阳对地球的影响,,GEO-B1-245,第三节 地球的历史,,GEO-B1-243,第一节 地球的宇宙环境,,,,,
7652,geography_2024_jiangsu_016,geography,上世纪90年代，景迈山部分古茶林被改为现代茶园的主要原因是古树茶（ ）,GEO-B1-244,第二节 太阳对地球的影响,,GEO-B1-245,第三节 地球的历史,,GEO-B1-243,第一节 地球的宇宙环境,,,,,
7653,geography_2024_jiangsu_017,geography,景迈山文化遗产保护面临的最大困难在于（ ）,GEO-B1-244,第二节 太阳对地球的影响,,GEO-B1-245,第三节 地球的历史,,GEO-B1-243,第一节 地球的宇宙环境,,,,,
7655,geography_2024_jiangsu_019,geography,图中甲处地块平行于主河道，主要由于（ ）,GEO-B1-244,第二节 太阳对地球的影响,,GEO-B1-245,第三节 地球的历史,,GEO-B1-243,第一节 地球的宇宙环境,,,,,
7662,geography_2024_jiangxi_001,geography,越南民众纷纷转而购买电动摩托车，考虑的最主要因素是（ ）,GEO-B1-244,第二节 太阳对地球的影响,,GEO-B1-245,第三节 地球的历史,,GEO-B1-243,第一节 地球的宇宙环境,,,,,
7663,geography_2024_jiangxi_002,geography,M公司计划在越南设立研发中心的主要目的是（ ）,GEO-B1-244,第二节 太阳对地球的影响,,GEO-B1-245,第三节 地球的历史,,GEO-B1-243,第一节 地球的宇宙环境,,,,,
7664,geography_2024_jiangxi_003,geography,M公司的投资有利于越南相关产业（ ） ①劳动力价格降低 ②能耗总量减少 ③转型升级加速 ④国际竞争力提升,GEO-B1-244,第二节 太阳对地球的影响,,GEO-B1-245,第三节 地球的历史,,GEO-B1-243,第一节 地球的宇宙环境,,,,,
7665,geography_2024_jiangxi_004,geography,应用高速育秧机克服的传统育秧限制因素主要是（ ）,GEO-B1-244,第二节 太阳对地球的影响,,GEO-B1-245,第三节 地球的历史,,GEO-B1-243,第一节 地球的宇宙环境,,,,,
7666,geography_2024_jiangxi_005,geography,与传统育秧比，采用高速育秧机育秧主要是为了（ ）,GEO-B1-244,第二节 太阳对地球的影响,,GEO-B1-245,第三节 地球的历史,,GEO-B1-243,第一节 地球的宇宙环境,,,,,
7667,geography_2024_jiangxi_006,geography,四个省级行政区的铁路货物周转量占比从大到小的排序是（ ）,GEO-B1-244,第二节 太阳对地球的影响,,GEO-B1-245,第三节 地球的历史,,GEO-B1-243,第一节 地球的宇宙环境,,,,,
7668,geography_2024_jiangxi_007,geography,据图判断甲、乙、丙、丁分别可能是（ ）,GEO-B1-244,第二节 太阳对地球的影响,,GEO-B1-245,第三节 地球的历史,,GEO-B1-243,第一节 地球的宇宙环境,,,,,
7671,geography_2024_jiangxi_010,geography,推断北斗卫星导航系统在该预警系统中发挥的作用是（ ） A 采集地表形变数据 B. 分析居民点分布数据,GEO-B1-244,第二节 太阳对地球的影响,,GEO-B1-245,第三节 地球的历史,,GEO-B1-243,第一节 地球的宇宙环境,,,,,
7675,geography_2024_jiangxi_014,geography,P甲、P乙、P丙分别为甲、乙、丙三个时刻气旋中心气压值，按大小顺序排列，依次是（ ）,GEO-B1-244,第二节 太阳对地球的影响,,GEO-B1-245,第三节 地球的历史,,GEO-B1-243,第一节 地球的宇宙环境,,,,,
7676,geography_2024_jiangxi_015,geography,此次气旋移动过程中，乙时刻渤海海峡出现（ ）,GEO-B1-244,第二节 太阳对地球的影响,,GEO-B1-245,第三节 地球的历史,,GEO-B1-243,第一节 地球的宇宙环境,,,,,
7681,geography_2024_liaoning_001,geography,盐城接收站高效运营的必要条件是（ ）,GEO-B1-244,第二节 太阳对地球的影响,,GEO-B1-245,第三节 地球的历史,,GEO-B1-243,第一节 地球的宇宙环境,,,,,
7682,geography_2024_liaoning_002,geography,盐城接收站将建设附属设施是为了（ ）,GEO-B1-244,第二节 太阳对地球的影响,,GEO-B1-245,第三节 地球的历史,,GEO-B1-243,第一节 地球的宇宙环境,,,,,
7683,geography_2024_liaoning_003,geography,能够提升盐城接收站天然气调峰保供能力的是（ ）,GEO-B1-244,第二节 太阳对地球的影响,,GEO-B1-245,第三节 地球的历史,,GEO-B1-243,第一节 地球的宇宙环境,,,,,
7685,geography_2024_liaoning_005,geography,黏化层形成时期的气候特征是（ ）,GEO-B1-244,第二节 太阳对地球的影响,,GEO-B1-245,第三节 地球的历史,,GEO-B1-243,第一节 地球的宇宙环境,,,,,
7686,geography_2024_liaoning_006,geography,埃森登机场作为专用机场，以下最可能成为其客源的行业是（ ）,GEO-B1-244,第二节 太阳对地球的影响,,GEO-B1-245,第三节 地球的历史,,GEO-B1-243,第一节 地球的宇宙环境,,,,,
7688,geography_2024_liaoning_008,geography,图中现存植被最接近地带性植被的地貌位置是（ ）,GEO-B1-244,第二节 太阳对地球的影响,,GEO-B1-245,第三节 地球的历史,,GEO-B1-243,第一节 地球的宇宙环境,,,,,
7689,geography_2024_liaoning_009,geography,如果流域整体构造抬升，最早演替为地带性植被的是（ ）,GEO-B1-244,第二节 太阳对地球的影响,,GEO-B1-245,第三节 地球的历史,,GEO-B1-243,第一节 地球的宇宙环境,,,,,
7690,geography_2024_liaoning_010,geography,与集聚在中央商务区相比，纳什维尔的专业服务集聚地（ ）,GEO-B1-244,第二节 太阳对地球的影响,,GEO-B1-245,第三节 地球的历史,,GEO-B1-243,第一节 地球的宇宙环境,,,,,
7691,geography_2024_liaoning_011,geography,纳什维尔专业服务集聚能够（ ）,GEO-B1-244,第二节 太阳对地球的影响,,GEO-B1-245,第三节 地球的历史,,GEO-B1-243,第一节 地球的宇宙环境,,,,,
7692,geography_2024_liaoning_012,geography,影响6月恰甫其海表层浮游动物生物量分布的主要因素是（ ）,GEO-B1-244,第二节 太阳对地球的影响,,GEO-B1-245,第三节 地球的历史,,GEO-B1-243,第一节 地球的宇宙环境,,,,,
7693,geography_2024_liaoning_013,geography,9月恰甫其海南岸丰富的碎屑食物吸引浮游动物聚集，这些碎屑食物主要来源于（ ）,GEO-B1-244,第二节 太阳对地球的影响,,GEO-B1-245,第三节 地球的历史,,GEO-B1-243,第一节 地球的宇宙环境,,,,,
7694,geography_2024_liaoning_014,geography,团状村落的主要特征是（ ）,GEO-B1-244,第二节 太阳对地球的影响,,GEO-B1-245,第三节 地球的历史,,GEO-B1-243,第一节 地球的宇宙环境,,,,,
7695,geography_2024_liaoning_015,geography,影响带状村落主轴线和骨架形成主导因子是（ ）,GEO-B1-244,第二节 太阳对地球的影响,,GEO-B1-245,第三节 地球的历史,,GEO-B1-243,第一节 地球的宇宙环境,,,,,
7696,geography_2024_liaoning_016,geography,指状村落集中分布在（ ）,GEO-B1-244,第二节 太阳对地球的影响,,GEO-B1-245,第三节 地球的历史,,GEO-B1-243,第一节 地球的宇宙环境,,,,,
7700,geography_2024_shandong_001,geography,“逐年轮流起收”的主要目的是（ ）,GEO-B1-244,第二节 太阳对地球的影响,,GEO-B1-245,第三节 地球的历史,,GEO-B1-243,第一节 地球的宇宙环境,,,,,
7701,geography_2024_shandong_002,geography,与传统清洗方式相比，采用沉淀式自动方式清洗鳞茎有利于（ ）,GEO-B1-244,第二节 太阳对地球的影响,,GEO-B1-245,第三节 地球的历史,,GEO-B1-243,第一节 地球的宇宙环境,,,,,
7702,geography_2024_shandong_003,geography,为打造全国平贝产业高地，铁力市宜重点布局（ ）,GEO-B1-244,第二节 太阳对地球的影响,,GEO-B1-245,第三节 地球的历史,,GEO-B1-243,第一节 地球的宇宙环境,,,,,
7703,geography_2024_shandong_004,geography,商业小镇沙夫豪森的兴起最可能缘于（ ）,GEO-B1-244,第二节 太阳对地球的影响,,GEO-B1-245,第三节 地球的历史,,GEO-B1-243,第一节 地球的宇宙环境,,,,,
7704,geography_2024_shandong_005,geography,1868年，W厂选址在沙夫豪森的主要影响因素是（ ）,GEO-B1-244,第二节 太阳对地球的影响,,GEO-B1-245,第三节 地球的历史,,GEO-B1-243,第一节 地球的宇宙环境,,,,,
7705,geography_2024_shandong_006,geography,F岛的位置可能是（ ）,GEO-B1-244,第二节 太阳对地球的影响,,GEO-B1-245,第三节 地球的历史,,GEO-B1-243,第一节 地球的宇宙环境,,,,,
7706,geography_2024_shandong_007,geography,当地时间下午，小明去往岛屿最可能是（ ）,GEO-B1-244,第二节 太阳对地球的影响,,GEO-B1-245,第三节 地球的历史,,GEO-B1-243,第一节 地球的宇宙环境,,,,,
7709,geography_2024_shandong_010,geography,导致古锡拉岛演变为环形群岛的主要地质作用是（ ）,GEO-B1-244,第二节 太阳对地球的影响,,GEO-B1-245,第三节 地球的历史,,GEO-B1-243,第一节 地球的宇宙环境,,,,,
7710,geography_2024_shandong_011,geography,锡拉岛上的葡萄在需水量较大的生长期也无需灌溉，主要是因为（ ）,GEO-B1-244,第二节 太阳对地球的影响,,GEO-B1-245,第三节 地球的历史,,GEO-B1-243,第一节 地球的宇宙环境,,,,,
7711,geography_2024_shandong_012,geography,当地农民将葡萄藤盘成篮子状的主要目的是（ ）,GEO-B1-244,第二节 太阳对地球的影响,,GEO-B1-245,第三节 地球的历史,,GEO-B1-243,第一节 地球的宇宙环境,,,,,
7712,geography_2024_shandong_013,geography,该新城的社区居民非工作活动大部分在新城外或社区附近，主要是因为新城（ ）,GEO-B1-244,第二节 太阳对地球的影响,,GEO-B1-245,第三节 地球的历史,,GEO-B1-243,第一节 地球的宇宙环境,,,,,
7713,geography_2024_shandong_014,geography,为达到新城生活空间理想模式状态，该新城未来发展的首要任务是（ ）,GEO-B1-244,第二节 太阳对地球的影响,,GEO-B1-245,第三节 地球的历史,,GEO-B1-243,第一节 地球的宇宙环境,,,,,
7714,geography_2024_shandong_015,geography,达到新城生活空间理想模式状态后，该新城的社区居民日常（ ）,GEO-B1-244,第二节 太阳对地球的影响,,GEO-B1-245,第三节 地球的历史,,GEO-B1-243,第一节 地球的宇宙环境,,,,,
7725,geography_2024_tianjin_002,geography,对图中所示四条河流当前主要功能描述正确的是（ ）,GEO-B1-244,第二节 太阳对地球的影响,,GEO-B1-245,第三节 地球的历史,,GEO-B1-243,第一节 地球的宇宙环境,,,,,
7726,geography_2024_tianjin_003,geography,据图分析，该年北极海冰面积的变化特点是（ ）,GEO-B1-244,第二节 太阳对地球的影响,,GEO-B1-245,第三节 地球的历史,,GEO-B1-243,第一节 地球的宇宙环境,,,,,
7727,geography_2024_tianjin_004,geography,从海气相互作用角度判断，北极海冰面积减少会导致（ ）,GEO-B1-244,第二节 太阳对地球的影响,,GEO-B1-245,第三节 地球的历史,,GEO-B1-243,第一节 地球的宇宙环境,,,,,
7728,geography_2024_tianjin_005,geography,如果只考虑纬度地带性，那么25°S的植被类型应当是（ ）,GEO-X3-275,第四节 海洋空间资源开发与国家安全 - 26 -,0.143,GEO-B1-245,第三节 地球的历史,,GEO-B1-244,第二节 太阳对地球的影响,,,,,
7729,geography_2024_tianjin_006,geography,下列关于澳大利亚东、西两岸水热条件不同的原因最准确的是（ ） A 相对海拔高度差异大 B. 大气环流和海陆位置不同,GEO-B1-244,第二节 太阳对地球的影响,,GEO-B1-245,第三节 地球的历史,,GEO-B1-243,第一节 地球的宇宙环境,,,,,
7730,geography_2024_tianjin_007,geography,经研究，绘制出的不同时刻锋面高度位置图与实际相符的是（ ）,GEO-B1-244,第二节 太阳对地球的影响,,GEO-B1-245,第三节 地球的历史,,GEO-B1-243,第一节 地球的宇宙环境,,,,,
7732,geography_2024_tianjin_009,geography,官洲岛吸引大批海外知名医药企业研发机构入驻的有利条件有（ ） ①医药研发原料充足②基础设施完善③技术人才丰富④岛屿自然环,GEO-B1-244,第二节 太阳对地球的影响,,GEO-B1-245,第三节 地球的历史,,GEO-B1-243,第一节 地球的宇宙环境,,,,,
7733,geography_2024_tianjin_010,geography,未来官洲岛附近将继续完善大学城配套设施建设及学校迁入工程，此工程对官洲岛产业升级的推动原因是（ ）,GEO-B1-244,第二节 太阳对地球的影响,,GEO-B1-245,第三节 地球的历史,,GEO-B1-243,第一节 地球的宇宙环境,,,,,
7735,geography_2024_tianjin_012,geography,“七普”数据显示西安人口增加明显，推测与此关联度最小的是（ ）,GEO-B1-244,第二节 太阳对地球的影响,,GEO-B1-245,第三节 地球的历史,,GEO-B1-243,第一节 地球的宇宙环境,,,,,
7737,geography_2024_tianjin_014,geography,该照片拍摄的大致时间是（ ）,GEO-B1-244,第二节 太阳对地球的影响,,GEO-B1-245,第三节 地球的历史,,GEO-B1-243,第一节 地球的宇宙环境,,,,,
7742,geography_2024_national_a_001,geography,中新合作区的工业区对商业区形成强力支撑的原因是工业区带动了（ ） ①人口集聚 ②服务业集聚 ③人才集聚 ④技术集聚,GEO-B1-244,第二节 太阳对地球的影响,,GEO-B1-245,第三节 地球的历史,,GEO-B1-243,第一节 地球的宇宙环境,,,,,
7744,geography_2024_national_a_002,geography,将中新合作区的住宅区规划在商业区和工业区之间，主要有利于（ ）,GEO-B1-244,第二节 太阳对地球的影响,,GEO-B1-245,第三节 地球的历史,,GEO-B1-243,第一节 地球的宇宙环境,,,,,
7746,geography_2024_national_a_003,geography,从苏州老城主干道向东延伸串联中新合作区各功能区，体现的布局思路是（ ） ①轴向发展 ②职住平衡 ③均衡发展 ④地租递减,GEO-B1-244,第二节 太阳对地球的影响,,GEO-B1-245,第三节 地球的历史,,GEO-B1-243,第一节 地球的宇宙环境,,,,,
7749,geography_2024_national_a_004,geography,互动娱乐：设计互动游戏和道具，增加游客的参与感和乐趣。,GEO-B1-244,第二节 太阳对地球的影响,,GEO-B1-245,第三节 地球的历史,,GEO-B1-243,第一节 地球的宇宙环境,,,,,
7754,geography_2024_national_a_006,geography,最能增加该地冰面矿物质的是（ ）,GEO-B1-244,第二节 太阳对地球的影响,,GEO-B1-245,第三节 地球的历史,,GEO-B1-243,第一节 地球的宇宙环境,,,,,
7759,geography_2024_national_a_012,geography,阅读图文材料，完成下列要求。 厄瓜多尔（位置见下图）沿海及附近低海拔地区出产的托奎拉草，新叶质地柔软且富有韧性。用托奎拉,GEO-B1-244,第二节 太阳对地球的影响,,GEO-B1-245,第三节 地球的历史,,GEO-B1-243,第一节 地球的宇宙环境,,,,,
7760,geography_2024_national_a_013,geography,阅读图文材料，完成下列要求。 新石器时代以后，今洞庭湖地区一直在沉降。先秦汉晋时期，该地区为河网交错、局部有小湖分布的平,GEO-B1-244,第二节 太阳对地球的影响,,GEO-B1-245,第三节 地球的历史,,GEO-B1-243,第一节 地球的宇宙环境,,,,,
9899,geography_2023_beijing_6,geography,该地最可能位于（ ）,GEO-B1-244,第二节 太阳对地球的影响,,GEO-B1-245,第三节 地球的历史,,GEO-B1-243,第一节 地球的宇宙环境,,,,,
9900,geography_2024_beijing_2,geography,采摘红花时，临近（ ）,GEO-B1-244,第二节 太阳对地球的影响,,GEO-B1-245,第三节 地球的历史,,GEO-B1-243,第一节 地球的宇宙环境,,,,,
9901,geography_2025_beijing_5,geography,绿电进京（ ）,GEO-B1-244,第二节 太阳对地球的影响,,GEO-B1-245,第三节 地球的历史,,GEO-B1-243,第一节 地球的宇宙环境,,,,,
9902,geography_2025_beijing_10,geography,据图判断（ ）,GEO-B1-244,第二节 太阳对地球的影响,,GEO-B1-245,第三节 地球的历史,,GEO-B1-243,第一节 地球的宇宙环境,,,,,
1050,history_2022_beijing_1,history,近年，考古工作者在江西国字山发现了战国中期的大型墓葬。该墓葬具有突出的越文化特征，同时又有楚文化和江淮文化等文化因素，墓,HIST-G0-291,第二单元列强侵略与中国人民的反抗斗争,,HIST-G0-292,第三单元近代中国的民主革命,,HIST-G0-290,第一单元古代中国的政治制度,,,,,
1051,history_2022_beijing_2,history,汉代某地区“地广人稀”，到南北朝时期逐渐发展为“民多田少”。这一地区位于下侧示意图中的（ ）,HIST-G0-291,第二单元列强侵略与中国人民的反抗斗争,,HIST-G0-292,第三单元近代中国的民主革命,,HIST-G0-290,第一单元古代中国的政治制度,,,,,
1052,history_2022_beijing_3,history,北宋中期，各地知州积极修建亭台馆榭以供民众游玩，甚至将其作为一项重要政务。欧阳修《丰乐亭记》载：“夫宣上恩德，以与民共乐,HIST-G0-291,第二单元列强侵略与中国人民的反抗斗争,,HIST-G0-292,第三单元近代中国的民主革命,,HIST-G0-290,第一单元古代中国的政治制度,,,,,
1053,history_2022_beijing_4,history,下图的封面形式常见于明代刻本书籍，图中读书的人物为该书编刻者。该图可以佐证明代（ ）,HIST-G0-291,第二单元列强侵略与中国人民的反抗斗争,,HIST-G0-292,第三单元近代中国的民主革命,,HIST-G0-290,第一单元古代中国的政治制度,,,,,
1055,history_2022_beijing_6,history,《海国图志》问世不久即传入日本，当时著名学者佐久间象山感叹自己与魏源“所见亦有暗合者”“真可谓海外同志”，另一日本学者感,HIST-G0-291,第二单元列强侵略与中国人民的反抗斗争,,HIST-G0-292,第三单元近代中国的民主革命,,HIST-G0-290,第一单元古代中国的政治制度,,,,,
1064,history_2022_beijing_15,history,下列史料涉及的历史事件，按时序排列正确的是（ ）①“三国之宗旨，在剥夺日本自从1914年第一次世界大战开始后在太平洋上所,HIST-G0-291,第二单元列强侵略与中国人民的反抗斗争,,HIST-G0-292,第三单元近代中国的民主革命,,HIST-G0-290,第一单元古代中国的政治制度,,,,,
1091,history_2025_beijing_2,history,汉武帝在位中后期，多次巡行祭祀五岳。此后，五岳祭祀的国家制度逐渐完善。读图可知，汉武帝（ ）,HIST-G0-291,第二单元列强侵略与中国人民的反抗斗争,,HIST-G0-292,第三单元近代中国的民主革命,,HIST-G0-290,第一单元古代中国的政治制度,,,,,
1092,history_2025_beijing_3,history,“圣王作制，籍无黄白之别。昔中原丧乱，流寓江左……自尔渐久，人安其业……虽无本邦之名，而有安土之实。今宜正其封疆，以土断,HIST-G0-291,第二单元列强侵略与中国人民的反抗斗争,,HIST-G0-292,第三单元近代中国的民主革命,,HIST-G0-290,第一单元古代中国的政治制度,,,,,
1094,history_2025_beijing_5,history,乾隆初年，白银是核算赋税的标准，官方规定收税时1000文铜钱兑换1两白银。直隶永平府征收赋税时，以铜钱代替白银。但当时市,HIST-G0-313,第二十五单元 19 世纪以来的世界文学艺术,0.143,HIST-G0-292,第三单元近代中国的民主革命,,HIST-G0-291,第二单元列强侵略与中国人民的反抗斗争,,,,,
1095,history_2025_beijing_6,history,“太平军之起，固宗教上之逼迫使然，实则亦非真因……予意当时即无洪秀全，中国亦必不能免于革命。设有人以耶稣教之关系及清政府,HIST-G0-291,第二单元列强侵略与中国人民的反抗斗争,,HIST-G0-292,第三单元近代中国的民主革命,,HIST-G0-290,第一单元古代中国的政治制度,,,,,
1096,history_2025_beijing_7,history,“代表群众利益，由你罢免和选举，不是讲威武，不是讲威武，人人都能监督这政府。亲爱的工友们哪，亲爱的农友们哪，这政府靠咱们,HIST-G0-291,第二单元列强侵略与中国人民的反抗斗争,,HIST-G0-292,第三单元近代中国的民主革命,,HIST-G0-290,第一单元古代中国的政治制度,,,,,
1105,history_2025_beijing_16,history,舌尖上的历史北宋时期，北方人以粟、麦为主食，“南人罕作面饵”。京师（今开封）既有北食，又有南食、川饭店，“以备南人不服北,HIST-G0-291,第二单元列强侵略与中国人民的反抗斗争,,HIST-G0-292,第三单元近代中国的民主革命,,HIST-G0-290,第一单元古代中国的政治制度,,,,,
4458,history_2009_sichuan_001,history,7 1880年,HIST-G0-291,第二单元列强侵略与中国人民的反抗斗争,,HIST-G0-292,第三单元近代中国的民主革命,,HIST-G0-290,第一单元古代中国的政治制度,,,,,
4459,history_2009_sichuan_002,history,5 1890年,HIST-G0-291,第二单元列强侵略与中国人民的反抗斗争,,HIST-G0-292,第三单元近代中国的民主革命,,HIST-G0-290,第一单元古代中国的政治制度,,,,,
4460,history_2009_sichuan_003,history,4,HIST-G0-291,第二单元列强侵略与中国人民的反抗斗争,,HIST-G0-292,第三单元近代中国的民主革命,,HIST-G0-290,第一单元古代中国的政治制度,,,,,
4461,history_2009_sichuan_004,history,2 1900年,HIST-G0-309,第二十一单元 20 世纪以来中国重大思想理论成果,0.125,HIST-G0-292,第三单元近代中国的民主革命,,HIST-G0-291,第二单元列强侵略与中国人民的反抗斗争,,,,,
4463,history_2009_sichuan_005,history,0,HIST-G0-291,第二单元列强侵略与中国人民的反抗斗争,,HIST-G0-292,第三单元近代中国的民主革命,,HIST-G0-290,第一单元古代中国的政治制度,,,,,
4465,history_2009_sichuan_006,history,中央和地方关系是国家政治生活中的重要问题。下列措施中属于通过经济手段防止地方割据的是w.w.w.k.s.5.u.c.o.,HIST-G0-291,第二单元列强侵略与中国人民的反抗斗争,,HIST-G0-292,第三单元近代中国的民主革命,,HIST-G0-290,第一单元古代中国的政治制度,,,,,
4466,history_2009_sichuan_007,history,明末文人袁宏道说，江南地区出版业繁荣，不少书籍“原板未行，翻刻踵布”。与这一现象直接相关的因素是当时 ①商品经济繁荣 ②,HIST-G0-291,第二单元列强侵略与中国人民的反抗斗争,,HIST-G0-292,第三单元近代中国的民主革命,,HIST-G0-290,第一单元古代中国的政治制度,,,,,
4470,history_2009_sichuan_009,history,2 1910年,HIST-G0-309,第二十一单元 20 世纪以来中国重大思想理论成果,0.125,HIST-G0-292,第三单元近代中国的民主革命,,HIST-G0-291,第二单元列强侵略与中国人民的反抗斗争,,,,,
4471,history_2009_sichuan_010,history,邓小平说：“中国在世界上的地位，是在中国人民共和国成立以后才大大提高的。”体现这一论断的具体史实有 ①废除了英美攫取的治,HIST-G0-291,第二单元列强侵略与中国人民的反抗斗争,,HIST-G0-292,第三单元近代中国的民主革命,,HIST-G0-290,第一单元古代中国的政治制度,,,,,
4478,history_2010_sichuan_039,history,（60分）城市是社会发展的产物，也对社会产生了多方面影响。阅读材料，回答问题。 材料四 明清时期，星罗棋布的江南市镇大都,HIST-G0-291,第二单元列强侵略与中国人民的反抗斗争,,HIST-G0-292,第三单元近代中国的民主革命,,HIST-G0-290,第一单元古代中国的政治制度,,,,,
4480,history_2011_sichuan_002,history,5%,HIST-G0-291,第二单元列强侵略与中国人民的反抗斗争,,HIST-G0-292,第三单元近代中国的民主革命,,HIST-G0-290,第一单元古代中国的政治制度,,,,,
4482,history_2018_national_iii_001,history,38,HIST-G0-291,第二单元列强侵略与中国人民的反抗斗争,,HIST-G0-292,第三单元近代中国的民主革命,,HIST-G0-290,第一单元古代中国的政治制度,,,,,
4483,history_2018_national_iii_002,history,58,HIST-G0-291,第二单元列强侵略与中国人民的反抗斗争,,HIST-G0-292,第三单元近代中国的民主革命,,HIST-G0-290,第一单元古代中国的政治制度,,,,,
4484,history_2018_national_iii_003,history,01 1988,HIST-G0-291,第二单元列强侵略与中国人民的反抗斗争,,HIST-G0-292,第三单元近代中国的民主革命,,HIST-G0-290,第一单元古代中国的政治制度,,,,,
4485,history_2018_national_iii_004,history,28,HIST-G0-309,第二十一单元 20 世纪以来中国重大思想理论成果,0.200,HIST-G0-292,第三单元近代中国的民主革命,,HIST-G0-291,第二单元列强侵略与中国人民的反抗斗争,,,,,
4486,history_2018_national_iii_005,history,28,HIST-G0-309,第二十一单元 20 世纪以来中国重大思想理论成果,0.200,HIST-G0-292,第三单元近代中国的民主革命,,HIST-G0-291,第二单元列强侵略与中国人民的反抗斗争,,,,,
4487,history_2018_national_iii_006,history,92,HIST-G0-291,第二单元列强侵略与中国人民的反抗斗争,,HIST-G0-292,第三单元近代中国的民主革命,,HIST-G0-290,第一单元古代中国的政治制度,,,,,
4488,history_2018_national_iii_007,history,58,HIST-G0-291,第二单元列强侵略与中国人民的反抗斗争,,HIST-G0-292,第三单元近代中国的民主革命,,HIST-G0-290,第一单元古代中国的政治制度,,,,,
4489,history_2018_national_iii_008,history,55,HIST-G0-291,第二单元列强侵略与中国人民的反抗斗争,,HIST-G0-292,第三单元近代中国的民主革命,,HIST-G0-290,第一单元古代中国的政治制度,,,,,
4491,history_2018_national_iii_010,history,52,HIST-G0-291,第二单元列强侵略与中国人民的反抗斗争,,HIST-G0-292,第三单元近代中国的民主革命,,HIST-G0-290,第一单元古代中国的政治制度,,,,,
4492,history_2019_shanghai_001,history,满分100分，考试时间60分钟。,HIST-G0-313,第二十五单元 19 世纪以来的世界文学艺术,0.111,HIST-G0-292,第三单元近代中国的民主革命,,HIST-G0-291,第二单元列强侵略与中国人民的反抗斗争,,,,,
4494,history_2019_shanghai_002,history,“人皆有不忍人之心者，今人乍见骗子将入于井，皆有怵惕恻隐之心”，这句话出白：,HIST-G0-291,第二单元列强侵略与中国人民的反抗斗争,,HIST-G0-292,第三单元近代中国的民主革命,,HIST-G0-290,第一单元古代中国的政治制度,,,,,
4496,history_2019_shanghai_003,history,秦始皇修长城、汉武帝设河西四郡，皆在防范：,HIST-G0-291,第二单元列强侵略与中国人民的反抗斗争,,HIST-G0-292,第三单元近代中国的民主革命,,HIST-G0-290,第一单元古代中国的政治制度,,,,,
4498,history_2019_shanghai_004,history,作答必须涂(选择题）或写(非选择题)在答题纸上，在试卷上作答一律不得 分。第一部分的作答必须涂在答题卡上相应的区域，第二,HIST-G0-291,第二单元列强侵略与中国人民的反抗斗争,,HIST-G0-292,第三单元近代中国的民主革命,,HIST-G0-290,第一单元古代中国的政治制度,,,,,
4502,history_2019_shanghai_007,history,今拉美国家官方语言多为西班牙、葡萄牙语，与这一现象有关的是：,HIST-G0-291,第二单元列强侵略与中国人民的反抗斗争,,HIST-G0-292,第三单元近代中国的民主革命,,HIST-G0-290,第一单元古代中国的政治制度,,,,,
4503,history_2019_shanghai_008,history,下列哪一革命被称为“议会的胜利”？,HIST-G0-291,第二单元列强侵略与中国人民的反抗斗争,,HIST-G0-292,第三单元近代中国的民主革命,,HIST-G0-290,第一单元古代中国的政治制度,,,,,
4506,history_2019_shanghai_011,history,右表所列是哪一战争统计数据：,HIST-G0-291,第二单元列强侵略与中国人民的反抗斗争,,HIST-G0-292,第三单元近代中国的民主革命,,HIST-G0-290,第一单元古代中国的政治制度,,,,,
4507,history_2019_shanghai_012,history,清政府曾试图以全免关税来替换条约中公使驻京等条款，此约是：,HIST-G0-291,第二单元列强侵略与中国人民的反抗斗争,,HIST-G0-292,第三单元近代中国的民主革命,,HIST-G0-290,第一单元古代中国的政治制度,,,,,
4508,history_2019_shanghai_013,history,年号源于中国纪年法，下列历史名词含年号的足：,HIST-G0-291,第二单元列强侵略与中国人民的反抗斗争,,HIST-G0-292,第三单元近代中国的民主革命,,HIST-G0-290,第一单元古代中国的政治制度,,,,,
4509,history_2019_shanghai_014,history,若为“遵义会议”“中共七大”“十一届三中全会”拟一研究主题，应是：,HIST-G0-291,第二单元列强侵略与中国人民的反抗斗争,,HIST-G0-292,第三单元近代中国的民主革命,,HIST-G0-290,第一单元古代中国的政治制度,,,,,
4511,history_2019_shanghai_016,history,右图关于捷克斯洛伐克的漫画讽刺了,HIST-G0-291,第二单元列强侵略与中国人民的反抗斗争,,HIST-G0-292,第三单元近代中国的民主革命,,HIST-G0-290,第一单元古代中国的政治制度,,,,,
4512,history_2019_shanghai_017,history,“鼓足干劲，力争上游，多快好省建设社会主义”标语流行于：,HIST-G0-291,第二单元列强侵略与中国人民的反抗斗争,,HIST-G0-292,第三单元近代中国的民主革命,,HIST-G0-290,第一单元古代中国的政治制度,,,,,
4515,history_2019_shanghai_020,history,阅读下列国际组织机构示意图，“？”应填： 二、综合分析题（共60分） （一）家国记忆（16分）,HIST-G0-291,第二单元列强侵略与中国人民的反抗斗争,,HIST-G0-292,第三单元近代中国的民主革命,,HIST-G0-290,第一单元古代中国的政治制度,,,,,
4518,history_2019_shanghai_023,history,第二步：为了进一步佐证，检索到下列三份资料，请对其史料价值作出评估与说明。（6分）,HIST-G0-291,第二单元列强侵略与中国人民的反抗斗争,,HIST-G0-292,第三单元近代中国的民主革命,,HIST-G0-290,第一单元古代中国的政治制度,,,,,
4521,history_2019_shanghai_026,history,根据材料二、三，概述近代以来教育理念的变化。(4分),HIST-G0-291,第二单元列强侵略与中国人民的反抗斗争,,HIST-G0-292,第三单元近代中国的民主革命,,HIST-G0-290,第一单元古代中国的政治制度,,,,,
4522,history_2019_shanghai_027,history,根据材料和所学知识，你如何看待社会变迁与教育的关系。（l5分),HIST-G0-291,第二单元列强侵略与中国人民的反抗斗争,,HIST-G0-292,第三单元近代中国的民主革命,,HIST-G0-290,第一单元古代中国的政治制度,,,,,
4525,history_2020_national_i_002,history,8%,HIST-G0-291,第二单元列强侵略与中国人民的反抗斗争,,HIST-G0-292,第三单元近代中国的民主革命,,HIST-G0-290,第一单元古代中国的政治制度,,,,,
4526,history_2020_national_i_003,history,5%,HIST-G0-291,第二单元列强侵略与中国人民的反抗斗争,,HIST-G0-292,第三单元近代中国的民主革命,,HIST-G0-290,第一单元古代中国的政治制度,,,,,
4527,history_2021_jiangsu_001,history,有学者认为，《睡虎地秦简·为吏之道》是供学习为吏者使用的识字课本。其末尾附录的两条魏律（颁布于公元前252年）规定：商贾,HIST-G0-291,第二单元列强侵略与中国人民的反抗斗争,,HIST-G0-292,第三单元近代中国的民主革命,,HIST-G0-290,第一单元古代中国的政治制度,,,,,
4530,history_2021_jiangsu_004,history,明代中叶，很多文学家大力推崇抒情写景的盛唐诗风，认为诗当“畅达情丝、感发志气”，概评“宋人主理作理语，于是薄风云月露，一,HIST-G0-291,第二单元列强侵略与中国人民的反抗斗争,,HIST-G0-292,第三单元近代中国的民主革命,,HIST-G0-290,第一单元古代中国的政治制度,,,,,
4531,history_2021_jiangsu_005,history,乾隆年间，淮扬文风达到鼎盛，“邗上时花二月中，商翁大半学诗翁”，商人与文人交相唱和，天下文人稍能言诗，辄思游食扬州，以至,HIST-G0-291,第二单元列强侵略与中国人民的反抗斗争,,HIST-G0-292,第三单元近代中国的民主革命,,HIST-G0-290,第一单元古代中国的政治制度,,,,,
4532,history_2021_jiangsu_006,history,如表中的评论反应出当时 1875年《申报》 文人当“效思于农工商贾之事” 1875年《申报》 “西人之为商为工农者，固无,HIST-G0-313,第二十五单元 19 世纪以来的世界文学艺术,0.143,HIST-G0-292,第三单元近代中国的民主革命,,HIST-G0-291,第二单元列强侵略与中国人民的反抗斗争,,,,,
4533,history_2021_jiangsu_007,history,清末某报发表的《论体育》一文提出：“体育者，智育、德育之基础也。今之国势者，定一国之盛衰，不定于版图之大小与人口之多寡，,HIST-G0-291,第二单元列强侵略与中国人民的反抗斗争,,HIST-G0-292,第三单元近代中国的民主革命,,HIST-G0-290,第一单元古代中国的政治制度,,,,,
4535,history_2021_jiangsu_009,history,中共早期领导人恽代英曾在无锡省立第三师范学院演讲。据亲历者回忆：“一位穿着竹布长衫的青年登上讲台，一下子就吸引了全场。他,HIST-G0-291,第二单元列强侵略与中国人民的反抗斗争,,HIST-G0-292,第三单元近代中国的民主革命,,HIST-G0-290,第一单元古代中国的政治制度,,,,,
4536,history_2021_jiangsu_010,history,东北机器制造厂尉风英曾被授予“毛主席的好工人”称号。她回忆：“在五六十年代，大搞技术革新时，我们简直入了迷、着了魔。从1,HIST-G0-291,第二单元列强侵略与中国人民的反抗斗争,,HIST-G0-292,第三单元近代中国的民主革命,,HIST-G0-290,第一单元古代中国的政治制度,,,,,
4538,history_2021_jiangsu_012,history,某记者在回忆录中写道：“现在农村的确‘活’了，农业生产不断发展，各种副业欣欣向荣。看来，包产到户、包产到劳等责任制，确已,HIST-G0-291,第二单元列强侵略与中国人民的反抗斗争,,HIST-G0-292,第三单元近代中国的民主革命,,HIST-G0-290,第一单元古代中国的政治制度,,,,,
4540,history_2021_jiangsu_014,history,某名士国画造谐甚深，但对西方某画派不感兴趣，他在品鉴一位留法画家带回的该派画作后，题诗一首：“远看一朵花，近看似乌鸦。原,HIST-G0-291,第二单元列强侵略与中国人民的反抗斗争,,HIST-G0-292,第三单元近代中国的民主革命,,HIST-G0-290,第一单元古代中国的政治制度,,,,,
4546,history_2021_jiangsu_020,history,4,HIST-G0-291,第二单元列强侵略与中国人民的反抗斗争,,HIST-G0-292,第三单元近代中国的民主革命,,HIST-G0-290,第一单元古代中国的政治制度,,,,,
4547,history_2021_jiangsu_021,history,9,HIST-G0-291,第二单元列强侵略与中国人民的反抗斗争,,HIST-G0-292,第三单元近代中国的民主革命,,HIST-G0-290,第一单元古代中国的政治制度,,,,,
4548,history_2021_jiangsu_022,history,3,HIST-G0-291,第二单元列强侵略与中国人民的反抗斗争,,HIST-G0-292,第三单元近代中国的民主革命,,HIST-G0-290,第一单元古代中国的政治制度,,,,,
4549,history_2021_jiangsu_023,history,6 25 1801,HIST-G0-291,第二单元列强侵略与中国人民的反抗斗争,,HIST-G0-292,第三单元近代中国的民主革命,,HIST-G0-290,第一单元古代中国的政治制度,,,,,
4550,history_2021_jiangsu_024,history,9 40 1831,HIST-G0-291,第二单元列强侵略与中国人民的反抗斗争,,HIST-G0-292,第三单元近代中国的民主革命,,HIST-G0-290,第一单元古代中国的政治制度,,,,,
4551,history_2021_jiangsu_025,history,4 49 1851,HIST-G0-291,第二单元列强侵略与中国人民的反抗斗争,,HIST-G0-292,第三单元近代中国的民主革命,,HIST-G0-290,第一单元古代中国的政治制度,,,,,
4553,history_2022_hainan_001,history,7,HIST-G0-291,第二单元列强侵略与中国人民的反抗斗争,,HIST-G0-292,第三单元近代中国的民主革命,,HIST-G0-290,第一单元古代中国的政治制度,,,,,
4554,history_2022_hainan_002,history,7,HIST-G0-291,第二单元列强侵略与中国人民的反抗斗争,,HIST-G0-292,第三单元近代中国的民主革命,,HIST-G0-290,第一单元古代中国的政治制度,,,,,
4563,history_2022_hainan_004,history,西晋初年，中原的很多百姓喜欢用细毛毡子做头巾、系带儿、裤边儿。有人戏说中原必会被西北的少数民族所击败，因为人们头上戴的、,HIST-G0-291,第二单元列强侵略与中国人民的反抗斗争,,HIST-G0-292,第三单元近代中国的民主革命,,HIST-G0-290,第一单元古代中国的政治制度,,,,,
4565,history_2022_hainan_005,history,8 ——摘编自J.M.阿尔贝蒂尼《国家报告》 （1）根据材料，分别指出各同同民生产总值变化的特点。 （2）根据材料并结合,HIST-G0-313,第二十五单元 19 世纪以来的世界文学艺术,0.100,HIST-G0-292,第三单元近代中国的民主革命,,HIST-G0-291,第二单元列强侵略与中国人民的反抗斗争,,,,,
4569,history_2022_hainan_006,history,0,HIST-G0-291,第二单元列强侵略与中国人民的反抗斗争,,HIST-G0-292,第三单元近代中国的民主革命,,HIST-G0-290,第一单元古代中国的政治制度,,,,,
4572,history_2022_hainan_007,history,郭沫若在广东访某故居时写道：“早识汪胡怀贰志，何期陈蒋叛三宗。百年史册春秋笔，数罢洪杨应数公。”据此推断，“公”应指（ ,HIST-G0-291,第二单元列强侵略与中国人民的反抗斗争,,HIST-G0-292,第三单元近代中国的民主革命,,HIST-G0-290,第一单元古代中国的政治制度,,,,,
4573,history_2022_hainan_008,history,7,HIST-G0-291,第二单元列强侵略与中国人民的反抗斗争,,HIST-G0-292,第三单元近代中国的民主革命,,HIST-G0-290,第一单元古代中国的政治制度,,,,,
4576,history_2022_hainan_010,history,如图中全球经济增长最大贡献国排名变化的主要原因是（ ）,HIST-G0-291,第二单元列强侵略与中国人民的反抗斗争,,HIST-G0-292,第三单元近代中国的民主革命,,HIST-G0-290,第一单元古代中国的政治制度,,,,,
4578,history_2022_hainan_012,history,中世纪后期，西欧城市复苏的标志之一是“修建城墙”。一“墙”之隔区分了墙内外居民的法律身份：墙内居民因特许权解除了在采邑制,HIST-G0-291,第二单元列强侵略与中国人民的反抗斗争,,HIST-G0-292,第三单元近代中国的民主革命,,HIST-G0-290,第一单元古代中国的政治制度,,,,,
4581,history_2022_hainan_015,history,明代，上海只是一个小城镇，人们以说嘉兴话为尚；清代属苏州管辖，人们以会说苏州话为荣；到了现代，上海已成为著名大都市，逐渐,HIST-G0-291,第二单元列强侵略与中国人民的反抗斗争,,HIST-G0-292,第三单元近代中国的民主革命,,HIST-G0-290,第一单元古代中国的政治制度,,,,,
4591,history_2023_beijing_005,history,清乾隆帝曾诏谕山东巡抚，称其奏折所述事宜为日常公事，不合体制。此后，乾隆帝多次晓谕各省督抚，此类公事应当使用题本文书，经,HIST-G0-291,第二单元列强侵略与中国人民的反抗斗争,,HIST-G0-292,第三单元近代中国的民主革命,,HIST-G0-290,第一单元古代中国的政治制度,,,,,
4598,history_2023_beijing_012,history,中世纪德意志自治城市科隆是商业和手工业重镇，行会众多。1413年，该城最高行政机构市政会议讨论决定，永远禁止制造和使用纺,HIST-G0-313,第二十五单元 19 世纪以来的世界文学艺术,0.143,HIST-G0-292,第三单元近代中国的民主革命,,HIST-G0-291,第二单元列强侵略与中国人民的反抗斗争,,,,,
4599,history_2023_beijing_013,history,美国《独立宣言》初稿中有一句话：“他（英王）侵犯了一个遥远民族的人民最神圣的生命权和自由权。他们被捕获，贩卖到另一个半球,HIST-G0-291,第二单元列强侵略与中国人民的反抗斗争,,HIST-G0-292,第三单元近代中国的民主革命,,HIST-G0-290,第一单元古代中国的政治制度,,,,,
4600,history_2023_beijing_014,history,墨西哥在1821年独立后，以阿兹特克帝国继承者自居。墨西哥土生白人将阿兹特克人视为祖先，将阿兹特克人的末代皇帝视为抵抗西,HIST-G0-313,第二十五单元 19 世纪以来的世界文学艺术,0.143,HIST-G0-292,第三单元近代中国的民主革命,,HIST-G0-291,第二单元列强侵略与中国人民的反抗斗争,,,,,
4603,history_2023_beijing_017,history,阅读材料，回答问题 致敬！致远舰！致远舰是北洋海军主力巡洋舰，1894年9月在甲午海战中沉没。战争结束后清廷颁布上谕，大,HIST-G0-313,第二十五单元 19 世纪以来的世界文学艺术,0.200,HIST-G0-292,第三单元近代中国的民主革命,,HIST-G0-291,第二单元列强侵略与中国人民的反抗斗争,,,,,
4626,history_2023_hunan_020,history,3%,HIST-G0-291,第二单元列强侵略与中国人民的反抗斗争,,HIST-G0-292,第三单元近代中国的民主革命,,HIST-G0-290,第一单元古代中国的政治制度,,,,,
4627,history_2023_hunan_021,history,3%,HIST-G0-291,第二单元列强侵略与中国人民的反抗斗争,,HIST-G0-292,第三单元近代中国的民主革命,,HIST-G0-290,第一单元古代中国的政治制度,,,,,
4628,history_2023_hunan_022,history,7%,HIST-G0-291,第二单元列强侵略与中国人民的反抗斗争,,HIST-G0-292,第三单元近代中国的民主革命,,HIST-G0-290,第一单元古代中国的政治制度,,,,,
4629,history_2023_hunan_023,history,4%,HIST-G0-291,第二单元列强侵略与中国人民的反抗斗争,,HIST-G0-292,第三单元近代中国的民主革命,,HIST-G0-290,第一单元古代中国的政治制度,,,,,
4630,history_2023_hunan_024,history,4%,HIST-G0-291,第二单元列强侵略与中国人民的反抗斗争,,HIST-G0-292,第三单元近代中国的民主革命,,HIST-G0-290,第一单元古代中国的政治制度,,,,,
4631,history_2023_hunan_025,history,0 武则天时期 4 0,HIST-G0-291,第二单元列强侵略与中国人民的反抗斗争,,HIST-G0-292,第三单元近代中国的民主革命,,HIST-G0-290,第一单元古代中国的政治制度,,,,,
4632,history_2023_hunan_026,history,6%,HIST-G0-291,第二单元列强侵略与中国人民的反抗斗争,,HIST-G0-292,第三单元近代中国的民主革命,,HIST-G0-290,第一单元古代中国的政治制度,,,,,
4634,history_2023_hunan_027,history,6%,HIST-G0-291,第二单元列强侵略与中国人民的反抗斗争,,HIST-G0-292,第三单元近代中国的民主革命,,HIST-G0-290,第一单元古代中国的政治制度,,,,,
4637,history_2023_hunan_029,history,0,HIST-G0-291,第二单元列强侵略与中国人民的反抗斗争,,HIST-G0-292,第三单元近代中国的民主革命,,HIST-G0-290,第一单元古代中国的政治制度,,,,,
4638,history_2023_hunan_030,history,0 玄宗时期 32 2,HIST-G0-291,第二单元列强侵略与中国人民的反抗斗争,,HIST-G0-292,第三单元近代中国的民主革命,,HIST-G0-290,第一单元古代中国的政治制度,,,,,
4639,history_2023_hunan_031,history,6 代宗时期 11 2,HIST-G0-313,第二十五单元 19 世纪以来的世界文学艺术,0.125,HIST-G0-292,第三单元近代中国的民主革命,,HIST-G0-291,第二单元列强侵略与中国人民的反抗斗争,,,,,
4640,history_2023_hunan_032,history,5,HIST-G0-291,第二单元列强侵略与中国人民的反抗斗争,,HIST-G0-292,第三单元近代中国的民主革命,,HIST-G0-290,第一单元古代中国的政治制度,,,,,
4641,history_2023_hunan_033,history,7,HIST-G0-291,第二单元列强侵略与中国人民的反抗斗争,,HIST-G0-292,第三单元近代中国的民主革命,,HIST-G0-290,第一单元古代中国的政治制度,,,,,
4642,history_2023_hunan_034,history,3,HIST-G0-291,第二单元列强侵略与中国人民的反抗斗争,,HIST-G0-292,第三单元近代中国的民主革命,,HIST-G0-290,第一单元古代中国的政治制度,,,,,
4643,history_2023_tianjin_001,history,0 10,HIST-G0-291,第二单元列强侵略与中国人民的反抗斗争,,HIST-G0-292,第三单元近代中国的民主革命,,HIST-G0-290,第一单元古代中国的政治制度,,,,,
4646,history_2023_tianjin_002,history,0 40,HIST-G0-291,第二单元列强侵略与中国人民的反抗斗争,,HIST-G0-292,第三单元近代中国的民主革命,,HIST-G0-290,第一单元古代中国的政治制度,,,,,
4651,history_2023_tianjin_003,history,表格反映了（ ） 唐朝租庸调制和两税法 租 两 授田数 税 授田数 税 40,HIST-G0-291,第二单元列强侵略与中国人民的反抗斗争,,HIST-G0-292,第三单元近代中国的民主革命,,HIST-G0-290,第一单元古代中国的政治制度,,,,,
4652,history_2023_tianjin_004,history,汉初采取郡国并行制，后爆发“七国之乱”；曹魏创立九品中正制，后出现门阀士族把持政权；唐朝在边境重地设置军镇，后藩镇势大引,HIST-G0-291,第二单元列强侵略与中国人民的反抗斗争,,HIST-G0-292,第三单元近代中国的民主革命,,HIST-G0-290,第一单元古代中国的政治制度,,,,,
4654,history_2023_tianjin_006,history,1895～1898年间，强学会、知耻学会、粤学会、保国会、保浙会、保川会、保滇会等纷纷成立。这些民间团体的出现表明（ ）,HIST-G0-313,第二十五单元 19 世纪以来的世界文学艺术,0.111,HIST-G0-292,第三单元近代中国的民主革命,,HIST-G0-291,第二单元列强侵略与中国人民的反抗斗争,,,,,
4661,history_2023_tianjin_012,history,造成下图中两次明显变化的共同原因是（ ） 1884～1974年全球货船航运费率变化示意图,HIST-G0-313,第二十五单元 19 世纪以来的世界文学艺术,0.200,HIST-G0-292,第三单元近代中国的民主革命,,HIST-G0-291,第二单元列强侵略与中国人民的反抗斗争,,,,,
4668,history_2023_tianjin_019,history,9 1855,HIST-G0-291,第二单元列强侵略与中国人民的反抗斗争,,HIST-G0-292,第三单元近代中国的民主革命,,HIST-G0-290,第一单元古代中国的政治制度,,,,,
4669,history_2023_tianjin_020,history,8,HIST-G0-291,第二单元列强侵略与中国人民的反抗斗争,,HIST-G0-292,第三单元近代中国的民主革命,,HIST-G0-290,第一单元古代中国的政治制度,,,,,
4670,history_2023_tianjin_021,history,4,HIST-G0-291,第二单元列强侵略与中国人民的反抗斗争,,HIST-G0-292,第三单元近代中国的民主革命,,HIST-G0-290,第一单元古代中国的政治制度,,,,,
4671,history_2023_tianjin_022,history,0,HIST-G0-291,第二单元列强侵略与中国人民的反抗斗争,,HIST-G0-292,第三单元近代中国的民主革命,,HIST-G0-290,第一单元古代中国的政治制度,,,,,
4672,history_2023_tianjin_023,history,6,HIST-G0-291,第二单元列强侵略与中国人民的反抗斗争,,HIST-G0-292,第三单元近代中国的民主革命,,HIST-G0-290,第一单元古代中国的政治制度,,,,,
4673,history_2023_tianjin_024,history,9,HIST-G0-291,第二单元列强侵略与中国人民的反抗斗争,,HIST-G0-292,第三单元近代中国的民主革命,,HIST-G0-290,第一单元古代中国的政治制度,,,,,
4674,history_2023_tianjin_025,history,9,HIST-G0-291,第二单元列强侵略与中国人民的反抗斗争,,HIST-G0-292,第三单元近代中国的民主革命,,HIST-G0-290,第一单元古代中国的政治制度,,,,,
4675,history_2023_tianjin_026,history,6,HIST-G0-291,第二单元列强侵略与中国人民的反抗斗争,,HIST-G0-292,第三单元近代中国的民主革命,,HIST-G0-290,第一单元古代中国的政治制度,,,,,
4677,history_2023_tianjin_028,history,4 1391 1856,HIST-G0-291,第二单元列强侵略与中国人民的反抗斗争,,HIST-G0-292,第三单元近代中国的民主革命,,HIST-G0-290,第一单元古代中国的政治制度,,,,,
4678,history_2024_hainan_001,history,1 -4.0 棕榈油 -9.7 -6.7 -2.3 -3.2 单项选择题Ⅱ：14～15题，每题3分，共6分。四个选项中有,HIST-G0-309,第二十一单元 20 世纪以来中国重大思想理论成果,0.056,HIST-G0-313,第二十五单元 19 世纪以来的世界文学艺术,0.056,HIST-G0-292,第三单元近代中国的民主革命,,,,,
4680,history_2024_hainan_002,history,0,HIST-G0-291,第二单元列强侵略与中国人民的反抗斗争,,HIST-G0-292,第三单元近代中国的民主革命,,HIST-G0-290,第一单元古代中国的政治制度,,,,,
4683,history_2024_hainan_003,history,7 -0.3,HIST-G0-291,第二单元列强侵略与中国人民的反抗斗争,,HIST-G0-292,第三单元近代中国的民主革命,,HIST-G0-290,第一单元古代中国的政治制度,,,,,
4685,history_2024_hainan_004,history,"隋末起义的领导者成分复杂，大致可分为乡民，贵胄大族、豪族官吏三类,起自民间者不占优势。起义从当初逃兵役、反暴政的行为演变",HIST-G0-291,第二单元列强侵略与中国人民的反抗斗争,,HIST-G0-292,第三单元近代中国的民主革命,,HIST-G0-290,第一单元古代中国的政治制度,,,,,
4686,history_2024_hainan_005,history,南宋初年在邕州(今广西南宁一带)设有买马司，专门负责从大理等地区买马的事宜。在贸易中除使用银钱以外，还以盐和锦、彩等丝织,HIST-G0-291,第二单元列强侵略与中国人民的反抗斗争,,HIST-G0-292,第三单元近代中国的民主革命,,HIST-G0-290,第一单元古代中国的政治制度,,,,,
4687,history_2024_hainan_006,history,下图是《东坡笠屐图》。其文本故事最早的叙事是东坡在儋耳→观闵客草舍-偶得一箬笠戴归→女小儿皆笑，邑犬皆吠，此后陆续增加了,HIST-G0-291,第二单元列强侵略与中国人民的反抗斗争,,HIST-G0-292,第三单元近代中国的民主革命,,HIST-G0-290,第一单元古代中国的政治制度,,,,,
4690,history_2024_hainan_008,history,鲁迅曾说早期中国新诗大多数是“眼看”，而不是“嘴唱的”，他认为新诗必须要“容易记，又顺口，唱得出来”。抗战时期，不仅有了,HIST-G0-291,第二单元列强侵略与中国人民的反抗斗争,,HIST-G0-292,第三单元近代中国的民主革命,,HIST-G0-290,第一单元古代中国的政治制度,,,,,
4691,history_2024_hainan_009,history,"码头工人是中国近代城市中典型的“苦力”群体，在上海尤具代表性。建国后上海码头工人的工作开始“竞赛化""。1951年上海市运",HIST-G0-291,第二单元列强侵略与中国人民的反抗斗争,,HIST-G0-292,第三单元近代中国的民主革命,,HIST-G0-290,第一单元古代中国的政治制度,,,,,
4692,history_2024_hainan_010,history,《人民日报》对海南建省设经济特区三十年来的报道，勾勒出主流媒体对海南记忆的历史图景。建省初期主要聚焦于军队(武警)边防、,HIST-G0-291,第二单元列强侵略与中国人民的反抗斗争,,HIST-G0-292,第三单元近代中国的民主革命,,HIST-G0-290,第一单元古代中国的政治制度,,,,,
4694,history_2024_hainan_011,history,下图空格处应是（ ）,HIST-G0-291,第二单元列强侵略与中国人民的反抗斗争,,HIST-G0-292,第三单元近代中国的民主革命,,HIST-G0-290,第一单元古代中国的政治制度,,,,,
4719,history_2025_guangdong_001,history,西周青铜器维系血缘、东周诸侯王赐予外姓，说明什么,HIST-G0-291,第二单元列强侵略与中国人民的反抗斗争,,HIST-G0-292,第三单元近代中国的民主革命,,HIST-G0-290,第一单元古代中国的政治制度,,,,,
4723,history_2025_guangdong_002,history,汉初地方行政管理,HIST-G0-291,第二单元列强侵略与中国人民的反抗斗争,,HIST-G0-292,第三单元近代中国的民主革命,,HIST-G0-290,第一单元古代中国的政治制度,,,,,
4735,history_2025_guangdong_005,history,明代鱼鳞图册,HIST-G0-291,第二单元列强侵略与中国人民的反抗斗争,,HIST-G0-292,第三单元近代中国的民主革命,,HIST-G0-290,第一单元古代中国的政治制度,,,,,
4739,history_2025_guangdong_006,history,《海国图志》,HIST-G0-291,第二单元列强侵略与中国人民的反抗斗争,,HIST-G0-292,第三单元近代中国的民主革命,,HIST-G0-290,第一单元古代中国的政治制度,,,,,
4747,history_2025_guangdong_008,history,洋务运动期间列强对中国军事教育的关注,HIST-G0-291,第二单元列强侵略与中国人民的反抗斗争,,HIST-G0-292,第三单元近代中国的民主革命,,HIST-G0-290,第一单元古代中国的政治制度,,,,,
4750,history_2025_guangdong_009,history,抗战时期陈寅恪前凉研究凸显救亡图存,HIST-G0-291,第二单元列强侵略与中国人民的反抗斗争,,HIST-G0-292,第三单元近代中国的民主革命,,HIST-G0-290,第一单元古代中国的政治制度,,,,,
4753,history_2025_guangdong_010,history,抗战期间根据地人口减少的应对措施的影响,HIST-G0-291,第二单元列强侵略与中国人民的反抗斗争,,HIST-G0-292,第三单元近代中国的民主革命,,HIST-G0-290,第一单元古代中国的政治制度,,,,,
4756,history_2025_guangdong_011,history,时代新外交,HIST-G0-291,第二单元列强侵略与中国人民的反抗斗争,,HIST-G0-292,第三单元近代中国的民主革命,,HIST-G0-290,第一单元古代中国的政治制度,,,,,
4759,history_2025_guangdong_012,history,法国教士史料搜集,HIST-G0-291,第二单元列强侵略与中国人民的反抗斗争,,HIST-G0-292,第三单元近代中国的民主革命,,HIST-G0-290,第一单元古代中国的政治制度,,,,,
4768,history_2025_guangdong_015,history,二战后联邦德国反思反法西斯战争（组合选择题）,HIST-G0-291,第二单元列强侵略与中国人民的反抗斗争,,HIST-G0-292,第三单元近代中国的民主革命,,HIST-G0-290,第一单元古代中国的政治制度,,,,,
4774,history_2025_guangdong_017,history,题是近代史，偏向于辛亥革命 （1）火药西传与天鹅绒东传路径 （2）中国天鹅绒超过西方原因,HIST-G0-309,第二十一单元 20 世纪以来中国重大思想理论成果,0.167,HIST-G0-313,第二十五单元 19 世纪以来的世界文学艺术,0.167,HIST-G0-292,第三单元近代中国的民主革命,,,,,
4785,history_2025_shandong_001,history,答卷前，考生务必将自己的姓名、考生号等填写在答题卡和试卷指定位置。,HIST-G0-291,第二单元列强侵略与中国人民的反抗斗争,,HIST-G0-292,第三单元近代中国的民主革命,,HIST-G0-290,第一单元古代中国的政治制度,,,,,
4789,history_2025_shandong_003,history,考试结束后，将本试卷和答题卡一并交回。 一、选择题：本题共 15 小题，每小题 3 分，共 45 分。每小题只有一个选项,HIST-G0-313,第二十五单元 19 世纪以来的世界文学艺术,0.200,HIST-G0-292,第三单元近代中国的民主革命,,HIST-G0-291,第二单元列强侵略与中国人民的反抗斗争,,,,,
4792,history_2025_shandong_005,history,明朝推行里甲制度。下表为明朝在广西、浙江、山东、陕西等四省所设里的数量统计。其中，浙江是（ ） 省份 总里数 每县级行政,HIST-G0-291,第二单元列强侵略与中国人民的反抗斗争,,HIST-G0-292,第三单元近代中国的民主革命,,HIST-G0-290,第一单元古代中国的政治制度,,,,,
4803,history_2025_shandong_016,history,阅读材料，回答问题。 与距离斗争 秦和隋都是结束分裂、实现统一的封建国家，在国家治理上都面临着距离带来的新问题。 第 9,HIST-G0-291,第二单元列强侵略与中国人民的反抗斗争,,HIST-G0-292,第三单元近代中国的民主革命,,HIST-G0-290,第一单元古代中国的政治制度,,,,,
7781,history_2024_anhui_001,history,西周前期，青铜器高古凝重，无取巧用意，纹饰原始，颇有图腾意味；春秋中叶至战国末年，器制多轻便适用，每每以现实性的动物为附,HIST-G0-291,第二单元列强侵略与中国人民的反抗斗争,,HIST-G0-292,第三单元近代中国的民主革命,,HIST-G0-290,第一单元古代中国的政治制度,,,,,
7782,history_2024_anhui_002,history,《晋书·陶侃传》记载，陶侃为武昌太守时“立夷市于郡东，大收其利”。《梁书·张稷传》亦载：“郁州（今属连云港市）接边陲，民,HIST-G0-291,第二单元列强侵略与中国人民的反抗斗争,,HIST-G0-292,第三单元近代中国的民主革命,,HIST-G0-290,第一单元古代中国的政治制度,,,,,
7784,history_2024_anhui_004,history,1311年，朝廷遣官至江浙议海运事。尝令海船自扬子江逆流而上，至江东宁国、池、饶、建康等处运粮，然航道险阻，“粮船俱坏，,HIST-G0-313,第二十五单元 19 世纪以来的世界文学艺术,0.143,HIST-G0-292,第三单元近代中国的民主革命,,HIST-G0-291,第二单元列强侵略与中国人民的反抗斗争,,,,,
7786,history_2024_anhui_006,history,1899年，《万国公报》称：广学会翻译的《泰西新史揽要》《中东战纪本末》《时事新论》《列国变通兴盛记》等，“初印时，人鲜,HIST-G0-313,第二十五单元 19 世纪以来的世界文学艺术,0.143,HIST-G0-292,第三单元近代中国的民主革命,,HIST-G0-291,第二单元列强侵略与中国人民的反抗斗争,,,,,
7789,history_2024_anhui_009,history,1986年6月17日《光明日报》报道：湖南某国企—副总工程师，因工作不顺不辞而别，欲入职以高薪相邀的江苏某乡镇企业；在经,HIST-G0-313,第二十五单元 19 世纪以来的世界文学艺术,0.200,HIST-G0-292,第三单元近代中国的民主革命,,HIST-G0-291,第二单元列强侵略与中国人民的反抗斗争,,,,,
7790,history_2024_anhui_010,history,古代埃及王表通常是指按照年代次序罗列统治者形象、名字和头衔的文献。约公元前3200年至公元前3000年之间，王表中的大量,HIST-G0-291,第二单元列强侵略与中国人民的反抗斗争,,HIST-G0-292,第三单元近代中国的民主革命,,HIST-G0-290,第一单元古代中国的政治制度,,,,,
7791,history_2024_anhui_011,history,中古时期，一部取材于查理大帝远征西班牙史实的文学作品写道：“我的宝剑啊，你何其不幸！虽则我要死了，但仍旧不舍你！靠了你，,HIST-G0-291,第二单元列强侵略与中国人民的反抗斗争,,HIST-G0-292,第三单元近代中国的民主革命,,HIST-G0-290,第一单元古代中国的政治制度,,,,,
7792,history_2024_anhui_012,history,意大利政治哲学家马基雅维利（1469—1527）曾撰写《君主论》献给佛罗伦萨的统治者，认为荣誉是君主建功立业的目的；后来,HIST-G0-313,第二十五单元 19 世纪以来的世界文学艺术,0.091,HIST-G0-292,第三单元近代中国的民主革命,,HIST-G0-291,第二单元列强侵略与中国人民的反抗斗争,,,,,
7819,history_2024_chongqing_001,history,新石器时代到两周时期中国各地区传统墓葬头向可概括为：“东夷及其先民尚东，楚蛮及其先民尚南，西戎及其先民尚西，华夏及其先民,HIST-G0-291,第二单元列强侵略与中国人民的反抗斗争,,HIST-G0-292,第三单元近代中国的民主革命,,HIST-G0-290,第一单元古代中国的政治制度,,,,,
7820,history_2024_chongqing_002,history,北魏均田令规定，奴婢按骗户民标准授田，但要求 “奴从耕，婢从织”。北齐均田令规定奴婢限外不课田者皆不输”。隋承齐制，大业,HIST-G0-291,第二单元列强侵略与中国人民的反抗斗争,,HIST-G0-292,第三单元近代中国的民主革命,,HIST-G0-290,第一单元古代中国的政治制度,,,,,
7821,history_2024_chongqing_003,history,唐朝为边疆防御节度使，每个节度使领属数万军队，兵将形成长期密切的关系。节度使的设置缓解了边疆外族势力对朝廷的压力，然而天,HIST-G0-291,第二单元列强侵略与中国人民的反抗斗争,,HIST-G0-292,第三单元近代中国的民主革命,,HIST-G0-290,第一单元古代中国的政治制度,,,,,
7822,history_2024_chongqing_004,history,王安石为，“天”是自然的、物质的，沿着自己的道路即“天道“运行和变化着，“可无作好，天作恶，无偏无觉，无反无侧”。人也同,HIST-G0-291,第二单元列强侵略与中国人民的反抗斗争,,HIST-G0-292,第三单元近代中国的民主革命,,HIST-G0-290,第一单元古代中国的政治制度,,,,,
7823,history_2024_chongqing_005,history,1284年，元朝政府下令禁止权势之家进行海外贸易，犯者籍没一半家产，但这一禁令收效甚微。1293年不再禁止权势之家“人蕃,HIST-G0-313,第二十五单元 19 世纪以来的世界文学艺术,0.143,HIST-G0-292,第三单元近代中国的民主革命,,HIST-G0-291,第二单元列强侵略与中国人民的反抗斗争,,,,,
7824,history_2024_chongqing_006,history,明清时期，宋代女子吴妙静的故事在岭南地区广为流传。她最初仅因为出资修桥造福民众而闻名，之后却被地方官绅塑造为节孝双全的人,HIST-G0-291,第二单元列强侵略与中国人民的反抗斗争,,HIST-G0-292,第三单元近代中国的民主革命,,HIST-G0-290,第一单元古代中国的政治制度,,,,,
7829,history_2024_chongqing_011,history,从15世纪末16世纪初开始，南德意志的帝国城市与皇室逐渐建立起较为强大的同盟，然而，随着这些帝国城市大部分转信新教，其与,HIST-G0-313,第二十五单元 19 世纪以来的世界文学艺术,0.143,HIST-G0-292,第三单元近代中国的民主革命,,HIST-G0-291,第二单元列强侵略与中国人民的反抗斗争,,,,,
7830,history_2024_chongqing_012,history,1500年前后，英格兰商业以本地市场为主，17世纪初，英格兰大多数地区，社会因商业活动空前联系在一起。这在不断发展的长途,HIST-G0-313,第二十五单元 19 世纪以来的世界文学艺术,0.111,HIST-G0-292,第三单元近代中国的民主革命,,HIST-G0-291,第二单元列强侵略与中国人民的反抗斗争,,,,,
7833,history_2024_chongqing_015,history,二战后日本部分影视通过描绘战争中的平民个体在东京大轰炸、广岛和长崎原子弹爆炸，以及太平洋战争中所遭受的创伤记忆，将日本民,HIST-G0-291,第二单元列强侵略与中国人民的反抗斗争,,HIST-G0-292,第三单元近代中国的民主革命,,HIST-G0-290,第一单元古代中国的政治制度,,,,,
7837,history_2024_fujian_001,history,考古发现，二里头的宫城遗址中，二号宫庙与一号宫殿呈东西分布，二者各有一条南北向的轴线；偃师商城的宫城遗址也有“左庙右宫”,HIST-G0-291,第二单元列强侵略与中国人民的反抗斗争,,HIST-G0-292,第三单元近代中国的民主革命,,HIST-G0-290,第一单元古代中国的政治制度,,,,,
7840,history_2024_fujian_004,history,“河西甸子”本用于指称产自中亚，经由西夏贩卖而来的绿松石，但在元人文献中，它也被用来指称直接从西亚商人处购得，名为“乞里,HIST-G0-291,第二单元列强侵略与中国人民的反抗斗争,,HIST-G0-292,第三单元近代中国的民主革命,,HIST-G0-290,第一单元古代中国的政治制度,,,,,
7841,history_2024_fujian_005,history,明嘉靖（1522—1566）后期，官方调查了沿海卫所的军户情况。有学者据此统计出当时沿海各地卫所军队实际人数占应有员额的,HIST-G0-313,第二十五单元 19 世纪以来的世界文学艺术,0.100,HIST-G0-292,第三单元近代中国的民主革命,,HIST-G0-291,第二单元列强侵略与中国人民的反抗斗争,,,,,
7842,history_2024_fujian_006,history,自1851年起，消政府不间断的按年代纂辑《筹办夷务始末》，内容涵盖自1836年中外交涉相关的各类官私资料，以“详往事之是,HIST-G0-313,第二十五单元 19 世纪以来的世界文学艺术,0.143,HIST-G0-292,第三单元近代中国的民主革命,,HIST-G0-291,第二单元列强侵略与中国人民的反抗斗争,,,,,
7843,history_2024_fujian_007,history,某同学意欲探究“民国初年民族主义盛行”这一观点。下列史实能论证该观点的是（ ）,HIST-G0-291,第二单元列强侵略与中国人民的反抗斗争,,HIST-G0-292,第三单元近代中国的民主革命,,HIST-G0-290,第一单元古代中国的政治制度,,,,,
7844,history_2024_fujian_008,history,1937年5月，中央银行向南京国民政府报告称，截至该年4月30日，该行存于香港、纽约和伦敦等地白银和资金，合计达到了约1,HIST-G0-313,第二十五单元 19 世纪以来的世界文学艺术,0.154,HIST-G0-292,第三单元近代中国的民主革命,,HIST-G0-291,第二单元列强侵略与中国人民的反抗斗争,,,,,
7847,history_2024_fujian_011,history,前王朝时期，埃及出现了刻有国王名字的印章；古王国时期，出现了王室编年记；新王国时期，出现了按年代顺序罗列众多国王名字的王,HIST-G0-291,第二单元列强侵略与中国人民的反抗斗争,,HIST-G0-292,第三单元近代中国的民主革命,,HIST-G0-290,第一单元古代中国的政治制度,,,,,
7848,history_2024_fujian_012,history,马达加斯加岛靠近非洲大陆东岸，岛上居民现在使用的马达加斯加语的词汇来自梵语、班图语等；该岛还发现了9至10世纪伊斯兰教徒,HIST-G0-291,第二单元列强侵略与中国人民的反抗斗争,,HIST-G0-292,第三单元近代中国的民主革命,,HIST-G0-290,第一单元古代中国的政治制度,,,,,
7849,history_2024_fujian_013,history,英法百年战争期间，法兰西国王管辖下的行会织工通常会选择向国王缴纳一笔费用，以免除警戒义务，但随着负担的加重，织工纷纷将作,HIST-G0-291,第二单元列强侵略与中国人民的反抗斗争,,HIST-G0-292,第三单元近代中国的民主革命,,HIST-G0-290,第一单元古代中国的政治制度,,,,,
7850,history_2024_fujian_014,history,17世纪下半叶，莫斯科发行了大量语言文法、算术、拉丁语、哲学及医学等书籍，甚至出现两千余套识字课本一天售罄的情况。这反映,HIST-G0-313,第二十五单元 19 世纪以来的世界文学艺术,0.200,HIST-G0-292,第三单元近代中国的民主革命,,HIST-G0-291,第二单元列强侵略与中国人民的反抗斗争,,,,,
7855,history_2024_fujian_019,history,阅读材料，完成下列要求。 材料一 北宋都城东京通过汴河与江淮相连，水运优势明显，但东京地势平坦，不易防守，且时刻面临着黄,HIST-G0-291,第二单元列强侵略与中国人民的反抗斗争,,HIST-G0-292,第三单元近代中国的民主革命,,HIST-G0-290,第一单元古代中国的政治制度,,,,,
7857,history_2024_gansu_001,history,新石器时代中期，大多数聚落出现结构复杂的“大房子”，与众多中小型居址形成明显对比。“大房子”是部落公共活动中心，或部落首,HIST-G0-291,第二单元列强侵略与中国人民的反抗斗争,,HIST-G0-292,第三单元近代中国的民主革命,,HIST-G0-290,第一单元古代中国的政治制度,,,,,
7858,history_2024_gansu_002,history,秦政权制定多种律令来保障文书的制作、传递与保存、其中文书制作的格式和规范称为“式”。例如，里耶秦简中的行政文书，就严格遵,HIST-G0-291,第二单元列强侵略与中国人民的反抗斗争,,HIST-G0-292,第三单元近代中国的民主革命,,HIST-G0-290,第一单元古代中国的政治制度,,,,,
7861,history_2024_gansu_005,history,明朝中后期，商品经济繁荣。海禁之时，民间多私携物品往交趾诸处，经日本转手贩卖，换取日本长崎银，将至中国，凿沉其舟，携银以,HIST-G0-291,第二单元列强侵略与中国人民的反抗斗争,,HIST-G0-292,第三单元近代中国的民主革命,,HIST-G0-290,第一单元古代中国的政治制度,,,,,
7864,history_2024_gansu_008,history,大生产运动中，陕甘宁边区政府动员妇女参加纺织生产。当时有报道称：白三老婆参加纺织组解决了全家穿衣的困难，丈夫更尊敬她了。,HIST-G0-291,第二单元列强侵略与中国人民的反抗斗争,,HIST-G0-292,第三单元近代中国的民主革命,,HIST-G0-290,第一单元古代中国的政治制度,,,,,
7865,history_2024_gansu_009,history,1959年，容国团在第25届世乒赛夺冠，激发了中国人民的爱国主义情怀；自1961年起，中国队连续在三届世乒赛中战绩辉煌，,HIST-G0-313,第二十五单元 19 世纪以来的世界文学艺术,0.222,HIST-G0-309,第二十一单元 20 世纪以来中国重大思想理论成果,0.100,HIST-G0-292,第三单元近代中国的民主革命,,,,,
7866,history_2024_gansu_010,history,下图为1990年到2012年中国私人汽车拥有量统计图，图中数据反映出（ ）,HIST-G0-309,第二十一单元 20 世纪以来中国重大思想理论成果,0.182,HIST-G0-313,第二十五单元 19 世纪以来的世界文学艺术,0.182,HIST-G0-292,第三单元近代中国的民主革命,,,,,
7868,history_2024_gansu_012,history,13世纪，巴黎大学成立之初，主座教堂主事（高级神职人员）掌握授予教师执教资格的专有权。之后，教皇颁布谕令，规定主事只能根,HIST-G0-313,第二十五单元 19 世纪以来的世界文学艺术,0.200,HIST-G0-292,第三单元近代中国的民主革命,,HIST-G0-291,第二单元列强侵略与中国人民的反抗斗争,,,,,
7869,history_2024_gansu_013,history,16世纪下半叶，西、葡、法三国争相殖民美洲。1562年，西班牙国王下令绘制了当时最大的美洲地图，要求特别标注出各国的领地,HIST-G0-313,第二十五单元 19 世纪以来的世界文学艺术,0.111,HIST-G0-292,第三单元近代中国的民主革命,,HIST-G0-291,第二单元列强侵略与中国人民的反抗斗争,,,,,
7870,history_2024_gansu_014,history,意大利统一初期，各地政治认同意识薄弱。1889年意大利国王携王后访问南部的那不勒斯，王后盛赞了一款与意大利国旗同色的红、,HIST-G0-313,第二十五单元 19 世纪以来的世界文学艺术,0.143,HIST-G0-292,第三单元近代中国的民主革命,,HIST-G0-291,第二单元列强侵略与中国人民的反抗斗争,,,,,
7877,history_2024_guangdong_001,history,答卷前，考生务必用黑色字迹钢笔或答字笔将自己的姓名、考生号、考场号和座位号填写在答题卡上。用2B铅笔将试卷类型(A)填涂,HIST-G0-291,第二单元列强侵略与中国人民的反抗斗争,,HIST-G0-292,第三单元近代中国的民主革命,,HIST-G0-290,第一单元古代中国的政治制度,,,,,
7881,history_2024_guangdong_003,history,"非选择题必须用黑色字迹钢笔或签字笔作答,答案必须写在答题卡各题目指定区域内相应位置上:如需改动，先划掉原来的答案，然后再",HIST-G0-291,第二单元列强侵略与中国人民的反抗斗争,,HIST-G0-292,第三单元近代中国的民主革命,,HIST-G0-290,第一单元古代中国的政治制度,,,,,
7883,history_2024_guangdong_004,history,宋代巨贾彭则爱好儒学，“为其子延接师友，不问其费”，曾捐书于州学。郡从事为之记，称其为“贩夫”，彭氏子孙皆耻之。知州认为,HIST-G0-291,第二单元列强侵略与中国人民的反抗斗争,,HIST-G0-292,第三单元近代中国的民主革命,,HIST-G0-290,第一单元古代中国的政治制度,,,,,
7885,history_2024_guangdong_005,history,《大元大一统志》是忽必烈下令修纂的全国地理志书，记载了疆域内路府州县古今建置沿革及山川、风俗、里至等内容。该志书修纂时，,HIST-G0-291,第二单元列强侵略与中国人民的反抗斗争,,HIST-G0-292,第三单元近代中国的民主革命,,HIST-G0-290,第一单元古代中国的政治制度,,,,,
7886,history_2024_guangdong_006,history,明朝时，杭州西湖成为四方宾客“渴想”之地。“城中人不事耕种，小民仰给经纪，一春之计全赖西湖”，而官方意欲禁止游览。时人叶,HIST-G0-291,第二单元列强侵略与中国人民的反抗斗争,,HIST-G0-292,第三单元近代中国的民主革命,,HIST-G0-290,第一单元古代中国的政治制度,,,,,
7887,history_2024_guangdong_007,history,1884年中法《简明新约》规定：“此约缮中法文各两份，各执一份为据，应按公法通例，以法文为正。”1885年续谈正式约章时,HIST-G0-313,第二十五单元 19 世纪以来的世界文学艺术,0.143,HIST-G0-292,第三单元近代中国的民主革命,,HIST-G0-291,第二单元列强侵略与中国人民的反抗斗争,,,,,
7888,history_2024_guangdong_008,history,从1911年12月7日起，上海某报连续刊载如图所示广告。据此可知，当时（ ）,HIST-G0-313,第二十五单元 19 世纪以来的世界文学艺术,0.200,HIST-G0-292,第三单元近代中国的民主革命,,HIST-G0-291,第二单元列强侵略与中国人民的反抗斗争,,,,,
7893,history_2024_guangdong_013,history,1794年《人权宣言》在哥伦比亚首次被翻译和秘密印刷。在拉丁美洲的一些大城市，土生白人贵族和知识青年组织了各种秘密结社。,HIST-G0-313,第二十五单元 19 世纪以来的世界文学艺术,0.143,HIST-G0-292,第三单元近代中国的民主革命,,HIST-G0-291,第二单元列强侵略与中国人民的反抗斗争,,,,,
7903,history_2024_guangdong_022,history,5% 70%,HIST-G0-291,第二单元列强侵略与中国人民的反抗斗争,,HIST-G0-292,第三单元近代中国的民主革命,,HIST-G0-290,第一单元古代中国的政治制度,,,,,
7904,history_2024_guangxi_001,history,有学者把五帝时代到夏代中期首领的更迭情况制作成图，如图。据此可知（ ）,HIST-G0-291,第二单元列强侵略与中国人民的反抗斗争,,HIST-G0-292,第三单元近代中国的民主革命,,HIST-G0-290,第一单元古代中国的政治制度,,,,,
7906,history_2024_guangxi_003,history,汉成帝时，薛宜上疏指出当时国家治理不善，“大率咎在部刺史，或不循守条职，举错各以其意，多与郡县事。”汉桓帝时，“夷寇钞百,HIST-G0-291,第二单元列强侵略与中国人民的反抗斗争,,HIST-G0-292,第三单元近代中国的民主革命,,HIST-G0-290,第一单元古代中国的政治制度,,,,,
7908,history_2024_guangxi_005,history,明初，北京内城“商贾未集，市廛尚疏”，因此官府在皇城四门外等地修建民房和店房，召民居住，召商居货。明中后期，“正阳门前搭,HIST-G0-291,第二单元列强侵略与中国人民的反抗斗争,,HIST-G0-292,第三单元近代中国的民主革命,,HIST-G0-290,第一单元古代中国的政治制度,,,,,
7909,history_2024_guangxi_006,history,晚清时期，国人对西学的认知，经历了从“朝士皆耻言西学”到80年代的“谈洋务者亦不以为深耻”，再到90年代后，形成了“中国,HIST-G0-291,第二单元列强侵略与中国人民的反抗斗争,,HIST-G0-292,第三单元近代中国的民主革命,,HIST-G0-290,第一单元古代中国的政治制度,,,,,
7912,history_2024_guangxi_009,history,1934年2月，中央苏区的消费合作社达到1140个，成为中央苏区各区各乡普遍的经济组织，自成立以来，“不间断供给与优惠价,HIST-G0-313,第二十五单元 19 世纪以来的世界文学艺术,0.167,HIST-G0-309,第二十一单元 20 世纪以来中国重大思想理论成果,0.077,HIST-G0-292,第三单元近代中国的民主革命,,,,,
7914,history_2024_guangxi_011,history,1946年6月，国内资金呈现自北向南流动。1948年2月，资金南流加剧；10月，上海《正言报》报道：“近周沪资金南流，约,HIST-G0-313,第二十五单元 19 世纪以来的世界文学艺术,0.167,HIST-G0-309,第二十一单元 20 世纪以来中国重大思想理论成果,0.077,HIST-G0-292,第三单元近代中国的民主革命,,,,,
7915,history_2024_guangxi_012,history,普鲁塔克记述：“屋大维感到非常惊讶，亚历山大竟然没有意识到，还有比获得帝国更加伟大事情，那就是塑造和完善帝国。”由此可知,HIST-G0-291,第二单元列强侵略与中国人民的反抗斗争,,HIST-G0-292,第三单元近代中国的民主革命,,HIST-G0-290,第一单元古代中国的政治制度,,,,,
7916,history_2024_guangxi_013,history,在写于1549年的《关于英格兰王国公共福利的对话》中，商人抱怨“所有的食物都是那样昂贵或者更加昂贵，而就我所知，这里并无,HIST-G0-313,第二十五单元 19 世纪以来的世界文学艺术,0.143,HIST-G0-292,第三单元近代中国的民主革命,,HIST-G0-291,第二单元列强侵略与中国人民的反抗斗争,,,,,
7918,history_2024_guangxi_015,history,1894年，美国记者亨利·劳埃德在《财富与国民的对立》中指出，标准石油公司操纵市场，以便消除竞争。他还称“自由创造富裕，,HIST-G0-313,第二十五单元 19 世纪以来的世界文学艺术,0.143,HIST-G0-292,第三单元近代中国的民主革命,,HIST-G0-291,第二单元列强侵略与中国人民的反抗斗争,,,,,
7924,history_2024_guizhou_001,history,有学者认为，距今5000多年前，我国一些地区已出现较为明确的社会分工。下列考古发现能佐证这一观点的是（ ）,HIST-G0-291,第二单元列强侵略与中国人民的反抗斗争,,HIST-G0-292,第三单元近代中国的民主革命,,HIST-G0-290,第一单元古代中国的政治制度,,,,,
7925,history_2024_guizhou_002,history,战国时期，官员酬报大多是年俸，而地位较低胥吏则主要由官府根据其职事功绩，按月发俸。到汉代，以往主要针对胥吏的酬报方式得到,HIST-G0-291,第二单元列强侵略与中国人民的反抗斗争,,HIST-G0-292,第三单元近代中国的民主革命,,HIST-G0-290,第一单元古代中国的政治制度,,,,,
7926,history_2024_guizhou_003,history,下表为我国某时期北方部分政权主要官员的族属状况。这可用于说明（ ） 人数 【族属】汉 【族属】匈奴 【族属】鲜卑 【族属,HIST-G0-291,第二单元列强侵略与中国人民的反抗斗争,,HIST-G0-292,第三单元近代中国的民主革命,,HIST-G0-290,第一单元古代中国的政治制度,,,,,
7928,history_2024_guizhou_005,history,苏码又称“花数”“码子字”“苏州码”，是明清时期在民间契约文书中广泛用于记账和标价的数字符号，如下表所示。其使用（ ） ,HIST-G0-291,第二单元列强侵略与中国人民的反抗斗争,,HIST-G0-292,第三单元近代中国的民主革命,,HIST-G0-290,第一单元古代中国的政治制度,,,,,
7929,history_2024_guizhou_006,history,清咸丰初年，“国家方讳言洋务，若于官场言及之，必以为其人非丧心病狂必不至是”。戊戌变法前后，相当部分的朝廷官员则认为国家,HIST-G0-291,第二单元列强侵略与中国人民的反抗斗争,,HIST-G0-292,第三单元近代中国的民主革命,,HIST-G0-290,第一单元古代中国的政治制度,,,,,
7931,history_2024_guizhou_008,history,1946年8月至10月，各解放区就有30万翻身农民为保卫土改果实、保卫家乡而参军，许多地方出现了父母送子、妻子送郎、兄弟,HIST-G0-313,第二十五单元 19 世纪以来的世界文学艺术,0.154,HIST-G0-292,第三单元近代中国的民主革命,,HIST-G0-291,第二单元列强侵略与中国人民的反抗斗争,,,,,
7932,history_2024_guizhou_009,history,下图是1964-1976年间贵州省累计完成的基本建设投资占比情况。据此可知，该时期贵州（ ）,HIST-G0-313,第二十五单元 19 世纪以来的世界文学艺术,0.222,HIST-G0-292,第三单元近代中国的民主革命,,HIST-G0-291,第二单元列强侵略与中国人民的反抗斗争,,,,,
7933,history_2024_guizhou_010,history,1999年，国务院批准了242个科研机构的转制方案。2000年，北京有色金属研究总院率先从国家工商行政管理总局领到企业法,HIST-G0-309,第二十一单元 20 世纪以来中国重大思想理论成果,0.143,HIST-G0-313,第二十五单元 19 世纪以来的世界文学艺术,0.143,HIST-G0-292,第三单元近代中国的民主革命,,,,,
7937,history_2024_guizhou_014,history,下图是某学者统计的1750-1900年间某国在世界贸易总额中的占比。据此判断，该国最有可能是（ ）,HIST-G0-313,第二十五单元 19 世纪以来的世界文学艺术,0.200,HIST-G0-292,第三单元近代中国的民主革命,,HIST-G0-291,第二单元列强侵略与中国人民的反抗斗争,,,,,
7942,history_2024_guizhou_019,history,阅读材料，按要求作答。 材料 抗战时期，晋察冀边区一直重视小学教育。边区刚建立时，由于遭到日伪严重破坏，大部分小学处于瘫,HIST-G0-291,第二单元列强侵略与中国人民的反抗斗争,,HIST-G0-292,第三单元近代中国的民主革命,,HIST-G0-290,第一单元古代中国的政治制度,,,,,
7967,history_2024_hebei_001,history,据考古发掘，距今约9000年前的浙江上山、河南贾湖等遗址，出土了中国特有的制作榫卯结构工具石凿；距今8000至7000年,HIST-G0-291,第二单元列强侵略与中国人民的反抗斗争,,HIST-G0-292,第三单元近代中国的民主革命,,HIST-G0-290,第一单元古代中国的政治制度,,,,,
7969,history_2024_hebei_003,history,南北朝之前，“川”字只有“水道、河流”之意，而《魏书》所载牛川、宁川、敕勒川等地名中的“川”，则是鲜卑语“荒野、荒滩草原,HIST-G0-291,第二单元列强侵略与中国人民的反抗斗争,,HIST-G0-292,第三单元近代中国的民主革命,,HIST-G0-290,第一单元古代中国的政治制度,,,,,
7970,history_2024_hebei_004,history,南宋绍兴年间，有官员发现县吏掌握田宅买卖官印契书的印板，往往空印私卖，引发诸多争讼。因此，其建议“委逐州通判用厚纸立《千,HIST-G0-291,第二单元列强侵略与中国人民的反抗斗争,,HIST-G0-292,第三单元近代中国的民主革命,,HIST-G0-290,第一单元古代中国的政治制度,,,,,
7971,history_2024_hebei_005,history,元初，有诗描绘当时杭州情景：“衣冠不改只如先，关会（纸币）通行满市廛。北客南人成买卖，京城依旧使铜钱。”由此可知，这一时,HIST-G0-291,第二单元列强侵略与中国人民的反抗斗争,,HIST-G0-292,第三单元近代中国的民主革命,,HIST-G0-290,第一单元古代中国的政治制度,,,,,
7972,history_2024_hebei_006,history,图1、图2为不同朝代的中国北方部分驻所分布示意图。图1到图2的变化表明（ ）,HIST-G0-309,第二十一单元 20 世纪以来中国重大思想理论成果,0.167,HIST-G0-313,第二十五单元 19 世纪以来的世界文学艺术,0.167,HIST-G0-292,第三单元近代中国的民主革命,,,,,
7976,history_2024_hebei_010,history,下图所示年画描绘了新民主主义革命时期的某一历史场景，并题有对联：“想当年，地主掌权，吃喝穷人血肉，苦害小户，缺吃缺用缺衣,HIST-G0-291,第二单元列强侵略与中国人民的反抗斗争,,HIST-G0-292,第三单元近代中国的民主革命,,HIST-G0-290,第一单元古代中国的政治制度,,,,,
7977,history_2024_hebei_011,history,中华人民共和国成立伊始，各地国营粮食公司即开始在市场上积极开展收购工作。国家准备了充足资金和大量布匹向农民购粮、换粮，并,HIST-G0-291,第二单元列强侵略与中国人民的反抗斗争,,HIST-G0-292,第三单元近代中国的民主革命,,HIST-G0-290,第一单元古代中国的政治制度,,,,,
7981,history_2024_hebei_015,history,苏俄曾发布指令规定：“农业合作社……有权在国内出售和交换自己生产的以及本社社员生产的农产品，拥有必需的农具和材料，开办加,HIST-G0-291,第二单元列强侵略与中国人民的反抗斗争,,HIST-G0-292,第三单元近代中国的民主革命,,HIST-G0-290,第一单元古代中国的政治制度,,,,,
7988,history_2024_hubei_002,history,《岳麓书院藏秦简》记载：“丞相其以制明告郡县……毋令吏以苛徭夺黔首春夏时。令皆明焉，以为恒。不从令者，赀（处罚）丞、令、,HIST-G0-291,第二单元列强侵略与中国人民的反抗斗争,,HIST-G0-292,第三单元近代中国的民主革命,,HIST-G0-290,第一单元古代中国的政治制度,,,,,
7989,history_2024_hubei_003,history,唐朝后期，一位河朔藩镇幕僚述及本镇节度使更替时称，朝廷要么立刻任命亲王遥领节度使一职，要么搁置数月，之后才正式任命本镇推,HIST-G0-291,第二单元列强侵略与中国人民的反抗斗争,,HIST-G0-292,第三单元近代中国的民主革命,,HIST-G0-290,第一单元古代中国的政治制度,,,,,
7990,history_2024_hubei_004,history,元英宗即位初，中书省奏议：南宋故地纳入版图四十余年来，有田地的纳地税，做买卖的纳商税，此外别无征发，比北方的汉人负担要轻,HIST-G0-291,第二单元列强侵略与中国人民的反抗斗争,,HIST-G0-292,第三单元近代中国的民主革命,,HIST-G0-290,第一单元古代中国的政治制度,,,,,
7991,history_2024_hubei_005,history,赵翼《廿二史札记》中有“明祖行事多仿汉高”条：“明祖以布衣起事，与汉高同，故幕下士多以汉高事陈说于前，明祖亦遂有一汉高在,HIST-G0-291,第二单元列强侵略与中国人民的反抗斗争,,HIST-G0-292,第三单元近代中国的民主革命,,HIST-G0-290,第一单元古代中国的政治制度,,,,,
8005,history_2024_hubei_019,history,[物质与文明] 文明通过不断吸收、创造新物品而获得成长，即使最普通的一件物品，在特定的历史条件下，也可能成为改变世界的关,HIST-G0-291,第二单元列强侵略与中国人民的反抗斗争,,HIST-G0-292,第三单元近代中国的民主革命,,HIST-G0-290,第一单元古代中国的政治制度,,,,,
8006,history_2024_hunan_001,history,西周时期，国人可以对军国大事发表意见，甚至能够影响国君废立，但不能改变宗主世袭制，更换国君不过是更换宗主。这说明西周（ ,HIST-G0-291,第二单元列强侵略与中国人民的反抗斗争,,HIST-G0-292,第三单元近代中国的民主革命,,HIST-G0-290,第一单元古代中国的政治制度,,,,,
8007,history_2024_hunan_002,history,据史料记载，秦人“畏有司而顺”，楚人“好游侠”“易发怒”。秦末，六国旧地都出现了反秦斗争，其中楚地声势最大，反应最为激烈,HIST-G0-291,第二单元列强侵略与中国人民的反抗斗争,,HIST-G0-292,第三单元近代中国的民主革命,,HIST-G0-290,第一单元古代中国的政治制度,,,,,
8008,history_2024_hunan_003,history,下表为史籍所载东汉至南朝时期官府掌握的湖南地区户口数和人口数。其变化的主要原因是（ ） 时间 户口数（万） 人口数（万）,HIST-G0-291,第二单元列强侵略与中国人民的反抗斗争,,HIST-G0-292,第三单元近代中国的民主革命,,HIST-G0-290,第一单元古代中国的政治制度,,,,,
8011,history_2024_hunan_005,history,唐末以后出现的新藩镇，其军队主要靠强迫征发而来，难以结成牢固的军人集团。到后周时，中央禁军成为最强大的力量。这些变化（ ,HIST-G0-291,第二单元列强侵略与中国人民的反抗斗争,,HIST-G0-292,第三单元近代中国的民主革命,,HIST-G0-290,第一单元古代中国的政治制度,,,,,
8012,history_2024_hunan_006,history,元朝圣旨多采用蒙古语法糅合汉语词汇的形式，开篇曰“长生天气力里，大福荫互助里，皇帝圣旨”。汉族文臣润色为“上天眷命，皇帝,HIST-G0-291,第二单元列强侵略与中国人民的反抗斗争,,HIST-G0-292,第三单元近代中国的民主革命,,HIST-G0-290,第一单元古代中国的政治制度,,,,,
8017,history_2024_hunan_011,history,1993年全国粮食作物播种面积为11050.9万公顷，比1978年减少1007.8万公顷。农村社会商品的零售总额达到64,HIST-G0-313,第二十五单元 19 世纪以来的世界文学艺术,0.125,HIST-G0-292,第三单元近代中国的民主革命,,HIST-G0-291,第二单元列强侵略与中国人民的反抗斗争,,,,,
8020,history_2024_hunan_014,history,23 8539 南朝宋昇明三年（479）,HIST-G0-309,第二十一单元 20 世纪以来中国重大思想理论成果,0.077,HIST-G0-292,第三单元近代中国的民主革命,,HIST-G0-291,第二单元列强侵略与中国人民的反抗斗争,,,,,
8028,history_2024_hunan_021,history,98,HIST-G0-291,第二单元列强侵略与中国人民的反抗斗争,,HIST-G0-292,第三单元近代中国的民主革命,,HIST-G0-290,第一单元古代中国的政治制度,,,,,
8031,history_2024_jiangsu_003,history,下表为宋神宗熙宁年间（1068—1077）常平仓的部分支出情况。这些支出反映了北宋政府（ ） 时间 支出及用途 熙宁六年,HIST-G0-313,第二十五单元 19 世纪以来的世界文学艺术,0.100,HIST-G0-292,第三单元近代中国的民主革命,,HIST-G0-291,第二单元列强侵略与中国人民的反抗斗争,,,,,
8032,history_2024_jiangsu_004,history,据广东《博罗县志》记载，明嘉靖、隆庆年间，该县出现源自乡约的“约”字地名，如安山约、大连约等，一约辖一村或数村。知县往往,HIST-G0-291,第二单元列强侵略与中国人民的反抗斗争,,HIST-G0-292,第三单元近代中国的民主革命,,HIST-G0-290,第一单元古代中国的政治制度,,,,,
8034,history_2024_jiangsu_006,history,1850年，上海出现第一家专营进口棉布的商店，到1858年这类洋布店已有十五六家，以门市零售为主。1860年以后，内地商,HIST-G0-313,第二十五单元 19 世纪以来的世界文学艺术,0.111,HIST-G0-292,第三单元近代中国的民主革命,,HIST-G0-291,第二单元列强侵略与中国人民的反抗斗争,,,,,
8040,history_2024_jiangsu_012,history,维也纳会议期间，奥地利首相梅特涅不惜糜费巨资，让两百多个参会代表终日沉溺于舞会、观剧、狩猎和游览中。时人讽刺“会议不是在,HIST-G0-291,第二单元列强侵略与中国人民的反抗斗争,,HIST-G0-292,第三单元近代中国的民主革命,,HIST-G0-290,第一单元古代中国的政治制度,,,,,
8046,history_2024_jiangsu_018,history,阅读材料，完成下列要求。 材料 曾国藩于1868年出任直隶总督，半年后他对直隶官员进行考核，并向朝廷上奏。他认为对官员的,HIST-G0-313,第二十五单元 19 世纪以来的世界文学艺术,0.143,HIST-G0-292,第三单元近代中国的民主革命,,HIST-G0-291,第二单元列强侵略与中国人民的反抗斗争,,,,,
8047,history_2024_jiangsu_019,history,阅读材料，完成下列要求。 材料 我们这里所说的“文化”是一个大文化概念。“文化”这个词至少有三种理解，最基础的理解是“读,HIST-G0-291,第二单元列强侵略与中国人民的反抗斗争,,HIST-G0-292,第三单元近代中国的民主革命,,HIST-G0-290,第一单元古代中国的政治制度,,,,,
8052,history_2024_jiangxi_005,history,明代前期，百姓需要亲身应役，“甚至父子当差，则一日不让，兄弟应役，则移时不甘”。18世纪以后，江南与东南沿海“贩夫牧紧，,HIST-G0-291,第二单元列强侵略与中国人民的反抗斗争,,HIST-G0-292,第三单元近代中国的民主革命,,HIST-G0-290,第一单元古代中国的政治制度,,,,,
8053,history_2024_jiangxi_006,history,1855年，在华外商共1038人，比1837年增加了3倍，分属于219家洋行。西方商人还在开放口岸投资办厂，由此产生了依,HIST-G0-313,第二十五单元 19 世纪以来的世界文学艺术,0.063,HIST-G0-292,第三单元近代中国的民主革命,,HIST-G0-291,第二单元列强侵略与中国人民的反抗斗争,,,,,
8057,history_2024_jiangxi_010,history,1990年12月4日《人民日报》报道，中国的家电行业产值从1985年的59亿元飞跃到1990年的250亿元。中国生产的电,HIST-G0-313,第二十五单元 19 世纪以来的世界文学艺术,0.167,HIST-G0-292,第三单元近代中国的民主革命,,HIST-G0-291,第二单元列强侵略与中国人民的反抗斗争,,,,,
8058,history_2024_jiangxi_011,history,尼罗河水退落后，古埃及人重新丈量土地、划定地界，计算出土地面积。他们用象形文字符号表示数字，以图形提供实际的解决办法。据,HIST-G0-291,第二单元列强侵略与中国人民的反抗斗争,,HIST-G0-292,第三单元近代中国的民主革命,,HIST-G0-290,第一单元古代中国的政治制度,,,,,
8059,history_2024_jiangxi_012,history,中世纪英国某市商人行会规章规定：除基尔特会员之外，任何人皆不得购买蜂蜜、油脂、腌青鱼、磨石、生革、生皮，或任何种类之油，,HIST-G0-291,第二单元列强侵略与中国人民的反抗斗争,,HIST-G0-292,第三单元近代中国的民主革命,,HIST-G0-290,第一单元古代中国的政治制度,,,,,
8060,history_2024_jiangxi_013,history,15世纪，虽然威尼斯禁止喜剧的上演，但公众的需求导致宗教性剧本变为各种肤浅、杂乱无章的喜剧。1506年，修道士阿莫尼奥在,HIST-G0-313,第二十五单元 19 世纪以来的世界文学艺术,0.200,HIST-G0-292,第三单元近代中国的民主革命,,HIST-G0-291,第二单元列强侵略与中国人民的反抗斗争,,,,,
8061,history_2024_jiangxi_014,history,普法战争后，法国体操协会数量由1873年9个增加到了1899年的809个，地方体操协会的名称有哨兵、尚武、传令兵、先锋等,HIST-G0-313,第二十五单元 19 世纪以来的世界文学艺术,0.083,HIST-G0-292,第三单元近代中国的民主革命,,HIST-G0-291,第二单元列强侵略与中国人民的反抗斗争,,,,,
8062,history_2024_jiangxi_015,history,1914年，外国投资大约占到当时俄国2000多家公司投资的1/3。在采矿业中这一比列达到了90%，在冶金业超过了40%，,HIST-G0-309,第二十一单元 20 世纪以来中国重大思想理论成果,0.143,HIST-G0-313,第二十五单元 19 世纪以来的世界文学艺术,0.143,HIST-G0-292,第三单元近代中国的民主革命,,,,,
8072,history_2024_liaoning_005,history,元代官员对上都有如下描述：“在市者，则四方之商贾，与百工之事为多……奇货用物，本末纤巨，莫不毕至。”下列描写上都的诗句中,HIST-G0-291,第二单元列强侵略与中国人民的反抗斗争,,HIST-G0-292,第三单元近代中国的民主革命,,HIST-G0-290,第一单元古代中国的政治制度,,,,,
8073,history_2024_liaoning_006,history,1878年，左宗棠上《复陈新疆情形折》，建议在新疆广设义塾，教授汉文，使民众“略识字义”，“征收所用券票，其户民数目，汉,HIST-G0-313,第二十五单元 19 世纪以来的世界文学艺术,0.143,HIST-G0-292,第三单元近代中国的民主革命,,HIST-G0-291,第二单元列强侵略与中国人民的反抗斗争,,,,,
8075,history_2024_liaoning_008,history,1069年，日本后三条天皇颁布法令，规定取缔非法庄园。为此，天皇成立“记录庄园券契所”，任命亲信担任官员，对庄园文书进行,HIST-G0-313,第二十五单元 19 世纪以来的世界文学艺术,0.143,HIST-G0-292,第三单元近代中国的民主革命,,HIST-G0-291,第二单元列强侵略与中国人民的反抗斗争,,,,,
8076,history_2024_liaoning_009,history,普鲁士国王弗里德里希二世（1740—1786年在位）自称“国家的第一公仆”，提倡理性主义的统治，在立法、司法、教育、经济,HIST-G0-313,第二十五单元 19 世纪以来的世界文学艺术,0.100,HIST-G0-292,第三单元近代中国的民主革命,,HIST-G0-291,第二单元列强侵略与中国人民的反抗斗争,,,,,
8077,history_2024_liaoning_010,history,如图是某书封面使用的漫画。 据此推断，该书的主题最有可能是（ ）,HIST-G0-291,第二单元列强侵略与中国人民的反抗斗争,,HIST-G0-292,第三单元近代中国的民主革命,,HIST-G0-290,第一单元古代中国的政治制度,,,,,
8078,history_2024_liaoning_011,history,近年来，传统燃油汽车企业加速转型，造车“新势力”不断涌入电动汽车行业。据国际能源署统计，2011年全球电动汽车销量不到4,HIST-G0-291,第二单元列强侵略与中国人民的反抗斗争,,HIST-G0-292,第三单元近代中国的民主革命,,HIST-G0-290,第一单元古代中国的政治制度,,,,,
8079,history_2024_liaoning_012,history,阅读材料，完成下列要求。 材料 名帖亦称名刺（类似今之名片），古已有之，在明朝士大夫的人际交往中扮演着重要角色。 明朝正,HIST-G0-291,第二单元列强侵略与中国人民的反抗斗争,,HIST-G0-292,第三单元近代中国的民主革命,,HIST-G0-290,第一单元古代中国的政治制度,,,,,
8083,history_2024_shandong_001,history,商业是社会发展到一定阶段的产物。下列四处考古遗址所出土器物能表明商业已有较高程度发展的是（ ）,HIST-G0-291,第二单元列强侵略与中国人民的反抗斗争,,HIST-G0-292,第三单元近代中国的民主革命,,HIST-G0-290,第一单元古代中国的政治制度,,,,,
8084,history_2024_shandong_002,history,7,HIST-G0-291,第二单元列强侵略与中国人民的反抗斗争,,HIST-G0-292,第三单元近代中国的民主革命,,HIST-G0-290,第一单元古代中国的政治制度,,,,,
8086,history_2024_shandong_003,history,下表为《宋史·王猎传》中的相关记载。王猎的经历反映出宋代（ ） 王猎，字得之，长垣人。累应进士不第，乃治生积钱，既而叹曰,HIST-G0-291,第二单元列强侵略与中国人民的反抗斗争,,HIST-G0-292,第三单元近代中国的民主革命,,HIST-G0-290,第一单元古代中国的政治制度,,,,,
8087,history_2024_shandong_004,history,6,HIST-G0-291,第二单元列强侵略与中国人民的反抗斗争,,HIST-G0-292,第三单元近代中国的民主革命,,HIST-G0-290,第一单元古代中国的政治制度,,,,,
8089,history_2024_shandong_005,history,下表为1846—1905年英国建筑师在上海、汉口、天津、北京等四地的分布情况统计。这体现了（ ） 城市 人次 年份 上海,HIST-G0-313,第二十五单元 19 世纪以来的世界文学艺术,0.200,HIST-G0-292,第三单元近代中国的民主革命,,HIST-G0-291,第二单元列强侵略与中国人民的反抗斗争,,,,,
8096,history_2024_shandong_011,history,13世纪以前，西欧的行会具有明显的开放性，学徒、帮工不论家庭出身，只要合乎资格就可以成为行会成员；13世纪以后，掌握着资,HIST-G0-313,第二十五单元 19 世纪以来的世界文学艺术,0.200,HIST-G0-292,第三单元近代中国的民主革命,,HIST-G0-291,第二单元列强侵略与中国人民的反抗斗争,,,,,
8097,history_2024_shandong_012,history,在某些意义上，空想社会主义者是启蒙思想家的继承者，因为他们都相信犯罪和贪婪是罪恶环境的产物，也相信社会将趋于完美。但相比,HIST-G0-291,第二单元列强侵略与中国人民的反抗斗争,,HIST-G0-292,第三单元近代中国的民主革命,,HIST-G0-290,第一单元古代中国的政治制度,,,,,
8098,history_2024_shandong_013,history,下图为1918年10月23日英国《笨拙》杂志刊登的一幅漫画《大兵与文官》。该漫画揭示出（ ） 协约国军队总指挥福煦对法国,HIST-G0-313,第二十五单元 19 世纪以来的世界文学艺术,0.182,HIST-G0-309,第二十一单元 20 世纪以来中国重大思想理论成果,0.083,HIST-G0-292,第三单元近代中国的民主革命,,,,,
8099,history_2024_shandong_014,history,下表为1935—1950年美国对外投资中私人投资和政府投资情况统计（单位：亿美元）。这两种投资的结构性变化反映了美国（ ,HIST-G0-313,第二十五单元 19 世纪以来的世界文学艺术,0.222,HIST-G0-292,第三单元近代中国的民主革命,,HIST-G0-291,第二单元列强侵略与中国人民的反抗斗争,,,,,
8102,history_2024_shandong_016,history,阅读材料，回答问题。 “江南经济区”的 ——据贺业钜《中国古代城市规划史》 概括说明“江南经济区”的变化体现了汉唐时期怎,HIST-G0-291,第二单元列强侵略与中国人民的反抗斗争,,HIST-G0-292,第三单元近代中国的民主革命,,HIST-G0-290,第一单元古代中国的政治制度,,,,,
8105,history_2024_shandong_019,history,阅读材料，回答问题。 非洲的“解放” 材料一 下表是1960—1980年部分非洲国家主要商品出口情况统计。 区域 国别 ,HIST-G0-313,第二十五单元 19 世纪以来的世界文学艺术,0.222,HIST-G0-292,第三单元近代中国的民主革命,,HIST-G0-291,第二单元列强侵略与中国人民的反抗斗争,,,,,
8106,history_2024_shandong_020,history,4,HIST-G0-291,第二单元列强侵略与中国人民的反抗斗争,,HIST-G0-292,第三单元近代中国的民主革命,,HIST-G0-290,第一单元古代中国的政治制度,,,,,
8107,history_2024_shandong_021,history,3,HIST-G0-291,第二单元列强侵略与中国人民的反抗斗争,,HIST-G0-292,第三单元近代中国的民主革命,,HIST-G0-290,第一单元古代中国的政治制度,,,,,
8108,history_2024_shandong_022,history,9,HIST-G0-291,第二单元列强侵略与中国人民的反抗斗争,,HIST-G0-292,第三单元近代中国的民主革命,,HIST-G0-290,第一单元古代中国的政治制度,,,,,
8109,history_2024_shandong_023,history,9,HIST-G0-291,第二单元列强侵略与中国人民的反抗斗争,,HIST-G0-292,第三单元近代中国的民主革命,,HIST-G0-290,第一单元古代中国的政治制度,,,,,
8110,history_2024_shandong_024,history,0,HIST-G0-291,第二单元列强侵略与中国人民的反抗斗争,,HIST-G0-292,第三单元近代中国的民主革命,,HIST-G0-290,第一单元古代中国的政治制度,,,,,
8111,history_2024_shandong_025,history,4,HIST-G0-291,第二单元列强侵略与中国人民的反抗斗争,,HIST-G0-292,第三单元近代中国的民主革命,,HIST-G0-290,第一单元古代中国的政治制度,,,,,
8112,history_2024_shandong_026,history,7 中部 加蓬 石油,HIST-G0-291,第二单元列强侵略与中国人民的反抗斗争,,HIST-G0-292,第三单元近代中国的民主革命,,HIST-G0-290,第一单元古代中国的政治制度,,,,,
8113,history_2024_shandong_027,history,6,HIST-G0-291,第二单元列强侵略与中国人民的反抗斗争,,HIST-G0-292,第三单元近代中国的民主革命,,HIST-G0-290,第一单元古代中国的政治制度,,,,,
8115,history_2024_shandong_028,history,3,HIST-G0-291,第二单元列强侵略与中国人民的反抗斗争,,HIST-G0-292,第三单元近代中国的民主革命,,HIST-G0-290,第一单元古代中国的政治制度,,,,,
8116,history_2024_shandong_029,history,8 非洲 赞比亚 铜 —,HIST-G0-291,第二单元列强侵略与中国人民的反抗斗争,,HIST-G0-292,第三单元近代中国的民主革命,,HIST-G0-290,第一单元古代中国的政治制度,,,,,
8117,history_2024_shandong_030,history,3 非洲 刚果 石油 —,HIST-G0-291,第二单元列强侵略与中国人民的反抗斗争,,HIST-G0-292,第三单元近代中国的民主革命,,HIST-G0-290,第一单元古代中国的政治制度,,,,,
8119,history_2024_shandong_032,history,5,HIST-G0-291,第二单元列强侵略与中国人民的反抗斗争,,HIST-G0-292,第三单元近代中国的民主革命,,HIST-G0-290,第一单元古代中国的政治制度,,,,,
8121,history_2024_shandong_034,history,9 南部 博茨瓦纳 钻石 —,HIST-G0-291,第二单元列强侵略与中国人民的反抗斗争,,HIST-G0-292,第三单元近代中国的民主革命,,HIST-G0-290,第一单元古代中国的政治制度,,,,,
8126,history_2024_shandong_037,history,7 西部 尼日利亚 石油,HIST-G0-291,第二单元列强侵略与中国人民的反抗斗争,,HIST-G0-292,第三单元近代中国的民主革命,,HIST-G0-290,第一单元古代中国的政治制度,,,,,
8131,history_2024_tianjin_001,history,周人认为，商之所以灭亡是因为“敛怨以为德”，为上天所弃；为此，周奉行“惟德是依”“敬天保民”。这主要体现了周人（ ）,HIST-G0-291,第二单元列强侵略与中国人民的反抗斗争,,HIST-G0-292,第三单元近代中国的民主革命,,HIST-G0-290,第一单元古代中国的政治制度,,,,,
8132,history_2024_tianjin_002,history,唐中宗下令修改《氏族志》，至唐玄宗初年撰成《姓氏录》；书中对相关家族按照道德、功勋、血缘、籍贯，“等而次之”，对有官爵的,HIST-G0-291,第二单元列强侵略与中国人民的反抗斗争,,HIST-G0-292,第三单元近代中国的民主革命,,HIST-G0-290,第一单元古代中国的政治制度,,,,,
8133,history_2024_tianjin_003,history,在编撰《资治通鉴》过程中，面对多政权并存时期如何确定编年标准的问题，司马光认为，政权无论华夷大小强弱，须同等对待，不能独,HIST-G0-291,第二单元列强侵略与中国人民的反抗斗争,,HIST-G0-292,第三单元近代中国的民主革命,,HIST-G0-290,第一单元古代中国的政治制度,,,,,
8136,history_2024_tianjin_006,history,下图表现了劳动人民边生产边学习的情景，它反映出（ ）,HIST-G0-291,第二单元列强侵略与中国人民的反抗斗争,,HIST-G0-292,第三单元近代中国的民主革命,,HIST-G0-290,第一单元古代中国的政治制度,,,,,
8137,history_2024_tianjin_007,history,1954年，中国与英国建立代办级外交关系；1964年，中法两国建立大使级外交关系；1972年，中美发表《联合公报》，两国,HIST-G0-313,第二十五单元 19 世纪以来的世界文学艺术,0.222,HIST-G0-292,第三单元近代中国的民主革命,,HIST-G0-291,第二单元列强侵略与中国人民的反抗斗争,,,,,
8139,history_2024_tianjin_009,history,奥斯曼帝国的所有土地都是国家财产，军事贵族的封地面积较小且几乎不可世袭；苏丹维持着一支战力强大的常备军，并把征服的土地奖,HIST-G0-291,第二单元列强侵略与中国人民的反抗斗争,,HIST-G0-292,第三单元近代中国的民主革命,,HIST-G0-290,第一单元古代中国的政治制度,,,,,
8141,history_2024_tianjin_011,history,16世纪，西属拉丁美洲的波托西成为世界重要的银矿开采中心，其人口高达12万人，比西班牙任何城市都多，印第安矿工艰难劳动生,HIST-G0-313,第二十五单元 19 世纪以来的世界文学艺术,0.200,HIST-G0-292,第三单元近代中国的民主革命,,HIST-G0-291,第二单元列强侵略与中国人民的反抗斗争,,,,,
8142,history_2024_tianjin_012,history,在实行等级制度的西方社会中，存在着多种法律体系，贵族领主、城市新贵、城市市民、宗教人士和非宗教人士以及男人和女人的基本权,HIST-G0-291,第二单元列强侵略与中国人民的反抗斗争,,HIST-G0-292,第三单元近代中国的民主革命,,HIST-G0-290,第一单元古代中国的政治制度,,,,,
8143,history_2024_tianjin_013,history,1830-1896年美国生产1蒲小麦由3小时变为10分钟；1869年美国运输1蒲小麦到英国需37美分，1905年缩短到5,HIST-G0-313,第二十五单元 19 世纪以来的世界文学艺术,0.059,HIST-G0-292,第三单元近代中国的民主革命,,HIST-G0-291,第二单元列强侵略与中国人民的反抗斗争,,,,,
8144,history_2024_tianjin_014,history,中国古代新建王朝前期的统治者，面对经济残破、民不聊生，大多实行轻徭薄赋、休养生息等顺应民意的措施，由此出现了文景之治、贞,HIST-G0-291,第二单元列强侵略与中国人民的反抗斗争,,HIST-G0-292,第三单元近代中国的民主革命,,HIST-G0-290,第一单元古代中国的政治制度,,,,,
8148,history_2024_tianjin_018,history,阅读材料，完成下列要求。 材料 自古以来，海洋一直是人类活动的重要舞台。人们对外部世界的探索，彼此之间物质与文化的交往，,HIST-G0-291,第二单元列强侵略与中国人民的反抗斗争,,HIST-G0-292,第三单元近代中国的民主革命,,HIST-G0-290,第一单元古代中国的政治制度,,,,,
8172,history_2024_national_new_018,history,6% 富农 40 356,HIST-G0-291,第二单元列强侵略与中国人民的反抗斗争,,HIST-G0-292,第三单元近代中国的民主革命,,HIST-G0-290,第一单元古代中国的政治制度,,,,,
8173,history_2024_national_new_019,history,34,HIST-G0-291,第二单元列强侵略与中国人民的反抗斗争,,HIST-G0-292,第三单元近代中国的民主革命,,HIST-G0-290,第一单元古代中国的政治制度,,,,,
8174,history_2024_national_new_020,history,8 — — 其它 37 214,HIST-G0-291,第二单元列强侵略与中国人民的反抗斗争,,HIST-G0-292,第三单元近代中国的民主革命,,HIST-G0-290,第一单元古代中国的政治制度,,,,,
8175,history_2024_national_new_021,history,09,HIST-G0-291,第二单元列强侵略与中国人民的反抗斗争,,HIST-G0-292,第三单元近代中国的民主革命,,HIST-G0-290,第一单元古代中国的政治制度,,,,,
8176,history_2024_national_new_022,history,70,HIST-G0-291,第二单元列强侵略与中国人民的反抗斗争,,HIST-G0-292,第三单元近代中国的民主革命,,HIST-G0-290,第一单元古代中国的政治制度,,,,,
8177,history_2024_national_new_023,history,3,HIST-G0-291,第二单元列强侵略与中国人民的反抗斗争,,HIST-G0-292,第三单元近代中国的民主革命,,HIST-G0-290,第一单元古代中国的政治制度,,,,,
8178,history_2024_national_new_024,history,95,HIST-G0-291,第二单元列强侵略与中国人民的反抗斗争,,HIST-G0-292,第三单元近代中国的民主革命,,HIST-G0-290,第一单元古代中国的政治制度,,,,,
8179,history_2024_zhejiang_001,history,中华文明是人类最古老的文明之一。早在新石器时代，先民们就创造了丰富的物质和精神文化。这一时期（ ）,HIST-G0-291,第二单元列强侵略与中国人民的反抗斗争,,HIST-G0-292,第三单元近代中国的民主革命,,HIST-G0-290,第一单元古代中国的政治制度,,,,,
8180,history_2024_zhejiang_002,history,文化是民族的血脉。中华优秀传统文化源远流长，博大精深。下列项中，由老子提出且体现朴素唯物观的是（ ）,HIST-G0-291,第二单元列强侵略与中国人民的反抗斗争,,HIST-G0-292,第三单元近代中国的民主革命,,HIST-G0-290,第一单元古代中国的政治制度,,,,,
8181,history_2024_zhejiang_003,history,1896年，法国某考察团进入四川，留下了记载：“在彭山县进入了令人赞叹的成都平原——它遍地庄稼，人口稠密……繁荣富庶，令,HIST-G0-313,第二十五单元 19 世纪以来的世界文学艺术,0.143,HIST-G0-292,第三单元近代中国的民主革命,,HIST-G0-291,第二单元列强侵略与中国人民的反抗斗争,,,,,
8184,history_2024_zhejiang_006,history,明朝万历年间，浙江人李乐致仕回乡（嘉湖地区）后，感慨道：“昨日到城郭，归来泪满襟。遍身女衣者，尽是读书人。”“余乡二三百,HIST-G0-291,第二单元列强侵略与中国人民的反抗斗争,,HIST-G0-292,第三单元近代中国的民主革命,,HIST-G0-290,第一单元古代中国的政治制度,,,,,
8185,history_2024_zhejiang_007,history,有学者认为：“道光（皇帝）算是个幸运者，白莲教的事是他父亲嘉庆皇帝了结的；洪秀全的大动干戈则留给了他的儿子咸丰皇帝去担当,HIST-G0-291,第二单元列强侵略与中国人民的反抗斗争,,HIST-G0-292,第三单元近代中国的民主革命,,HIST-G0-290,第一单元古代中国的政治制度,,,,,
8186,history_2024_zhejiang_008,history,1929年7月至1930年1月间，英国历史学家汤因比参加太平洋国际学会年会，途经欧亚许多地方，记载了他“亲眼见到过往悉心,HIST-G0-313,第二十五单元 19 世纪以来的世界文学艺术,0.167,HIST-G0-292,第三单元近代中国的民主革命,,HIST-G0-291,第二单元列强侵略与中国人民的反抗斗争,,,,,
8194,history_2024_zhejiang_015,history,阅读下表，据此可知（ ） 世界各地区饥饿人口数量及饥饿发生率变化情况表（单位：百万、%） 地区 1990—1992年 1,HIST-G0-291,第二单元列强侵略与中国人民的反抗斗争,,HIST-G0-292,第三单元近代中国的民主革命,,HIST-G0-290,第一单元古代中国的政治制度,,,,,
8195,history_2024_zhejiang_016,history,清顺治十三年（1656年），监察御史朱克简在《题为停造无益之黄册事》中奏称：“臣等细查科臣移送旧造黄册，系崇祯十五年（1,HIST-G0-313,第二十五单元 19 世纪以来的世界文学艺术,0.143,HIST-G0-292,第三单元近代中国的民主革命,,HIST-G0-291,第二单元列强侵略与中国人民的反抗斗争,,,,,
8197,history_2024_zhejiang_017,history,辛亥革命时期，不少革命党人头脑中只有“排满”二字，以为“清室退位，即天下事大定”。南北议和时，孙中山要求继续把革命推向前,HIST-G0-291,第二单元列强侵略与中国人民的反抗斗争,,HIST-G0-292,第三单元近代中国的民主革命,,HIST-G0-290,第一单元古代中国的政治制度,,,,,
8202,history_2024_zhejiang_020,history,观察下面的示意图，图中所示路线反映的史实是（ ）,HIST-G0-291,第二单元列强侵略与中国人民的反抗斗争,,HIST-G0-292,第三单元近代中国的民主革命,,HIST-G0-290,第一单元古代中国的政治制度,,,,,
8203,history_2024_zhejiang_021,history,马克思、恩格斯在《德意志意识形态》中说：“只有随着生产力的这种普遍发展，人们的普遍交往才能建立起来；普遍交往……使每一民,HIST-G0-291,第二单元列强侵略与中国人民的反抗斗争,,HIST-G0-292,第三单元近代中国的民主革命,,HIST-G0-290,第一单元古代中国的政治制度,,,,,
8205,history_2024_zhejiang_023,history,“逾于前代”之处：①考试资格原则上面向全社会开放；②考试形式更加公平公正（誊录、糊名）；③科举规模扩大（人数增加、数量增,HIST-G0-291,第二单元列强侵略与中国人民的反抗斗争,,HIST-G0-292,第三单元近代中国的民主革命,,HIST-G0-290,第一单元古代中国的政治制度,,,,,
8208,history_2024_zhejiang_025,history,阅读材料，完成下列要求。 材料一 中国最有名之陆地工程者，万里长城也。秦始皇令蒙恬北筑长城，以御匈奴。东起辽沈，西迄临洮,HIST-G0-291,第二单元列强侵略与中国人民的反抗斗争,,HIST-G0-292,第三单元近代中国的民主革命,,HIST-G0-290,第一单元古代中国的政治制度,,,,,
8210,history_2024_zhejiang_026,history,三大支柱：世界银行、国际货币基金组织、世界贸易组织。 合理性：历史教训：用不合理的世界秩序、武力（战争）、殖民掠夺等方式,HIST-G0-291,第二单元列强侵略与中国人民的反抗斗争,,HIST-G0-292,第三单元近代中国的民主革命,,HIST-G0-290,第一单元古代中国的政治制度,,,,,
8211,history_2024_zhejiang_027,history,5 8,HIST-G0-291,第二单元列强侵略与中国人民的反抗斗争,,HIST-G0-292,第三单元近代中国的民主革命,,HIST-G0-290,第一单元古代中国的政治制度,,,,,
8212,history_2024_zhejiang_028,history,4 7 撒哈拉以南的非洲,HIST-G0-291,第二单元列强侵略与中国人民的反抗斗争,,HIST-G0-292,第三单元近代中国的民主革命,,HIST-G0-290,第一单元古代中国的政治制度,,,,,
8213,history_2024_zhejiang_029,history,1 8 近东和北非,HIST-G0-313,第二十五单元 19 世纪以来的世界文学艺术,0.200,HIST-G0-292,第三单元近代中国的民主革命,,HIST-G0-291,第二单元列强侵略与中国人民的反抗斗争,,,,,
8214,history_2024_zhejiang_030,history,3 11,HIST-G0-291,第二单元列强侵略与中国人民的反抗斗争,,HIST-G0-292,第三单元近代中国的民主革命,,HIST-G0-290,第一单元古代中国的政治制度,,,,,
8215,history_2024_zhejiang_031,history,3 12,HIST-G0-291,第二单元列强侵略与中国人民的反抗斗争,,HIST-G0-292,第三单元近代中国的民主革命,,HIST-G0-290,第一单元古代中国的政治制度,,,,,
8216,history_2024_zhejiang_032,history,9 34,HIST-G0-291,第二单元列强侵略与中国人民的反抗斗争,,HIST-G0-292,第三单元近代中国的民主革命,,HIST-G0-290,第一单元古代中国的政治制度,,,,,
8217,history_2024_zhejiang_033,history,2 33,HIST-G0-309,第二十一单元 20 世纪以来中国重大思想理论成果,0.167,HIST-G0-292,第三单元近代中国的民主革命,,HIST-G0-291,第二单元列强侵略与中国人民的反抗斗争,,,,,
9595,history_2024_national_a_001,history,春秋时期，周王室衰微，诸侯争当“盟主”。齐国、晋国、楚国接续争雄，吴越争霸。诸侯成为“盟主”可以（ ）,HIST-G0-291,第二单元列强侵略与中国人民的反抗斗争,,HIST-G0-292,第三单元近代中国的民主革命,,HIST-G0-290,第一单元古代中国的政治制度,,,,,
9597,history_2024_national_a_003,history,明代中后期士大夫广泛参与日用类书籍编纂。弘治年间进士邝璠以《耕织图》为蓝本，编撰《便民图纂》一书，为苏南一带农村日常生活,HIST-G0-291,第二单元列强侵略与中国人民的反抗斗争,,HIST-G0-292,第三单元近代中国的民主革命,,HIST-G0-290,第一单元古代中国的政治制度,,,,,
9598,history_2024_national_a_004,history,清初《西游记》《三国演义》等小说出版盛行，广为传播，同时出现了满文版本进行刊印。而对于清政府认为会败坏社会风气，影响社会,HIST-G0-291,第二单元列强侵略与中国人民的反抗斗争,,HIST-G0-292,第三单元近代中国的民主革命,,HIST-G0-290,第一单元古代中国的政治制度,,,,,
9603,history_2024_national_a_009,history,在14世纪之前，人们把时间寄托给上帝，时间是“走向永恒过渡”。而在文艺复兴时代，人文主义者除了在职业古用的时间之外，勤奋,HIST-G0-313,第二十五单元 19 世纪以来的世界文学艺术,0.200,HIST-G0-292,第三单元近代中国的民主革命,,HIST-G0-291,第二单元列强侵略与中国人民的反抗斗争,,,,,
9604,history_2024_national_a_010,history,18世纪上半叶，英国纺织厂女工如果在劳作的时候停下来休息，并不会有人过多在意。而到了18世纪下半叶，纺织原料由工厂统一供,HIST-G0-313,第二十五单元 19 世纪以来的世界文学艺术,0.200,HIST-G0-292,第三单元近代中国的民主革命,,HIST-G0-291,第二单元列强侵略与中国人民的反抗斗争,,,,,
9605,history_2024_national_a_011,history,伏尔泰在一次集会上说“像牛顿这样一千年才出现一个的人，才真正是个伟大的人物……而那些该尊敬的，是以真理的力量主宰人们的精,HIST-G0-291,第二单元列强侵略与中国人民的反抗斗争,,HIST-G0-292,第三单元近代中国的民主革命,,HIST-G0-290,第一单元古代中国的政治制度,,,,,
9608,history_2024_national_a_014,history,阅读材料，完成下列要求。 材料 根据材料，结合所学世界近现代史知识，概括出1900年~2000年世界变化趋势，并加以阐释,HIST-G0-291,第二单元列强侵略与中国人民的反抗斗争,,HIST-G0-292,第三单元近代中国的民主革命,,HIST-G0-290,第一单元古代中国的政治制度,,,,,
9612,history_2024_national_a_018,history,6% 富农 40 356,HIST-G0-291,第二单元列强侵略与中国人民的反抗斗争,,HIST-G0-292,第三单元近代中国的民主革命,,HIST-G0-290,第一单元古代中国的政治制度,,,,,
9613,history_2024_national_a_019,history,34,HIST-G0-291,第二单元列强侵略与中国人民的反抗斗争,,HIST-G0-292,第三单元近代中国的民主革命,,HIST-G0-290,第一单元古代中国的政治制度,,,,,
9614,history_2024_national_a_020,history,8 — — 其它 37 214,HIST-G0-291,第二单元列强侵略与中国人民的反抗斗争,,HIST-G0-292,第三单元近代中国的民主革命,,HIST-G0-290,第一单元古代中国的政治制度,,,,,
9615,history_2024_national_a_021,history,09,HIST-G0-291,第二单元列强侵略与中国人民的反抗斗争,,HIST-G0-292,第三单元近代中国的民主革命,,HIST-G0-290,第一单元古代中国的政治制度,,,,,
9616,history_2024_national_a_022,history,70,HIST-G0-291,第二单元列强侵略与中国人民的反抗斗争,,HIST-G0-292,第三单元近代中国的民主革命,,HIST-G0-290,第一单元古代中国的政治制度,,,,,
9617,history_2024_national_a_023,history,3,HIST-G0-291,第二单元列强侵略与中国人民的反抗斗争,,HIST-G0-292,第三单元近代中国的民主革命,,HIST-G0-290,第一单元古代中国的政治制度,,,,,
9618,history_2024_national_a_024,history,95,HIST-G0-291,第二单元列强侵略与中国人民的反抗斗争,,HIST-G0-292,第三单元近代中国的民主革命,,HIST-G0-290,第一单元古代中国的政治制度,,,,,
9903,history_2021_beijing_1,history,"ף��ϰ�׹�����֮����ʫ�����ƣ�""�Ʊ��������Ʊ����������޽���""�������ף�",HIST-G0-291,第二单元列强侵略与中国人民的反抗斗争,,HIST-G0-292,第三单元近代中国的民主革命,,HIST-G0-290,第一单元古代中国的政治制度,,,,,
9904,history_2021_beijing_2,history,��ͼΪ�ƴ���������Ա���ܹ�ְ��ƾ֤����д��ʽʾ��ͼ����ͼ˵���ƴ������������,HIST-G0-291,第二单元列强侵略与中国人民的反抗斗争,,HIST-G0-292,第三单元近代中国的民主革命,,HIST-G0-290,第一单元古代中国的政治制度,,,,,
9905,history_2021_beijing_3,history,���к��ڣ��ٸ��ڽ񸣽�������������˰�������ʮ�����γ��ֽ��ܶ�˰����Ϊ�أ��,HIST-G0-291,第二单元列强侵略与中国人民的反抗斗争,,HIST-G0-292,第三单元近代中国的民主革命,,HIST-G0-290,第一单元古代中国的政治制度,,,,,
9906,history_2021_beijing_4,history,"�ƴ��������й�����Զ��ŷ�ޡ���ĩ""����""�󣬴������ڴ�����٣�ͬʱ���ձ�ѧϰ�й",HIST-G0-291,第二单元列强侵略与中国人民的反抗斗争,,HIST-G0-292,第三单元近代中国的民主革命,,HIST-G0-290,第一单元古代中国的政治制度,,,,,
9907,history_2021_beijing_5,history,���²���Ϊ��λ�ʵ۵�һ�������¼��������˳��������ȷ��������ǰ������顢�,HIST-G0-291,第二单元列强侵略与中国人民的反抗斗争,,HIST-G0-292,第三单元近代中国的民主革命,,HIST-G0-290,第一单元古代中国的政治制度,,,,,
9908,history_2021_beijing_6,history,"����ͼ�����б�����ȷ�����ٶ��ϵ���ͨ�̿ڰ�ó��������Ϊ�ܼ���""���ͨ��""�е�",HIST-G0-291,第二单元列强侵略与中国人民的反抗斗争,,HIST-G0-292,第三单元近代中国的民主革命,,HIST-G0-290,第一单元古代中国的政治制度,,,,,
9910,history_2021_beijing_8,history,����˵����ȷ�������й�������������ʼ�쵼�����˶���1923������������ݷ,HIST-G0-291,第二单元列强侵略与中国人民的反抗斗争,,HIST-G0-292,第三单元近代中国的民主革命,,HIST-G0-290,第一单元古代中国的政治制度,,,,,
9911,history_2021_beijing_9,history,"��·���ܲ�ı��Ҷ��Ӣ�ڽ��ܼ���ר��ʱ�����������ڽ��Ž��е����ջ�ս�����""��",HIST-G0-291,第二单元列强侵略与中国人民的反抗斗争,,HIST-G0-292,第三单元近代中国的民主革命,,HIST-G0-290,第一单元古代中国的政治制度,,,,,
9913,history_2021_beijing_11,history,�ŵ������ĸ�󣬹���ҵ�߻��һ��Ȩ����һλ�ŵ乫������Ʋ���ȴ��Ը�ü���Ů�������,HIST-G0-291,第二单元列强侵略与中国人民的反抗斗争,,HIST-G0-292,第三单元近代中国的民主革命,,HIST-G0-290,第一单元古代中国的政治制度,,,,,
9914,history_2021_beijing_12,history,18���ͣ�Ӣ���ط���ѧ���Ŵ������֣��¹����ǵ��ʹ�������������֪ʶ��ʵ��Ӧ�,HIST-G0-313,第二十五单元 19 世纪以来的世界文学艺术,0.200,HIST-G0-292,第三单元近代中国的民主革命,,HIST-G0-291,第二单元列强侵略与中国人民的反抗斗争,,,,,
9915,history_2021_beijing_13,history,1829-1841��䣬����ʫ�������з�����һϵ�й���1812�����ս���������ص�ʫ�,HIST-G0-313,第二十五单元 19 世纪以来的世界文学艺术,0.100,HIST-G0-292,第三单元近代中国的民主革命,,HIST-G0-291,第二单元列强侵略与中国人民的反抗斗争,,,,,
9917,history_2021_beijing_15,history,����ѡ���У�ʷʵ������������ʷʵ����A16���ͣ�������ռ���˺����ǡ������,HIST-G0-291,第二单元列强侵略与中国人民的反抗斗争,,HIST-G0-292,第三单元近代中国的民主革命,,HIST-G0-290,第一单元古代中国的政治制度,,,,,
9918,history_2021_beijing_16,history,������������һ ���ܵ������ǳ��ü�̫�������ơ�����ǡ��ȵ伮���d���ܹ����,HIST-G0-291,第二单元列强侵略与中国人民的反抗斗争,,HIST-G0-292,第三单元近代中国的民主革命,,HIST-G0-290,第一单元古代中国的政治制度,,,,,
9919,history_2021_beijing_17,history,�ƶ���ʵʩ���񾭼ú���ᷢչ����滮���ƻ��������쾭����ᷢչ�����й��������ι���,HIST-G0-291,第二单元列强侵略与中国人民的反抗斗争,,HIST-G0-292,第三单元近代中国的民主革命,,HIST-G0-290,第一单元古代中国的政治制度,,,,,
9920,history_2021_beijing_18,history,"��������1787���������ܻ����ϣ����ݴ�����""ȫ��������""��������Ȩ���",HIST-G0-313,第二十五单元 19 世纪以来的世界文学艺术,0.143,HIST-G0-292,第三单元近代中国的民主革命,,HIST-G0-291,第二单元列强侵略与中国人民的反抗斗争,,,,,
9921,history_2021_beijing_19,history,"""��д��""����15-17���ͣ��������С��������ı仯����ͳ�滭������ͻ�ơ�����",HIST-G0-313,第二十五单元 19 世纪以来的世界文学艺术,0.143,HIST-G0-292,第三单元近代中国的民主革命,,HIST-G0-291,第二单元列强侵略与中国人民的反抗斗争,,,,,
9922,history_2021_beijing_20,history,��������ʷ��������һ ��ʯѧ�ԹŴ���ͭ����ʯ��Ϊ�о�����˾��Ǩд��ʷ�ǡ�ʱ���,HIST-G0-291,第二单元列强侵略与中国人民的反抗斗争,,HIST-G0-292,第三单元近代中国的民主革命,,HIST-G0-290,第一单元古代中国的政治制度,,,,,
1113,math_2022_beijing_7,math,"（3）设𝑃(𝑎𝑐𝑜𝑠𝜃,𝑏𝑠𝑖𝑛𝜃)， -- 15 of 20 -- 第16 页 | 共20 页 ",MATH-B1-315,第二章 基本初等函数(Ⅰ),,MATH-B1-316,第三章 函数的应用,,MATH-B1-314,第一章 集合与函数概念,,,,,
1114,math_2022_beijing_8,math,【小问 2 详解】 列联表 准点班次数 未准点班次数 合计 A 240 20 260 B 210 30 240 合计 4,MATH-B1-315,第二章 基本初等函数(Ⅰ),,MATH-B1-316,第三章 函数的应用,,MATH-B1-314,第一章 集合与函数概念,,,,,
1123,math_2022_beijing_20,math,一医疗团队为研究某地的一种地方性疾病与当地居民的卫生习惯（卫生习惯分为良好 和不够良好两类）的关系，在已患该疾病的病例中,MATH-B1-315,第二章 基本初等函数(Ⅰ),,MATH-B1-316,第三章 函数的应用,,MATH-B1-314,第一章 集合与函数概念,,,,,
1125,math_2023_beijing_3,math,[方法二：等体积法] 辅助线同方法一. 设点 C 到平面 1 C MA 的距离为 h .   1 2 1 1 1 1,MATH-B1-315,第二章 基本初等函数(Ⅰ),,MATH-B1-316,第三章 函数的应用,,MATH-B1-314,第一章 集合与函数概念,,,,,
1129,math_2023_beijing_10,math,噪声污染问题越来越受到重视．用声压级来度量声音的强弱，定义声压级 0 20 lg p p L p = ´ ，其中常数 的,MATH-B1-315,第二章 基本初等函数(Ⅰ),,MATH-B1-316,第三章 函数的应用,,MATH-B1-314,第一章 集合与函数概念,,,,,
1141,math_2024_beijing_2,math,"1, 0.01 x s = = ，所以   2.1, 0.1 Y N : ， 故       2 2.1",MATH-B1-315,第二章 基本初等函数(Ⅰ),,MATH-B1-316,第三章 函数的应用,,MATH-B1-314,第一章 集合与函数概念,,,,,
1143,math_2024_beijing_4,math,某农业研究部门在面积相等的 100 块稻田上种植一种新型水稻，得到各块稻田的亩产量（单位：kg）并 部分整理下表 亩产 ,MATH-B1-315,第二章 基本初等函数(Ⅰ),,MATH-B1-316,第三章 函数的应用,,MATH-B1-314,第一章 集合与函数概念,,,,,
1145,math_2024_beijing_6,math,"若 , m n 为两条不同的直线， a 为一个平面，则下列结论中正确的是（ ） -- 3 of 24 -- 第 4 页/",MATH-B1-315,第二章 基本初等函数(Ⅰ),,MATH-B1-316,第三章 函数的应用,,MATH-B1-314,第一章 集合与函数概念,,,,,
1146,math_2024_beijing_7,math,记水的质量为 1 ln S d n - = ，并且 d 越大，水质量越好．若 S 不变，且 1 2.1 d = ， 2 ,MATH-B1-315,第二章 基本初等函数(Ⅰ),,MATH-B1-316,第三章 函数的应用,,MATH-B1-314,第一章 集合与函数概念,,,,,
1148,math_2024_beijing_11,math,造型 可以做成美丽的丝带，将其看作图中曲线 C 的一部分.已知 C 过坐标原点 O.且 C 上的点满足横坐 标大于 2 ,MATH-B1-315,第二章 基本初等函数(Ⅰ),,MATH-B1-316,第三章 函数的应用,,MATH-B1-314,第一章 集合与函数概念,,,,,
1150,math_2024_beijing_13,math,已知 a 为第一象限角， b 为第三象限角， tan tan 4 a b + = ， tan tan 2 1 a b =,MATH-B1-315,第二章 基本初等函数(Ⅰ),,MATH-B1-316,第三章 函数的应用,,MATH-B1-314,第一章 集合与函数概念,,,,,
1154,math_2024_beijing_17,math,某工厂进行生产线智能化升级改造，升级改造后，从该工厂甲、乙两个车间的产品中随机抽取 150 件进 行检验，数据如下： 优,MATH-B1-315,第二章 基本初等函数(Ⅰ),,MATH-B1-316,第三章 函数的应用,,MATH-B1-314,第一章 集合与函数概念,,,,,
1159,math_2025_beijing_4,math,"096 10 ´ 个单位时所需时间分别为 1 2 3 , , T T T , 由题意， 6 1 2 2 10 6 10 ",MATH-B1-315,第二章 基本初等函数(Ⅰ),,MATH-B1-316,第三章 函数的应用,,MATH-B1-314,第一章 集合与函数概念,,,,,
1162,math_2025_beijing_9,math,"双 曲 线 2 2 2 2 1( 0, 0) x y a b a b - = > > 的 左 、 右 焦 点 分 别 为",MATH-B1-315,第二章 基本初等函数(Ⅰ),,MATH-B1-316,第三章 函数的应用,,MATH-B1-314,第一章 集合与函数概念,,,,,
1173,math_2025_beijing_21,math,"      1, 2,3, 4,5, 6, 7,8 , , , i i i i A M x y x A y ",MATH-B1-315,第二章 基本初等函数(Ⅰ),,MATH-B1-316,第三章 函数的应用,,MATH-B1-314,第一章 集合与函数概念,,,,,
4827,math_2010_zhejiang_001,math,（2010•浙江）设P={x|x＜1}，Q={x|x2＜4}，则P∩Q（ ）,MATH-B1-315,第二章 基本初等函数(Ⅰ),,MATH-B1-316,第三章 函数的应用,,MATH-B1-314,第一章 集合与函数概念,,,,,
4829,math_2010_zhejiang_003,math,（2010•浙江）设i为虚数单位，则=（ ）,MATH-B1-315,第二章 基本初等函数(Ⅰ),,MATH-B1-316,第三章 函数的应用,,MATH-B1-314,第一章 集合与函数概念,,,,,
4832,math_2010_zhejiang_006,math,（2010•浙江）设0＜x＜，则“x sin2x＜1”是“x sinx＜1”的（ ）,MATH-B1-315,第二章 基本初等函数(Ⅰ),,MATH-B1-316,第三章 函数的应用,,MATH-B1-314,第一章 集合与函数概念,,,,,
4842,math_2010_zhejiang_016,math,（2010•浙江）某商家一月份至五月份累计销售额达3860万元，预测六月份销售额为500万元，七月份销售额比六月份递增x,MATH-B1-315,第二章 基本初等函数(Ⅰ),,MATH-B1-316,第三章 函数的应用,,MATH-B1-314,第一章 集合与函数概念,,,,,
4844,math_2010_zhejiang_018,math,（2010•浙江）在△ABC中，角A，B，C所对的边分别为a，b，c，设S为△ABC的面积，满足． （Ⅰ）求角C的大小；,MATH-B1-315,第二章 基本初等函数(Ⅰ),,MATH-B1-316,第三章 函数的应用,,MATH-B1-314,第一章 集合与函数概念,,,,,
4850,math_2017_beijing_zk_002,math,0,MATH-B1-315,第二章 基本初等函数(Ⅰ),,MATH-B1-316,第三章 函数的应用,,MATH-B1-314,第一章 集合与函数概念,,,,,
4853,math_2017_beijing_zk_003,math,5 75 乙 78,MATH-B1-315,第二章 基本初等函数(Ⅰ),,MATH-B1-316,第三章 函数的应用,,MATH-B1-314,第一章 集合与函数概念,,,,,
4854,math_2017_beijing_zk_004,math,3,MATH-B1-315,第二章 基本初等函数(Ⅰ),,MATH-B1-316,第三章 函数的应用,,MATH-B1-314,第一章 集合与函数概念,,,,,
4858,math_2017_shanghai_003,math,若复数满足（是虚数单位），则 ；,MATH-B1-315,第二章 基本初等函数(Ⅰ),,MATH-B1-316,第三章 函数的应用,,MATH-B1-314,第一章 集合与函数概念,,,,,
4859,math_2017_shanghai_004,math,若，则 ；,MATH-B1-315,第二章 基本初等函数(Ⅰ),,MATH-B1-316,第三章 函数的应用,,MATH-B1-314,第一章 集合与函数概念,,,,,
4862,math_2017_shanghai_007,math,若、是圆上的动点，则的最大值为 ；,MATH-B1-315,第二章 基本初等函数(Ⅰ),,MATH-B1-316,第三章 函数的应用,,MATH-B1-314,第一章 集合与函数概念,,,,,
4864,math_2017_shanghai_009,math,若的二项展开式的各项系数之和为729，则该展开式中常数项的值为 ；,MATH-B1-315,第二章 基本初等函数(Ⅰ),,MATH-B1-316,第三章 函数的应用,,MATH-B1-314,第一章 集合与函数概念,,,,,
4866,math_2017_shanghai_011,math,设、、…、为1、2、3、4、5、6的一个排列，则满足 的不同排列的个数为 ；,MATH-B1-315,第二章 基本初等函数(Ⅰ),,MATH-B1-316,第三章 函数的应用,,MATH-B1-314,第一章 集合与函数概念,,,,,
4869,math_2017_shanghai_014,math,设，“”是“”的（ ）条件,MATH-B1-315,第二章 基本初等函数(Ⅰ),,MATH-B1-316,第三章 函数的应用,,MATH-B1-314,第一章 集合与函数概念,,,,,
4871,math_2017_shanghai_016,math,如图所示，正八边形的边长为2，若为该正八边形边上的动点， 则的取值范围为（ ） 三. 解答题（本大题共5题，共14+14,MATH-B1-315,第二章 基本初等函数(Ⅰ),,MATH-B1-316,第三章 函数的应用,,MATH-B1-314,第一章 集合与函数概念,,,,,
4874,math_2017_shanghai_019,math,某景区欲建造两条圆形观景步道、（宽度忽略不计），如图所示，已知 ，（单位：米），要求圆与、分别相切于 点、，圆与、分别相,MATH-B1-315,第二章 基本初等函数(Ⅰ),,MATH-B1-316,第三章 函数的应用,,MATH-B1-314,第一章 集合与函数概念,,,,,
4877,math_2017_shanghai_022,math,1 一. 填空题（本大题共12题，满分54分，第1~6题每题4分，第7~12题每题5分）,MATH-B1-315,第二章 基本初等函数(Ⅰ),,MATH-B1-316,第三章 函数的应用,,MATH-B1-314,第一章 集合与函数概念,,,,,
4881,math_2018_beijing_zk_004,math,被誉为“中国天眼”的世界上最大的单口径球面射电望远镜FAST的反射面总面积相当于35个标准足球场的总面积．已知每个标准足,MATH-B1-315,第二章 基本初等函数(Ⅰ),,MATH-B1-316,第三章 函数的应用,,MATH-B1-314,第一章 集合与函数概念,,,,,
4882,math_2018_beijing_zk_005,math,若正多边形的一个外角是，则该正多边形的内角和为（ ）,MATH-B1-315,第二章 基本初等函数(Ⅰ),,MATH-B1-316,第三章 函数的应用,,MATH-B1-314,第一章 集合与函数概念,,,,,
4883,math_2018_beijing_zk_006,math,如果，那么代数式的值为,MATH-B1-315,第二章 基本初等函数(Ⅰ),,MATH-B1-316,第三章 函数的应用,,MATH-B1-314,第一章 集合与函数概念,,,,,
4885,math_2018_beijing_zk_008,math,右图是老北京城一些地点的分布示意图．在图中，分别以正东、正北方向为轴、轴的正方向建立平面直角坐标系，有如下四个结论： ①,MATH-B1-315,第二章 基本初等函数(Ⅰ),,MATH-B1-316,第三章 函数的应用,,MATH-B1-314,第一章 集合与函数概念,,,,,
4888,math_2018_beijing_zk_011,math,用一组，，的值说明命题“若，则”是错误的，这组值可以是_____，______，_______．,MATH-B1-315,第二章 基本初等函数(Ⅰ),,MATH-B1-316,第三章 函数的应用,,MATH-B1-314,第一章 集合与函数概念,,,,,
4889,math_2018_beijing_zk_012,math,如图，点，，，在上，，，，则________．,MATH-B1-315,第二章 基本初等函数(Ⅰ),,MATH-B1-316,第三章 函数的应用,,MATH-B1-314,第一章 集合与函数概念,,,,,
4892,math_2018_beijing_zk_015,math,某公园划船项目收费标准如下： 船型 两人船 （限乘两人） 四人船 （限乘四人） 六人船 （限乘六人） 八人船 （限乘八人,MATH-B1-315,第二章 基本初等函数(Ⅰ),,MATH-B1-316,第三章 函数的应用,,MATH-B1-314,第一章 集合与函数概念,,,,,
4893,math_2018_beijing_zk_016,math,2017年，部分国家及经济体在全球的创新综合排名、创新产出排名和创新效率排名情况如图所示，中国创新综合排名全球第22，创,MATH-B1-315,第二章 基本初等函数(Ⅰ),,MATH-B1-316,第三章 函数的应用,,MATH-B1-314,第一章 集合与函数概念,,,,,
4895,math_2018_beijing_zk_018,math,计算：．,MATH-B1-315,第二章 基本初等函数(Ⅰ),,MATH-B1-316,第三章 函数的应用,,MATH-B1-314,第一章 集合与函数概念,,,,,
4902,math_2018_beijing_zk_025,math,某年级共有300名学生．为了解该年级学生A，B两门课程的学习情况，从中随机抽取60名学生进行测试，获得了他们的成绩（百分,MATH-B1-315,第二章 基本初等函数(Ⅰ),,MATH-B1-316,第三章 函数的应用,,MATH-B1-314,第一章 集合与函数概念,,,,,
4907,math_2018_shanghai_002,math,计算：____________,MATH-B1-315,第二章 基本初等函数(Ⅰ),,MATH-B1-316,第三章 函数的应用,,MATH-B1-314,第一章 集合与函数概念,,,,,
4909,math_2018_shanghai_004,math,若复数（i是虚数单位），则____________,MATH-B1-315,第二章 基本初等函数(Ⅰ),,MATH-B1-316,第三章 函数的应用,,MATH-B1-314,第一章 集合与函数概念,,,,,
4913,math_2018_shanghai_008,math,某校组队参加辩论赛，从6名学生中选出4人分别担任一、二、三、四辩，若其中学生甲必须参赛且不担任四辩，则不同的安排方法种数,MATH-B1-315,第二章 基本初等函数(Ⅰ),,MATH-B1-316,第三章 函数的应用,,MATH-B1-314,第一章 集合与函数概念,,,,,
4914,math_2018_shanghai_009,math,设，若与的二项展开式中的常数项相等，则____________,MATH-B1-315,第二章 基本初等函数(Ⅰ),,MATH-B1-316,第三章 函数的应用,,MATH-B1-314,第一章 集合与函数概念,,,,,
4921,math_2018_shanghai_016,math,已知A、B为平面上的两个定点，且，该平面上的动线段PQ的端点P、Q，满足，，，则动线段PQ所形成图形的面积为（ ） 三、,MATH-B1-315,第二章 基本初等函数(Ⅰ),,MATH-B1-316,第三章 函数的应用,,MATH-B1-314,第一章 集合与函数概念,,,,,
4927,math_2019_beijing_zk_001,math,96,MATH-B1-315,第二章 基本初等函数(Ⅰ),,MATH-B1-316,第三章 函数的应用,,MATH-B1-314,第一章 集合与函数概念,,,,,
4930,math_2019_beijing_zk_002,math,36,MATH-B1-315,第二章 基本初等函数(Ⅰ),,MATH-B1-316,第三章 函数的应用,,MATH-B1-314,第一章 集合与函数概念,,,,,
4934,math_2019_beijing_zk_003,math,00,MATH-B1-315,第二章 基本初等函数(Ⅰ),,MATH-B1-316,第三章 函数的应用,,MATH-B1-314,第一章 集合与函数概念,,,,,
4943,math_2019_beijing_zk_004,math,44,MATH-B1-315,第二章 基本初等函数(Ⅰ),,MATH-B1-316,第三章 函数的应用,,MATH-B1-314,第一章 集合与函数概念,,,,,
4948,math_2019_beijing_zk_005,math,00,MATH-B1-315,第二章 基本初等函数(Ⅰ),,MATH-B1-316,第三章 函数的应用,,MATH-B1-314,第一章 集合与函数概念,,,,,
4950,math_2019_beijing_zk_006,math,已知锐角如图，（1）在射线OA上取一点C，以点O为圆心，OC长为半径作，交射线OB于点D，连接CD；（2）分别以点C，D,MATH-B1-315,第二章 基本初等函数(Ⅰ),,MATH-B1-316,第三章 函数的应用,,MATH-B1-314,第一章 集合与函数概念,,,,,
4952,math_2019_beijing_zk_007,math,如果，那么代数式的值为 （ ）,MATH-B1-315,第二章 基本初等函数(Ⅰ),,MATH-B1-316,第三章 函数的应用,,MATH-B1-314,第一章 集合与函数概念,,,,,
4956,math_2019_beijing_zk_010,math,如图，已知，通过测量、计算得的面积约为 .（结果保留一位小数）,MATH-B1-315,第二章 基本初等函数(Ⅰ),,MATH-B1-316,第三章 函数的应用,,MATH-B1-314,第一章 集合与函数概念,,,,,
4959,math_2019_beijing_zk_013,math,在平面直角坐标系中，点在双曲线上.点关于轴的对称点在双曲线上，则的值为 .,MATH-B1-315,第二章 基本初等函数(Ⅰ),,MATH-B1-316,第三章 函数的应用,,MATH-B1-314,第一章 集合与函数概念,,,,,
4961,math_2019_beijing_zk_015,math,小天想要计算一组数据92，90，94，86，99，85的方差.在计算平均数的过程中，将这组数据中的每一个数都减去90，得,MATH-B1-315,第二章 基本初等函数(Ⅰ),,MATH-B1-316,第三章 函数的应用,,MATH-B1-314,第一章 集合与函数概念,,,,,
4963,math_2019_beijing_zk_017,math,计算：,MATH-B1-315,第二章 基本初等函数(Ⅰ),,MATH-B1-316,第三章 函数的应用,,MATH-B1-314,第一章 集合与函数概念,,,,,
4968,math_2019_beijing_zk_022,math,在平面内，给定不在同一直线上的点A，B，C，如图所示.点O到点A，B，C的距离均等于a（a为常数），到点O的距离等于a的,MATH-B1-315,第二章 基本初等函数(Ⅰ),,MATH-B1-316,第三章 函数的应用,,MATH-B1-314,第一章 集合与函数概念,,,,,
4969,math_2019_beijing_zk_023,math,小云想用7天的时间背诵若干首诗词，背诵计划如下： ①将诗词分成4组，第组有首，； ②对于第组诗词，第天背诵第一遍，第（）,MATH-B1-315,第二章 基本初等函数(Ⅰ),,MATH-B1-316,第三章 函数的应用,,MATH-B1-314,第一章 集合与函数概念,,,,,
4975,math_2019_shanghai_002,math,计算：,MATH-B1-315,第二章 基本初等函数(Ⅰ),,MATH-B1-316,第三章 函数的应用,,MATH-B1-314,第一章 集合与函数概念,,,,,
4978,math_2019_shanghai_005,math,设为虚数单位，，则的值为,MATH-B1-315,第二章 基本初等函数(Ⅰ),,MATH-B1-316,第三章 函数的应用,,MATH-B1-314,第一章 集合与函数概念,,,,,
4980,math_2019_shanghai_007,math,在的二项展开式中，常数项的值为,MATH-B1-315,第二章 基本初等函数(Ⅰ),,MATH-B1-316,第三章 函数的应用,,MATH-B1-314,第一章 集合与函数概念,,,,,
4981,math_2019_shanghai_008,math,在中，，，且，则,MATH-B1-315,第二章 基本初等函数(Ⅰ),,MATH-B1-316,第三章 函数的应用,,MATH-B1-314,第一章 集合与函数概念,,,,,
4982,math_2019_shanghai_009,math,首届中国国际进口博览会在上海举行，某高校拟派4人参与连续5天的志愿者活动，其 中甲连续参加2天，其余每人各参加1天，问有,MATH-B1-315,第二章 基本初等函数(Ⅰ),,MATH-B1-316,第三章 函数的应用,,MATH-B1-314,第一章 集合与函数概念,,,,,
4987,math_2019_shanghai_014,math,已知、，则“”是“”的（ ）,MATH-B1-315,第二章 基本初等函数(Ⅰ),,MATH-B1-316,第三章 函数的应用,,MATH-B1-314,第一章 集合与函数概念,,,,,
4989,math_2019_shanghai_016,math,平面直角坐标系中，两动圆、的圆心分别为、，且两圆均过定点， 两圆与y轴正半轴分别交于点、，若，点的轨迹为， 则所在的曲线,MATH-B1-315,第二章 基本初等函数(Ⅰ),,MATH-B1-316,第三章 函数的应用,,MATH-B1-314,第一章 集合与函数概念,,,,,
4992,math_2019_shanghai_019,math,改革开放40年，我国卫生事业取得巨大成就，卫生总费用增长了数十倍. 卫生总费用包 括个人现在支出、社会支出、政府支出，下,MATH-B1-315,第二章 基本初等函数(Ⅰ),,MATH-B1-316,第三章 函数的应用,,MATH-B1-314,第一章 集合与函数概念,,,,,
4993,math_2019_shanghai_020,math,已知抛物线，F为焦点，P为准线l上一动点，线段PF与抛物线交于点Q， 定义. （1）若点P坐标为，求； （2）求证：存在,MATH-B1-315,第二章 基本初等函数(Ⅰ),,MATH-B1-316,第三章 函数的应用,,MATH-B1-314,第一章 集合与函数概念,,,,,
4995,math_2019_shanghai_022,math,96 2015,MATH-B1-315,第二章 基本初等函数(Ⅰ),,MATH-B1-316,第三章 函数的应用,,MATH-B1-314,第一章 集合与函数概念,,,,,
5000,math_2019_shanghai_024,math,99,MATH-B1-315,第二章 基本初等函数(Ⅰ),,MATH-B1-316,第三章 函数的应用,,MATH-B1-314,第一章 集合与函数概念,,,,,
5001,math_2019_shanghai_025,math,88,MATH-B1-315,第二章 基本初等函数(Ⅰ),,MATH-B1-316,第三章 函数的应用,,MATH-B1-314,第一章 集合与函数概念,,,,,
5002,math_2019_shanghai_026,math,67,MATH-B1-315,第二章 基本初等函数(Ⅰ),,MATH-B1-316,第三章 函数的应用,,MATH-B1-314,第一章 集合与函数概念,,,,,
5004,math_2019_shanghai_027,math,05,MATH-B1-315,第二章 基本初等函数(Ⅰ),,MATH-B1-316,第三章 函数的应用,,MATH-B1-314,第一章 集合与函数概念,,,,,
5005,math_2019_shanghai_028,math,29,MATH-B1-315,第二章 基本初等函数(Ⅰ),,MATH-B1-316,第三章 函数的应用,,MATH-B1-314,第一章 集合与函数概念,,,,,
5006,math_2019_shanghai_029,math,01 一. 填空题（本大题共12题，满分54分，第1~6题每题4分，第7~12题每题5分）,MATH-B1-315,第二章 基本初等函数(Ⅰ),,MATH-B1-316,第三章 函数的应用,,MATH-B1-314,第一章 集合与函数概念,,,,,
5007,math_2019_shanghai_030,math,98,MATH-B1-315,第二章 基本初等函数(Ⅰ),,MATH-B1-316,第三章 函数的应用,,MATH-B1-314,第一章 集合与函数概念,,,,,
5008,math_2019_shanghai_031,math,81,MATH-B1-315,第二章 基本初等函数(Ⅰ),,MATH-B1-316,第三章 函数的应用,,MATH-B1-314,第一章 集合与函数概念,,,,,
5009,math_2019_shanghai_032,math,32 A,MATH-B1-315,第二章 基本初等函数(Ⅰ),,MATH-B1-316,第三章 函数的应用,,MATH-B1-314,第一章 集合与函数概念,,,,,
5010,math_2019_shanghai_033,math,70,MATH-B1-315,第二章 基本初等函数(Ⅰ),,MATH-B1-316,第三章 函数的应用,,MATH-B1-314,第一章 集合与函数概念,,,,,
5011,math_2019_shanghai_034,math,23,MATH-B1-315,第二章 基本初等函数(Ⅰ),,MATH-B1-316,第三章 函数的应用,,MATH-B1-314,第一章 集合与函数概念,,,,,
5012,math_2019_shanghai_035,math,34,MATH-B1-315,第二章 基本初等函数(Ⅰ),,MATH-B1-316,第三章 函数的应用,,MATH-B1-314,第一章 集合与函数概念,,,,,
5013,math_2019_shanghai_036,math,79,MATH-B1-315,第二章 基本初等函数(Ⅰ),,MATH-B1-316,第三章 函数的应用,,MATH-B1-314,第一章 集合与函数概念,,,,,
5014,math_2019_shanghai_037,math,65,MATH-B1-315,第二章 基本初等函数(Ⅰ),,MATH-B1-316,第三章 函数的应用,,MATH-B1-314,第一章 集合与函数概念,,,,,
5015,math_2019_shanghai_038,math,28,MATH-B1-315,第二章 基本初等函数(Ⅰ),,MATH-B1-316,第三章 函数的应用,,MATH-B1-314,第一章 集合与函数概念,,,,,
5016,math_2019_shanghai_039,math,75,MATH-B1-315,第二章 基本初等函数(Ⅰ),,MATH-B1-316,第三章 函数的应用,,MATH-B1-314,第一章 集合与函数概念,,,,,
5017,math_2019_shanghai_040,math,71,MATH-B1-315,第二章 基本初等函数(Ⅰ),,MATH-B1-316,第三章 函数的应用,,MATH-B1-314,第一章 集合与函数概念,,,,,
5018,math_2019_shanghai_041,math,00,MATH-B1-315,第二章 基本初等函数(Ⅰ),,MATH-B1-316,第三章 函数的应用,,MATH-B1-314,第一章 集合与函数概念,,,,,
5019,math_2019_shanghai_042,math,95,MATH-B1-315,第二章 基本初等函数(Ⅰ),,MATH-B1-316,第三章 函数的应用,,MATH-B1-314,第一章 集合与函数概念,,,,,
5020,math_2019_shanghai_043,math,40 B,MATH-B1-315,第二章 基本初等函数(Ⅰ),,MATH-B1-316,第三章 函数的应用,,MATH-B1-314,第一章 集合与函数概念,,,,,
5021,math_2019_shanghai_044,math,64,MATH-B1-315,第二章 基本初等函数(Ⅰ),,MATH-B1-316,第三章 函数的应用,,MATH-B1-314,第一章 集合与函数概念,,,,,
5025,math_2020_shanghai_004,math,已知复数 z满足 z 2z 6i ，则 z的实部为,MATH-B1-315,第二章 基本初等函数(Ⅰ),,MATH-B1-316,第三章 函数的应用,,MATH-B1-314,第一章 集合与函数概念,,,,,
5028,math_2020_shanghai_007,math,已知直线l : x ay 1，l : ax y 1，若l ∥l ，则l 与l 的距离为 1 2 1 2 1 2,MATH-B1-315,第二章 基本初等函数(Ⅰ),,MATH-B1-316,第三章 函数的应用,,MATH-B1-314,第一章 集合与函数概念,,,,,
5029,math_2020_shanghai_008,math,已知二项式(2x x)5 ，则展开式中 x3 的系数为   ,MATH-B1-315,第二章 基本初等函数(Ⅰ),,MATH-B1-316,第三章 函数的应用,,MATH-B1-314,第一章 集合与函数概念,,,,,
5031,math_2020_shanghai_010,math,"已知 A {3,2,1, 0,1, 2, 3}，a 、b A，则| a | | b|的情况有 种  ",MATH-B1-315,第二章 基本初等函数(Ⅰ),,MATH-B1-316,第三章 函数的应用,,MATH-B1-314,第一章 集合与函数概念,,,,,
5032,math_2020_shanghai_011,math,"已知 A 、 A 、 A 、 A 、 A 五个点，满足 A A A A 0（n 1, 2,3 ）， 1 2 3 4 5 ",MATH-B1-315,第二章 基本初等函数(Ⅰ),,MATH-B1-316,第三章 函数的应用,,MATH-B1-314,第一章 集合与函数概念,,,,,
5034,math_2020_shanghai_013,math,计算：lim （ ） 3 n1 5n1 n 5 3 5 B. C. 3,MATH-B1-315,第二章 基本初等函数(Ⅰ),,MATH-B1-316,第三章 函数的应用,,MATH-B1-314,第一章 集合与函数概念,,,,,
5036,math_2020_shanghai_015,math,已知椭圆 2 ） an an 1,MATH-B1-315,第二章 基本初等函数(Ⅰ),,MATH-B1-316,第三章 函数的应用,,MATH-B1-314,第一章 集合与函数概念,,,,,
5041,math_2020_shanghai_020,math,"已知抛物线 y x 上的动点M(x , y ) ，过 M 分别作两条直线交抛物线于 P、Q 两点， 2 0 0 交直线 ",MATH-B1-315,第二章 基本初等函数(Ⅰ),,MATH-B1-316,第三章 函数的应用,,MATH-B1-314,第一章 集合与函数概念,,,,,
5043,math_2020_shanghai_022,math,01 一. 填空题（本大题共 12 题，满分 54 分，第 1~6 题每题 4 分，第 7~12 题每题 5 分）,MATH-B1-315,第二章 基本初等函数(Ⅰ),,MATH-B1-316,第三章 函数的应用,,MATH-B1-314,第一章 集合与函数概念,,,,,
5044,math_2021_national_b_001,math,设，则（ ）,MATH-B1-315,第二章 基本初等函数(Ⅰ),,MATH-B1-316,第三章 函数的应用,,MATH-B1-314,第一章 集合与函数概念,,,,,
5046,math_2021_national_b_003,math,已知命题﹔命题﹐，则下列命题中为真命题的是（ ）,MATH-B1-315,第二章 基本初等函数(Ⅰ),,MATH-B1-316,第三章 函数的应用,,MATH-B1-314,第一章 集合与函数概念,,,,,
5049,math_2021_national_b_006,math,将5名北京冬奥会志愿者分配到花样滑冰、短道速滑、冰球和冰壶4个项目进行培训，每名志愿者只分配到1个项目，每个项目至少分配,MATH-B1-315,第二章 基本初等函数(Ⅰ),,MATH-B1-316,第三章 函数的应用,,MATH-B1-314,第一章 集合与函数概念,,,,,
5052,math_2021_national_b_009,math,8,MATH-B1-315,第二章 基本初等函数(Ⅰ),,MATH-B1-316,第三章 函数的应用,,MATH-B1-314,第一章 集合与函数概念,,,,,
5065,math_2021_national_b_011,math,设是椭圆上顶点，若上的任意一点都满足，则的离心率的取值范围是（ ）,MATH-B1-315,第二章 基本初等函数(Ⅰ),,MATH-B1-316,第三章 函数的应用,,MATH-B1-314,第一章 集合与函数概念,,,,,
5066,math_2021_national_b_012,math,设，，．则（ ） 二、填空题：本题共4小题，每小题5分，共20分．,MATH-B1-315,第二章 基本初等函数(Ⅰ),,MATH-B1-316,第三章 函数的应用,,MATH-B1-314,第一章 集合与函数概念,,,,,
5067,math_2021_national_b_013,math,已知双曲线的一条渐近线为，则C的焦距为_________．,MATH-B1-315,第二章 基本初等函数(Ⅰ),,MATH-B1-316,第三章 函数的应用,,MATH-B1-314,第一章 集合与函数概念,,,,,
5069,math_2021_national_b_015,math,记的内角A，B，C的对边分别为a，b，c，面积为，，，则________．,MATH-B1-315,第二章 基本初等函数(Ⅰ),,MATH-B1-316,第三章 函数的应用,,MATH-B1-314,第一章 集合与函数概念,,,,,
5071,math_2021_national_b_017,math,某厂研制了一种生产高精产品的设备，为检验新设备生产产品的某项指标有无提高，用一台旧设备和一台新设备各生产了10件产品，得,MATH-B1-315,第二章 基本初等函数(Ⅰ),,MATH-B1-316,第三章 函数的应用,,MATH-B1-314,第一章 集合与函数概念,,,,,
5078,math_2022_national_b_001,math,51,MATH-B1-315,第二章 基本初等函数(Ⅰ),,MATH-B1-316,第三章 函数的应用,,MATH-B1-314,第一章 集合与函数概念,,,,,
5099,math_2022_national_b_006,math,设F为抛物线的焦点，点A在C上，点，若，则（ ）,MATH-B1-315,第二章 基本初等函数(Ⅰ),,MATH-B1-316,第三章 函数的应用,,MATH-B1-314,第一章 集合与函数概念,,,,,
5111,math_2022_national_b_018,math,记的内角的对边分别为，已知． （1）证明：； （2）若，求的周长．,MATH-B1-315,第二章 基本初等函数(Ⅰ),,MATH-B1-316,第三章 函数的应用,,MATH-B1-314,第一章 集合与函数概念,,,,,
5113,math_2022_national_b_020,math,某地经过多年环境治理，已将荒山改造成了绿水青山．为估计一林区某种树木的总材积量，随机选取了10棵这种树木，测量每棵树的根,MATH-B1-315,第二章 基本初等函数(Ⅰ),,MATH-B1-316,第三章 函数的应用,,MATH-B1-314,第一章 集合与函数概念,,,,,
5117,math_2022_national_b_024,math,已知a，b，c都是正数，且，证明： （1）； （2）；,MATH-B1-315,第二章 基本初等函数(Ⅰ),,MATH-B1-316,第三章 函数的应用,,MATH-B1-314,第一章 集合与函数概念,,,,,
5119,math_2024_shanghai_002,math,已知则______．,MATH-B1-315,第二章 基本初等函数(Ⅰ),,MATH-B1-316,第三章 函数的应用,,MATH-B1-314,第一章 集合与函数概念,,,,,
5122,math_2024_shanghai_005,math,已知，且，则的值为______．,MATH-B1-315,第二章 基本初等函数(Ⅰ),,MATH-B1-316,第三章 函数的应用,,MATH-B1-314,第一章 集合与函数概念,,,,,
5123,math_2024_shanghai_006,math,在的二项展开式中，若各项系数和为32，则项的系数为______．,MATH-B1-315,第二章 基本初等函数(Ⅰ),,MATH-B1-316,第三章 函数的应用,,MATH-B1-314,第一章 集合与函数概念,,,,,
5124,math_2024_shanghai_007,math,已知抛物线上有一点到准线的距离为9，那么点到轴的距离为______．,MATH-B1-315,第二章 基本初等函数(Ⅰ),,MATH-B1-316,第三章 函数的应用,,MATH-B1-314,第一章 集合与函数概念,,,,,
5125,math_2024_shanghai_008,math,某校举办科学竞技比赛，有3种题库，题库有5000道题，题库有4000道题，题库有3000道题．小申已完成所有题，他题库的,MATH-B1-315,第二章 基本初等函数(Ⅰ),,MATH-B1-316,第三章 函数的应用,,MATH-B1-314,第一章 集合与函数概念,,,,,
5128,math_2024_shanghai_011,math,"已知点B在点C正北方向，点D在点C的正东方向，,存在点A满足，则______(精确到0.1度)",MATH-B1-315,第二章 基本初等函数(Ⅰ),,MATH-B1-316,第三章 函数的应用,,MATH-B1-314,第一章 集合与函数概念,,,,,
5130,math_2024_shanghai_013,math,已知气候温度和海水表层温度相关，且相关系数为正数，对此描述正确的是（ ）,MATH-B1-315,第二章 基本初等函数(Ⅰ),,MATH-B1-316,第三章 函数的应用,,MATH-B1-314,第一章 集合与函数概念,,,,,
5136,math_2024_shanghai_019,math,为了解某地初中学生体育锻炼时长与学业成绩的关系，从该地区29000名学生中抽取580人，得到日均体育锻炼时长与学业成绩的,MATH-B1-315,第二章 基本初等函数(Ⅰ),,MATH-B1-316,第三章 函数的应用,,MATH-B1-314,第一章 集合与函数概念,,,,,
5139,math_2024_shanghai_022,math,06 一、填空题（本大题共有12题，满分54分.其中第1-6题每题4分，第7-12题每题满分5分)考生应在答题纸相应编号,MATH-B1-315,第二章 基本初等函数(Ⅰ),,MATH-B1-316,第三章 函数的应用,,MATH-B1-314,第一章 集合与函数概念,,,,,
5143,math_2024_tianjin_003,math,下列图中，相关性系数最大的是（ ）,MATH-B1-315,第二章 基本初等函数(Ⅰ),,MATH-B1-316,第三章 函数的应用,,MATH-B1-314,第一章 集合与函数概念,,,,,
5145,math_2024_tianjin_005,math,若，则的大小关系为（ ）,MATH-B1-315,第二章 基本初等函数(Ⅰ),,MATH-B1-316,第三章 函数的应用,,MATH-B1-314,第一章 集合与函数概念,,,,,
5146,math_2024_tianjin_006,math,若为两条不同的直线，为一个平面，则下列结论中正确的是（ ）,MATH-B1-315,第二章 基本初等函数(Ⅰ),,MATH-B1-316,第三章 函数的应用,,MATH-B1-314,第一章 集合与函数概念,,,,,
5149,math_2024_tianjin_009,math,一个五面体．已知，且两两之间距离为1．并已知．则该五面体的体积为（ ）,MATH-B1-315,第二章 基本初等函数(Ⅰ),,MATH-B1-316,第三章 函数的应用,,MATH-B1-314,第一章 集合与函数概念,,,,,
5150,math_2024_tianjin_010,math,已知是虚数单位，复数______．,MATH-B1-315,第二章 基本初等函数(Ⅰ),,MATH-B1-316,第三章 函数的应用,,MATH-B1-314,第一章 集合与函数概念,,,,,
5151,math_2024_tianjin_011,math,在的展开式中，常数项为______．,MATH-B1-315,第二章 基本初等函数(Ⅰ),,MATH-B1-316,第三章 函数的应用,,MATH-B1-314,第一章 集合与函数概念,,,,,
5152,math_2024_tianjin_012,math,的圆心与抛物线的焦点重合，为两曲线的交点，则原点到直线的距离为______．,MATH-B1-315,第二章 基本初等函数(Ⅰ),,MATH-B1-316,第三章 函数的应用,,MATH-B1-314,第一章 集合与函数概念,,,,,
5156,math_2024_tianjin_016,math,在中，． （1）求； （2）求； （3）求．,MATH-B1-315,第二章 基本初等函数(Ⅰ),,MATH-B1-316,第三章 函数的应用,,MATH-B1-314,第一章 集合与函数概念,,,,,
5161,math_2025_anhui_001,math,样本数据2，8，14，16，20的平均数为（ ）,MATH-B1-315,第二章 基本初等函数(Ⅰ),,MATH-B1-316,第三章 函数的应用,,MATH-B1-314,第一章 集合与函数概念,,,,,
5163,math_2025_anhui_002,math,已知，则（ ）,MATH-B1-315,第二章 基本初等函数(Ⅰ),,MATH-B1-316,第三章 函数的应用,,MATH-B1-314,第一章 集合与函数概念,,,,,
5165,math_2025_anhui_003,math,考试结束后，本试卷和答题卡一并交回. 一、单选题：本题共8小题，每小题5分，共40分.在每小题给出的选项中，只有一项是符,MATH-B1-315,第二章 基本初等函数(Ⅰ),,MATH-B1-316,第三章 函数的应用,,MATH-B1-314,第一章 集合与函数概念,,,,,
5168,math_2025_anhui_005,math,在中，，，，则（ ）,MATH-B1-315,第二章 基本初等函数(Ⅰ),,MATH-B1-316,第三章 函数的应用,,MATH-B1-314,第一章 集合与函数概念,,,,,
5171,math_2025_anhui_008,math,已知，，则（ ） 二、多选题：本题共3小题，共18分.在每小题给出的选项中，有多项符合题目要求.,MATH-B1-315,第二章 基本初等函数(Ⅰ),,MATH-B1-316,第三章 函数的应用,,MATH-B1-314,第一章 集合与函数概念,,,,,
5174,math_2025_anhui_011,math,双曲线的左、右焦点分别是，左、右顶点分别为，以为直径的圆与C的一条渐近线交于M、N两点，且，则（ ） 三、填空题：本题共,MATH-B1-315,第二章 基本初等函数(Ⅰ),,MATH-B1-316,第三章 函数的应用,,MATH-B1-314,第一章 集合与函数概念,,,,,
5182,math_2025_fujian_001,math,001,MATH-B1-315,第二章 基本初等函数(Ⅰ),,MATH-B1-316,第三章 函数的应用,,MATH-B1-314,第一章 集合与函数概念,,,,,
5184,math_2025_fujian_002,math,1~3.3 轻风 3,MATH-B1-315,第二章 基本初等函数(Ⅰ),,MATH-B1-316,第三章 函数的应用,,MATH-B1-314,第一章 集合与函数概念,,,,,
5187,math_2025_fujian_003,math,选择题每小题选出答案后，用2B铅笔把答题卡上对应的题目选项的答案信息点涂黑：如需改动，用橡皮擦干净后，再填涂其他答案.答,MATH-B1-315,第二章 基本初等函数(Ⅰ),,MATH-B1-316,第三章 函数的应用,,MATH-B1-314,第一章 集合与函数概念,,,,,
5189,math_2025_fujian_004,math,841,MATH-B1-315,第二章 基本初等函数(Ⅰ),,MATH-B1-316,第三章 函数的应用,,MATH-B1-314,第一章 集合与函数概念,,,,,
5194,math_2025_fujian_006,math,5~7.9 和风 5,MATH-B1-315,第二章 基本初等函数(Ⅰ),,MATH-B1-316,第三章 函数的应用,,MATH-B1-314,第一章 集合与函数概念,,,,,
5196,math_2025_fujian_007,math,635,MATH-B1-315,第二章 基本初等函数(Ⅰ),,MATH-B1-316,第三章 函数的应用,,MATH-B1-314,第一章 集合与函数概念,,,,,
5198,math_2025_fujian_008,math,若圆上到直线距离为1的点有且仅有2个，则r的取值范围是（ ）,MATH-B1-315,第二章 基本初等函数(Ⅰ),,MATH-B1-316,第三章 函数的应用,,MATH-B1-314,第一章 集合与函数概念,,,,,
5202,math_2025_fujian_011,math,828,MATH-B1-315,第二章 基本初等函数(Ⅰ),,MATH-B1-316,第三章 函数的应用,,MATH-B1-314,第一章 集合与函数概念,,,,,
5204,math_2025_fujian_012,math,已知的面积为，若，则（ ） 三、填空题：本大题共3小题，每小题5分，共计15分.,MATH-B1-315,第二章 基本初等函数(Ⅰ),,MATH-B1-316,第三章 函数的应用,,MATH-B1-314,第一章 集合与函数概念,,,,,
5207,math_2025_fujian_015,math,一个箱子里有5个相同的球，分别以1~5标号，若有放回地取三次，记至少取出一次的球的个数X，则数学期望_________.,MATH-B1-315,第二章 基本初等函数(Ⅰ),,MATH-B1-316,第三章 函数的应用,,MATH-B1-314,第一章 集合与函数概念,,,,,
5213,math_2025_guangdong_001,math,001,MATH-B1-315,第二章 基本初等函数(Ⅰ),,MATH-B1-316,第三章 函数的应用,,MATH-B1-314,第一章 集合与函数概念,,,,,
5215,math_2025_guangdong_002,math,1~3.3 轻风 3,MATH-B1-315,第二章 基本初等函数(Ⅰ),,MATH-B1-316,第三章 函数的应用,,MATH-B1-314,第一章 集合与函数概念,,,,,
5218,math_2025_guangdong_003,math,选择题每小题选出答案后，用2B铅笔把答题卡上对应的题目选项的答案信息点涂黑：如需改动，用橡皮擦干净后，再填涂其他答案.答,MATH-B1-315,第二章 基本初等函数(Ⅰ),,MATH-B1-316,第三章 函数的应用,,MATH-B1-314,第一章 集合与函数概念,,,,,
5220,math_2025_guangdong_004,math,4~5.4 微风 4,MATH-B1-315,第二章 基本初等函数(Ⅰ),,MATH-B1-316,第三章 函数的应用,,MATH-B1-314,第一章 集合与函数概念,,,,,
5225,math_2025_guangdong_006,math,5~7.9 和风 5,MATH-B1-315,第二章 基本初等函数(Ⅰ),,MATH-B1-316,第三章 函数的应用,,MATH-B1-314,第一章 集合与函数概念,,,,,
5229,math_2025_guangdong_008,math,若圆上到直线距离为1的点有且仅有2个，则r的取值范围是（ ）,MATH-B1-315,第二章 基本初等函数(Ⅰ),,MATH-B1-316,第三章 函数的应用,,MATH-B1-314,第一章 集合与函数概念,,,,,
5233,math_2025_guangdong_011,math,828,MATH-B1-315,第二章 基本初等函数(Ⅰ),,MATH-B1-316,第三章 函数的应用,,MATH-B1-314,第一章 集合与函数概念,,,,,
5235,math_2025_guangdong_012,math,已知的面积为，若，则（ ） 三、填空题：本大题共3小题，每小题5分，共计15分.,MATH-B1-315,第二章 基本初等函数(Ⅰ),,MATH-B1-316,第三章 函数的应用,,MATH-B1-314,第一章 集合与函数概念,,,,,
5238,math_2025_guangdong_015,math,一个箱子里有5个相同的球，分别以1~5标号，若有放回地取三次，记至少取出一次的球的个数X，则数学期望_________.,MATH-B1-315,第二章 基本初等函数(Ⅰ),,MATH-B1-316,第三章 函数的应用,,MATH-B1-314,第一章 集合与函数概念,,,,,
5244,math_2025_hebei_001,math,001,MATH-B1-315,第二章 基本初等函数(Ⅰ),,MATH-B1-316,第三章 函数的应用,,MATH-B1-314,第一章 集合与函数概念,,,,,
5246,math_2025_hebei_002,math,答卷前，考生务必用黑色字迹的钢笔或签字笔将自己的姓名和考生号，试室号，座位号填写在答题卡上.用2B铅笔将试卷类型和考生号,MATH-B1-315,第二章 基本初等函数(Ⅰ),,MATH-B1-316,第三章 函数的应用,,MATH-B1-314,第一章 集合与函数概念,,,,,
5251,math_2025_hebei_004,math,4~5.4 微风 4,MATH-B1-315,第二章 基本初等函数(Ⅰ),,MATH-B1-316,第三章 函数的应用,,MATH-B1-314,第一章 集合与函数概念,,,,,
5256,math_2025_hebei_006,math,5~7.9 和风 5,MATH-B1-315,第二章 基本初等函数(Ⅰ),,MATH-B1-316,第三章 函数的应用,,MATH-B1-314,第一章 集合与函数概念,,,,,
5258,math_2025_hebei_007,math,635,MATH-B1-315,第二章 基本初等函数(Ⅰ),,MATH-B1-316,第三章 函数的应用,,MATH-B1-314,第一章 集合与函数概念,,,,,
5260,math_2025_hebei_008,math,若圆上到直线距离为1的点有且仅有2个，则r的取值范围是（ ）,MATH-B1-315,第二章 基本初等函数(Ⅰ),,MATH-B1-316,第三章 函数的应用,,MATH-B1-314,第一章 集合与函数概念,,,,,
5266,math_2025_hebei_012,math,已知的面积为，若，则（ ） 三、填空题：本大题共3小题，每小题5分，共计15分.,MATH-B1-315,第二章 基本初等函数(Ⅰ),,MATH-B1-316,第三章 函数的应用,,MATH-B1-314,第一章 集合与函数概念,,,,,
5269,math_2025_hebei_015,math,一个箱子里有5个相同的球，分别以1~5标号，若有放回地取三次，记至少取出一次的球的个数X，则数学期望_________.,MATH-B1-315,第二章 基本初等函数(Ⅰ),,MATH-B1-316,第三章 函数的应用,,MATH-B1-314,第一章 集合与函数概念,,,,,
5275,math_2025_hubei_001,math,005 0010,MATH-B1-315,第二章 基本初等函数(Ⅰ),,MATH-B1-316,第三章 函数的应用,,MATH-B1-314,第一章 集合与函数概念,,,,,
5277,math_2025_hubei_002,math,1~3.3 轻风 3,MATH-B1-315,第二章 基本初等函数(Ⅰ),,MATH-B1-316,第三章 函数的应用,,MATH-B1-314,第一章 集合与函数概念,,,,,
5282,math_2025_hubei_004,math,非选择题必须用黑色字迹的钢笔或签字笔作答，答案必须写在答题卡各题目指定区域内相应位置上：如需改动，先划掉原来的答案，然后,MATH-B1-315,第二章 基本初等函数(Ⅰ),,MATH-B1-316,第三章 函数的应用,,MATH-B1-314,第一章 集合与函数概念,,,,,
5287,math_2025_hubei_006,math,5~7.9 和风 5,MATH-B1-315,第二章 基本初等函数(Ⅰ),,MATH-B1-316,第三章 函数的应用,,MATH-B1-314,第一章 集合与函数概念,,,,,
5289,math_2025_hubei_007,math,635,MATH-B1-315,第二章 基本初等函数(Ⅰ),,MATH-B1-316,第三章 函数的应用,,MATH-B1-314,第一章 集合与函数概念,,,,,
5291,math_2025_hubei_008,math,若圆上到直线距离为1的点有且仅有2个，则r的取值范围是（ ）,MATH-B1-315,第二章 基本初等函数(Ⅰ),,MATH-B1-316,第三章 函数的应用,,MATH-B1-314,第一章 集合与函数概念,,,,,
5292,math_2025_hubei_009,math,0~10.1 劲风,MATH-B1-315,第二章 基本初等函数(Ⅰ),,MATH-B1-316,第三章 函数的应用,,MATH-B1-314,第一章 集合与函数概念,,,,,
5295,math_2025_hubei_011,math,828,MATH-B1-315,第二章 基本初等函数(Ⅰ),,MATH-B1-316,第三章 函数的应用,,MATH-B1-314,第一章 集合与函数概念,,,,,
5297,math_2025_hubei_012,math,已知的面积为，若，则（ ） 三、填空题：本大题共3小题，每小题5分，共计15分.,MATH-B1-315,第二章 基本初等函数(Ⅰ),,MATH-B1-316,第三章 函数的应用,,MATH-B1-314,第一章 集合与函数概念,,,,,
5300,math_2025_hubei_015,math,一个箱子里有5个相同的球，分别以1~5标号，若有放回地取三次，记至少取出一次的球的个数X，则数学期望_________.,MATH-B1-315,第二章 基本初等函数(Ⅰ),,MATH-B1-316,第三章 函数的应用,,MATH-B1-314,第一章 集合与函数概念,,,,,
5306,math_2025_hunan_001,math,005 0010,MATH-B1-315,第二章 基本初等函数(Ⅰ),,MATH-B1-316,第三章 函数的应用,,MATH-B1-314,第一章 集合与函数概念,,,,,
5308,math_2025_hunan_002,math,答卷前，考生务必用黑色字迹的钢笔或签字笔将自己的姓名和考生号，试室号，座位号填写在答题卡上.用2B铅笔将试卷类型和考生号,MATH-B1-315,第二章 基本初等函数(Ⅰ),,MATH-B1-316,第三章 函数的应用,,MATH-B1-314,第一章 集合与函数概念,,,,,
5313,math_2025_hunan_004,math,非选择题必须用黑色字迹的钢笔或签字笔作答，答案必须写在答题卡各题目指定区域内相应位置上：如需改动，先划掉原来的答案，然后,MATH-B1-315,第二章 基本初等函数(Ⅰ),,MATH-B1-316,第三章 函数的应用,,MATH-B1-314,第一章 集合与函数概念,,,,,
5322,math_2025_hunan_008,math,若圆上到直线距离为1的点有且仅有2个，则r的取值范围是（ ）,MATH-B1-315,第二章 基本初等函数(Ⅰ),,MATH-B1-316,第三章 函数的应用,,MATH-B1-314,第一章 集合与函数概念,,,,,
5328,math_2025_hunan_012,math,已知的面积为，若，则（ ） 三、填空题：本大题共3小题，每小题5分，共计15分.,MATH-B1-315,第二章 基本初等函数(Ⅰ),,MATH-B1-316,第三章 函数的应用,,MATH-B1-314,第一章 集合与函数概念,,,,,
5331,math_2025_hunan_015,math,一个箱子里有5个相同的球，分别以1~5标号，若有放回地取三次，记至少取出一次的球的个数X，则数学期望_________.,MATH-B1-315,第二章 基本初等函数(Ⅰ),,MATH-B1-316,第三章 函数的应用,,MATH-B1-314,第一章 集合与函数概念,,,,,
5337,math_2025_jiangsu_001,math,001,MATH-B1-315,第二章 基本初等函数(Ⅰ),,MATH-B1-316,第三章 函数的应用,,MATH-B1-314,第一章 集合与函数概念,,,,,
5339,math_2025_jiangsu_002,math,1~3.3 轻风 3,MATH-B1-315,第二章 基本初等函数(Ⅰ),,MATH-B1-316,第三章 函数的应用,,MATH-B1-314,第一章 集合与函数概念,,,,,
5342,math_2025_jiangsu_003,math,选择题每小题选出答案后，用2B铅笔把答题卡上对应的题目选项的答案信息点涂黑：如需改动，用橡皮擦干净后，再填涂其他答案.答,MATH-B1-315,第二章 基本初等函数(Ⅰ),,MATH-B1-316,第三章 函数的应用,,MATH-B1-314,第一章 集合与函数概念,,,,,
5344,math_2025_jiangsu_004,math,4~5.4 微风 4,MATH-B1-315,第二章 基本初等函数(Ⅰ),,MATH-B1-316,第三章 函数的应用,,MATH-B1-314,第一章 集合与函数概念,,,,,
5353,math_2025_jiangsu_008,math,若圆上到直线距离为1的点有且仅有2个，则r的取值范围是（ ）,MATH-B1-315,第二章 基本初等函数(Ⅰ),,MATH-B1-316,第三章 函数的应用,,MATH-B1-314,第一章 集合与函数概念,,,,,
5357,math_2025_jiangsu_011,math,828,MATH-B1-315,第二章 基本初等函数(Ⅰ),,MATH-B1-316,第三章 函数的应用,,MATH-B1-314,第一章 集合与函数概念,,,,,
5359,math_2025_jiangsu_012,math,已知的面积为，若，则（ ） 三、填空题：本大题共3小题，每小题5分，共计15分.,MATH-B1-315,第二章 基本初等函数(Ⅰ),,MATH-B1-316,第三章 函数的应用,,MATH-B1-314,第一章 集合与函数概念,,,,,
5362,math_2025_jiangsu_015,math,一个箱子里有5个相同的球，分别以1~5标号，若有放回地取三次，记至少取出一次的球的个数X，则数学期望_________.,MATH-B1-315,第二章 基本初等函数(Ⅰ),,MATH-B1-316,第三章 函数的应用,,MATH-B1-314,第一章 集合与函数概念,,,,,
5368,math_2025_new_gaokao_i_001,math,001,MATH-B1-315,第二章 基本初等函数(Ⅰ),,MATH-B1-316,第三章 函数的应用,,MATH-B1-314,第一章 集合与函数概念,,,,,
5371,math_2025_new_gaokao_i_002,math,的虚部为（ ）,MATH-B1-315,第二章 基本初等函数(Ⅰ),,MATH-B1-316,第三章 函数的应用,,MATH-B1-314,第一章 集合与函数概念,,,,,
5376,math_2025_new_gaokao_i_004,math,4~5.4 微风 4,MATH-B1-315,第二章 基本初等函数(Ⅰ),,MATH-B1-316,第三章 函数的应用,,MATH-B1-314,第一章 集合与函数概念,,,,,
5383,math_2025_new_gaokao_i_007,math,635,MATH-B1-315,第二章 基本初等函数(Ⅰ),,MATH-B1-316,第三章 函数的应用,,MATH-B1-314,第一章 集合与函数概念,,,,,
5385,math_2025_new_gaokao_i_008,math,若圆上到直线的距离为1的点有且仅有2个，则r的取值范围是（ ）,MATH-B1-315,第二章 基本初等函数(Ⅰ),,MATH-B1-316,第三章 函数的应用,,MATH-B1-314,第一章 集合与函数概念,,,,,
5386,math_2025_new_gaokao_i_009,math,0~10.1 劲风,MATH-B1-315,第二章 基本初等函数(Ⅰ),,MATH-B1-316,第三章 函数的应用,,MATH-B1-314,第一章 集合与函数概念,,,,,
5391,math_2025_new_gaokao_i_012,math,已知的面积为，若，则（ ） 三、填空题：本大题共3小题，每小题5分，共计15分.,MATH-B1-315,第二章 基本初等函数(Ⅰ),,MATH-B1-316,第三章 函数的应用,,MATH-B1-314,第一章 集合与函数概念,,,,,
5394,math_2025_new_gaokao_i_015,math,一个箱子里有5个相同的球，分别以1~5标号，若有放回地取三次，记至少取出一次的球的个数X，则数学期望_________.,MATH-B1-315,第二章 基本初等函数(Ⅰ),,MATH-B1-316,第三章 函数的应用,,MATH-B1-314,第一章 集合与函数概念,,,,,
5399,math_2025_shandong_001,math,005 0010,MATH-B1-315,第二章 基本初等函数(Ⅰ),,MATH-B1-316,第三章 函数的应用,,MATH-B1-314,第一章 集合与函数概念,,,,,
5401,math_2025_shandong_002,math,答卷前，考生务必用黑色字迹的钢笔或签字笔将自己的姓名和考生号，试室号，座位号填写在答题卡上.用2B铅笔将试卷类型和考生号,MATH-B1-315,第二章 基本初等函数(Ⅰ),,MATH-B1-316,第三章 函数的应用,,MATH-B1-314,第一章 集合与函数概念,,,,,
5406,math_2025_shandong_004,math,非选择题必须用黑色字迹的钢笔或签字笔作答，答案必须写在答题卡各题目指定区域内相应位置上：如需改动，先划掉原来的答案，然后,MATH-B1-315,第二章 基本初等函数(Ⅰ),,MATH-B1-316,第三章 函数的应用,,MATH-B1-314,第一章 集合与函数概念,,,,,
5411,math_2025_shandong_006,math,5~7.9 和风 5,MATH-B1-315,第二章 基本初等函数(Ⅰ),,MATH-B1-316,第三章 函数的应用,,MATH-B1-314,第一章 集合与函数概念,,,,,
5415,math_2025_shandong_008,math,若圆上到直线距离为1的点有且仅有2个，则r的取值范围是（ ）,MATH-B1-315,第二章 基本初等函数(Ⅰ),,MATH-B1-316,第三章 函数的应用,,MATH-B1-314,第一章 集合与函数概念,,,,,
5419,math_2025_shandong_011,math,828,MATH-B1-315,第二章 基本初等函数(Ⅰ),,MATH-B1-316,第三章 函数的应用,,MATH-B1-314,第一章 集合与函数概念,,,,,
5421,math_2025_shandong_012,math,已知的面积为，若，则（ ） 三、填空题：本大题共3小题，每小题5分，共计15分.,MATH-B1-315,第二章 基本初等函数(Ⅰ),,MATH-B1-316,第三章 函数的应用,,MATH-B1-314,第一章 集合与函数概念,,,,,
5424,math_2025_shandong_015,math,一个箱子里有5个相同的球，分别以1~5标号，若有放回地取三次，记至少取出一次的球的个数X，则数学期望_________.,MATH-B1-315,第二章 基本初等函数(Ⅰ),,MATH-B1-316,第三章 函数的应用,,MATH-B1-314,第一章 集合与函数概念,,,,,
5430,math_2025_zhejiang_001,math,005 0010,MATH-B1-315,第二章 基本初等函数(Ⅰ),,MATH-B1-316,第三章 函数的应用,,MATH-B1-314,第一章 集合与函数概念,,,,,
5432,math_2025_zhejiang_002,math,答卷前，考生务必用黑色字迹的钢笔或签字笔将自己的姓名和考生号，试室号，座位号填写在答题卡上.用2B铅笔将试卷类型和考生号,MATH-B1-315,第二章 基本初等函数(Ⅰ),,MATH-B1-316,第三章 函数的应用,,MATH-B1-314,第一章 集合与函数概念,,,,,
5435,math_2025_zhejiang_003,math,选择题每小题选出答案后，用2B铅笔把答题卡上对应的题目选项的答案信息点涂黑：如需改动，用橡皮擦干净后，再填涂其他答案.答,MATH-B1-315,第二章 基本初等函数(Ⅰ),,MATH-B1-316,第三章 函数的应用,,MATH-B1-314,第一章 集合与函数概念,,,,,
5437,math_2025_zhejiang_004,math,若双曲线C的虚轴长为实轴长的倍，则C的离心率为（ ）,MATH-B1-315,第二章 基本初等函数(Ⅰ),,MATH-B1-316,第三章 函数的应用,,MATH-B1-314,第一章 集合与函数概念,,,,,
5442,math_2025_zhejiang_006,math,5~7.9 和风 5,MATH-B1-315,第二章 基本初等函数(Ⅰ),,MATH-B1-316,第三章 函数的应用,,MATH-B1-314,第一章 集合与函数概念,,,,,
5444,math_2025_zhejiang_007,math,635,MATH-B1-315,第二章 基本初等函数(Ⅰ),,MATH-B1-316,第三章 函数的应用,,MATH-B1-314,第一章 集合与函数概念,,,,,
5446,math_2025_zhejiang_008,math,若圆上到直线距离为1的点有且仅有2个，则r的取值范围是（ ）,MATH-B1-315,第二章 基本初等函数(Ⅰ),,MATH-B1-316,第三章 函数的应用,,MATH-B1-314,第一章 集合与函数概念,,,,,
5450,math_2025_zhejiang_011,math,828,MATH-B1-315,第二章 基本初等函数(Ⅰ),,MATH-B1-316,第三章 函数的应用,,MATH-B1-314,第一章 集合与函数概念,,,,,
5452,math_2025_zhejiang_012,math,已知的面积为，若，则（ ） 三、填空题：本大题共3小题，每小题5分，共计15分.,MATH-B1-315,第二章 基本初等函数(Ⅰ),,MATH-B1-316,第三章 函数的应用,,MATH-B1-314,第一章 集合与函数概念,,,,,
5455,math_2025_zhejiang_015,math,一个箱子里有5个相同的球，分别以1~5标号，若有放回地取三次，记至少取出一次的球的个数X，则数学期望_________.,MATH-B1-315,第二章 基本初等函数(Ⅰ),,MATH-B1-316,第三章 函数的应用,,MATH-B1-314,第一章 集合与函数概念,,,,,
8261,math_2024_national_a_002,math,设，则（ ）,MATH-B1-315,第二章 基本初等函数(Ⅰ),,MATH-B1-316,第三章 函数的应用,,MATH-B1-314,第一章 集合与函数概念,,,,,
8265,math_2024_national_a_006,math,已知双曲线的上、下焦点分别为，点在该双曲线上，则该双曲线的离心率为（ ）,MATH-B1-315,第二章 基本初等函数(Ⅰ),,MATH-B1-316,第三章 函数的应用,,MATH-B1-314,第一章 集合与函数概念,,,,,
8268,math_2024_national_a_009,math,已知，则（ ）,MATH-B1-315,第二章 基本初等函数(Ⅰ),,MATH-B1-316,第三章 函数的应用,,MATH-B1-314,第一章 集合与函数概念,,,,,
8269,math_2024_national_a_010,math,设是两个平面，是两条直线，且.下列四个命题： ①若，则或 ②若，则 ③若，且，则 ④若与和所成的角相等，则 其中所有真命,MATH-B1-315,第二章 基本初等函数(Ⅰ),,MATH-B1-316,第三章 函数的应用,,MATH-B1-314,第一章 集合与函数概念,,,,,
8270,math_2024_national_a_011,math,在中内角所对边分别为，若，，则（ ）,MATH-B1-315,第二章 基本初等函数(Ⅰ),,MATH-B1-316,第三章 函数的应用,,MATH-B1-314,第一章 集合与函数概念,,,,,
8272,math_2024_national_a_013,math,已知，，则______．,MATH-B1-315,第二章 基本初等函数(Ⅰ),,MATH-B1-316,第三章 函数的应用,,MATH-B1-314,第一章 集合与函数概念,,,,,
8273,math_2024_national_a_014,math,曲线与在上有两个不同的交点，则的取值范围为______．,MATH-B1-315,第二章 基本初等函数(Ⅰ),,MATH-B1-316,第三章 函数的应用,,MATH-B1-314,第一章 集合与函数概念,,,,,
1179,physics_2022_beijing_6,physics,在如图所示的坐标系中，一条弹性绳沿x轴放置，图中小黑点代表绳上的质点，相邻质点的间距为a。时，处的质点开始沿y轴做周期为,PHYS-B1-331,第一节 牛顿第一、第三定律,,PHYS-B1-332,第二节 牛顿第二定律 两类动力学问题,,PHYS-B1-330,第三节 受力分析 共点力的平衡,,,,,
1185,physics_2022_beijing_12,physics,“雪如意”是我国首座国际标准跳台滑雪场地。跳台滑雪运动中，裁判员主要根据运动员在空中的飞行距离和动作姿态评分。运动员在进,PHYS-B1-331,第一节 牛顿第一、第三定律,,PHYS-B1-332,第二节 牛顿第二定律 两类动力学问题,,PHYS-B1-330,第三节 受力分析 共点力的平衡,,,,,
1195,physics_2023_beijing_3,physics,下列核反应方程中括号内的粒子为中子的是（ ）,PHYS-B1-331,第一节 牛顿第一、第三定律,,PHYS-B1-332,第二节 牛顿第二定律 两类动力学问题,,PHYS-B1-330,第三节 受力分析 共点力的平衡,,,,,
1207,physics_2023_beijing_15,physics,用油膜法估测油酸分子直径是一种通过测量宏观量来测量微观量方法，已知1滴油酸酒精溶液中纯油酸的体积为V，在水面上形成的单分,PHYS-B1-331,第一节 牛顿第一、第三定律,,PHYS-B1-332,第二节 牛顿第二定律 两类动力学问题,,PHYS-B1-330,第三节 受力分析 共点力的平衡,,,,,
1214,physics_2024_beijing_1,physics,已知钍234的半衰期是24天。1g钍234经过48天后，剩余钍234的质量为（ ）,PHYS-X2-336,第2节 磁场对运动电荷的作用,0.154,PHYS-X2-335,第1节 磁场的描述、磁场对电流的作用,0.071,PHYS-B2-334,第1节 曲线运动 运动的合成与分解,0.071,,,,
1219,physics_2024_beijing_6,physics,如图所示，线圈M和线圈P绕在同一个铁芯上，下列说法正确的是（ ）,PHYS-B1-331,第一节 牛顿第一、第三定律,,PHYS-B1-332,第二节 牛顿第二定律 两类动力学问题,,PHYS-B1-330,第三节 受力分析 共点力的平衡,,,,,
1236,physics_2025_beijing_1,physics,我国古代发明的一种点火器如图所示，推杆插入套筒封闭空气，推杆前端粘着易燃艾绒。猛推推杆压缩筒内气体，艾绒即可点燃。在压缩,PHYS-B1-331,第一节 牛顿第一、第三定律,,PHYS-B1-332,第二节 牛顿第二定律 两类动力学问题,,PHYS-B1-330,第三节 受力分析 共点力的平衡,,,,,
1240,physics_2025_beijing_5,physics,质点S沿竖直方向做简谐运动，在绳上形成的波传到质点P时的波形如图所示，则（ ）,PHYS-B1-331,第一节 牛顿第一、第三定律,,PHYS-B1-332,第二节 牛顿第二定律 两类动力学问题,,PHYS-B1-330,第三节 受力分析 共点力的平衡,,,,,
1242,physics_2025_beijing_7,physics,2024年6月，嫦娥六号探测器首次实现月球背面采样返回。如图所示，探测器在圆形轨道1上绕月球飞行，在A点变轨后进入椭圆轨,PHYS-X2-336,第2节 磁场对运动电荷的作用,0.125,PHYS-B1-332,第二节 牛顿第二定律 两类动力学问题,,PHYS-B1-331,第一节 牛顿第一、第三定律,,,,,
5461,physics_2008_guangdong_001,physics,45 C D,PHYS-X2-338,第4节 带电粒子在复合场中的运动,0.167,PHYS-B1-332,第二节 牛顿第二定律 两类动力学问题,,PHYS-B1-331,第一节 牛顿第一、第三定律,,,,,
5467,physics_2008_guangdong_002,physics,51,PHYS-B1-331,第一节 牛顿第一、第三定律,,PHYS-B1-332,第二节 牛顿第二定律 两类动力学问题,,PHYS-B1-330,第三节 受力分析 共点力的平衡,,,,,
5472,physics_2010_anhui_001,physics,5,PHYS-B1-331,第一节 牛顿第一、第三定律,,PHYS-B1-332,第二节 牛顿第二定律 两类动力学问题,,PHYS-B1-330,第三节 受力分析 共点力的平衡,,,,,
5473,physics_2010_anhui_002,physics,0,PHYS-B1-331,第一节 牛顿第一、第三定律,,PHYS-B1-332,第二节 牛顿第二定律 两类动力学问题,,PHYS-B1-330,第三节 受力分析 共点力的平衡,,,,,
5475,physics_2010_anhui_003,physics,5,PHYS-B1-331,第一节 牛顿第一、第三定律,,PHYS-B1-332,第二节 牛顿第二定律 两类动力学问题,,PHYS-B1-330,第三节 受力分析 共点力的平衡,,,,,
5488,physics_2011_shandong_002,physics,80,PHYS-B1-331,第一节 牛顿第一、第三定律,,PHYS-B1-332,第二节 牛顿第二定律 两类动力学问题,,PHYS-B1-330,第三节 受力分析 共点力的平衡,,,,,
5494,physics_2014_national_outline_001,physics,51,PHYS-B1-331,第一节 牛顿第一、第三定律,,PHYS-B1-332,第二节 牛顿第二定律 两类动力学问题,,PHYS-B1-330,第三节 受力分析 共点力的平衡,,,,,
5499,physics_2014_national_outline_002,physics,76,PHYS-B1-331,第一节 牛顿第一、第三定律,,PHYS-B1-332,第二节 牛顿第二定律 两类动力学问题,,PHYS-B1-330,第三节 受力分析 共点力的平衡,,,,,
5500,physics_2014_national_outline_003,physics,05,PHYS-B1-331,第一节 牛顿第一、第三定律,,PHYS-B1-332,第二节 牛顿第二定律 两类动力学问题,,PHYS-B1-330,第三节 受力分析 共点力的平衡,,,,,
5502,physics_2014_national_outline_005,physics,65,PHYS-B1-331,第一节 牛顿第一、第三定律,,PHYS-B1-332,第二节 牛顿第二定律 两类动力学问题,,PHYS-B1-330,第三节 受力分析 共点力的平衡,,,,,
5503,physics_2014_national_outline_006,physics,00,PHYS-B1-331,第一节 牛顿第一、第三定律,,PHYS-B1-332,第二节 牛顿第二定律 两类动力学问题,,PHYS-B1-330,第三节 受力分析 共点力的平衡,,,,,
5505,physics_2015_national_i_001,physics,75,PHYS-B1-331,第一节 牛顿第一、第三定律,,PHYS-B1-332,第二节 牛顿第二定律 两类动力学问题,,PHYS-B1-330,第三节 受力分析 共点力的平衡,,,,,
5509,physics_2018_beijing_zk_001,physics,20 P/W,PHYS-X2-336,第2节 磁场对运动电荷的作用,0.143,PHYS-B1-332,第二节 牛顿第二定律 两类动力学问题,,PHYS-B1-331,第一节 牛顿第一、第三定律,,,,,
5512,physics_2018_beijing_zk_002,physics,3 I/A,PHYS-X2-337,第3节 微专题3 匀强磁场中的临界、极值和多解问题,0.167,PHYS-B1-332,第二节 牛顿第二定律 两类动力学问题,,PHYS-B1-331,第一节 牛顿第一、第三定律,,,,,
5514,physics_2018_beijing_zk_003,physics,5,PHYS-B1-331,第一节 牛顿第一、第三定律,,PHYS-B1-332,第二节 牛顿第二定律 两类动力学问题,,PHYS-B1-330,第三节 受力分析 共点力的平衡,,,,,
5518,physics_2018_beijing_zk_006,physics,下列做法中符合安全用电要求的是（ ）,PHYS-B1-331,第一节 牛顿第一、第三定律,,PHYS-B1-332,第二节 牛顿第二定律 两类动力学问题,,PHYS-B1-330,第三节 受力分析 共点力的平衡,,,,,
5519,physics_2018_beijing_zk_007,physics,下列实例中，为了减小摩擦的是（ ）,PHYS-B1-331,第一节 牛顿第一、第三定律,,PHYS-B1-332,第二节 牛顿第二定律 两类动力学问题,,PHYS-B1-330,第三节 受力分析 共点力的平衡,,,,,
5526,physics_2018_beijing_zk_014,physics,在如图所示实验中，将小铁球从斜面顶端由静止释放，观察到它在水平桌面上运动的轨迹如图甲中虚线OA所示．在OA方向的侧旁放一,PHYS-B1-331,第一节 牛顿第一、第三定律,,PHYS-B1-332,第二节 牛顿第二定律 两类动力学问题,,PHYS-B1-330,第三节 受力分析 共点力的平衡,,,,,
5528,physics_2018_beijing_zk_016,physics,如图所示，盛有水杯子静止在水平桌面上．杯子重1N，高9cm，底面积30cm2；杯内水重2N，水深6cm，水的密度为1.0,PHYS-B2-334,第1节 曲线运动 运动的合成与分解,0.125,PHYS-X2-335,第1节 磁场的描述、磁场对电流的作用,0.125,PHYS-X3-344,第1节 电源和电流,0.125,,,,
5529,physics_2018_beijing_zk_017,physics,下列能源中，属于可再生能源的是（ ）,PHYS-B1-331,第一节 牛顿第一、第三定律,,PHYS-B1-332,第二节 牛顿第二定律 两类动力学问题,,PHYS-B1-330,第三节 受力分析 共点力的平衡,,,,,
5530,physics_2018_beijing_zk_018,physics,下列说法中正确的是（ ）,PHYS-B1-331,第一节 牛顿第一、第三定律,,PHYS-B1-332,第二节 牛顿第二定律 两类动力学问题,,PHYS-B1-330,第三节 受力分析 共点力的平衡,,,,,
5531,physics_2018_beijing_zk_019,physics,下列说法中正确的是（ ）,PHYS-B1-331,第一节 牛顿第一、第三定律,,PHYS-B1-332,第二节 牛顿第二定律 两类动力学问题,,PHYS-B1-330,第三节 受力分析 共点力的平衡,,,,,
5532,physics_2018_beijing_zk_020,physics,如图展示了我国古代劳动人民的智慧成果，对其中所涉及的物理知识，下列说法中正确的是（ ）,PHYS-B1-331,第一节 牛顿第一、第三定律,,PHYS-B1-332,第二节 牛顿第二定律 两类动力学问题,,PHYS-B1-330,第三节 受力分析 共点力的平衡,,,,,
5533,physics_2018_beijing_zk_021,physics,下列说法中正确的是（ ）,PHYS-B1-331,第一节 牛顿第一、第三定律,,PHYS-B1-332,第二节 牛顿第二定律 两类动力学问题,,PHYS-B1-330,第三节 受力分析 共点力的平衡,,,,,
5535,physics_2018_beijing_zk_023,physics,如图所示为冬奥会的一些运动项目，关于这些项目中的情景，下列说法中正确的是（ ） 三、实验解答题,PHYS-B1-331,第一节 牛顿第一、第三定律,,PHYS-B1-332,第二节 牛顿第二定律 两类动力学问题,,PHYS-B1-330,第三节 受力分析 共点力的平衡,,,,,
5538,physics_2018_beijing_zk_026,physics,小华探究杠杆平衡条件时，使用的每个钩码的质量均相等，杠杆上相邻刻线间的距离相等．如图甲所示，为使杠杆在水平位置平衡，应将,PHYS-B1-331,第一节 牛顿第一、第三定律,,PHYS-B1-332,第二节 牛顿第二定律 两类动力学问题,,PHYS-B1-330,第三节 受力分析 共点力的平衡,,,,,
5540,physics_2018_beijing_zk_028,physics,实验桌上有两块完全相同的玻璃板，其上分别滴有等量的、表面积相同的水，小明加热其中一块玻璃板，如图所示，观察两板变干的快慢,PHYS-B1-331,第一节 牛顿第一、第三定律,,PHYS-B1-332,第二节 牛顿第二定律 两类动力学问题,,PHYS-B1-330,第三节 受力分析 共点力的平衡,,,,,
5541,physics_2018_beijing_zk_029,physics,下面是小阳同学测量食用油密度主要实验步骤： ①用天平测出烧杯和食用油的总质量m1． ②将烧杯中的部分食用油倒入量筒中，并,PHYS-B1-331,第一节 牛顿第一、第三定律,,PHYS-B1-332,第二节 牛顿第二定律 两类动力学问题,,PHYS-B1-330,第三节 受力分析 共点力的平衡,,,,,
5548,physics_2018_national_i_001,physics,0,PHYS-B1-331,第一节 牛顿第一、第三定律,,PHYS-B1-332,第二节 牛顿第二定律 两类动力学问题,,PHYS-B1-330,第三节 受力分析 共点力的平衡,,,,,
5549,physics_2018_national_i_002,physics,0,PHYS-B1-331,第一节 牛顿第一、第三定律,,PHYS-B1-332,第二节 牛顿第二定律 两类动力学问题,,PHYS-B1-330,第三节 受力分析 共点力的平衡,,,,,
5550,physics_2018_national_i_003,physics,0,PHYS-B1-331,第一节 牛顿第一、第三定律,,PHYS-B1-332,第二节 牛顿第二定律 两类动力学问题,,PHYS-B1-330,第三节 受力分析 共点力的平衡,,,,,
5551,physics_2018_national_i_004,physics,0,PHYS-B1-331,第一节 牛顿第一、第三定律,,PHYS-B1-332,第二节 牛顿第二定律 两类动力学问题,,PHYS-B1-330,第三节 受力分析 共点力的平衡,,,,,
5552,physics_2018_national_i_005,physics,0,PHYS-B1-331,第一节 牛顿第一、第三定律,,PHYS-B1-332,第二节 牛顿第二定律 两类动力学问题,,PHYS-B1-330,第三节 受力分析 共点力的平衡,,,,,
5553,physics_2018_national_i_006,physics,0,PHYS-B1-331,第一节 牛顿第一、第三定律,,PHYS-B1-332,第二节 牛顿第二定律 两类动力学问题,,PHYS-B1-330,第三节 受力分析 共点力的平衡,,,,,
5554,physics_2018_national_i_007,physics,0 R2/Ω,PHYS-B1-331,第一节 牛顿第一、第三定律,,PHYS-B1-332,第二节 牛顿第二定律 两类动力学问题,,PHYS-B1-330,第三节 受力分析 共点力的平衡,,,,,
5556,physics_2018_national_i_009,physics,0,PHYS-B1-331,第一节 牛顿第一、第三定律,,PHYS-B1-332,第二节 牛顿第二定律 两类动力学问题,,PHYS-B1-330,第三节 受力分析 共点力的平衡,,,,,
5557,physics_2018_national_i_010,physics,0,PHYS-B1-331,第一节 牛顿第一、第三定律,,PHYS-B1-332,第二节 牛顿第二定律 两类动力学问题,,PHYS-B1-330,第三节 受力分析 共点力的平衡,,,,,
5558,physics_2018_national_i_011,physics,0,PHYS-B1-331,第一节 牛顿第一、第三定律,,PHYS-B1-332,第二节 牛顿第二定律 两类动力学问题,,PHYS-B1-330,第三节 受力分析 共点力的平衡,,,,,
5559,physics_2018_national_i_012,physics,0,PHYS-B1-331,第一节 牛顿第一、第三定律,,PHYS-B1-332,第二节 牛顿第二定律 两类动力学问题,,PHYS-B1-330,第三节 受力分析 共点力的平衡,,,,,
5560,physics_2018_national_i_013,physics,0,PHYS-B1-331,第一节 牛顿第一、第三定律,,PHYS-B1-332,第二节 牛顿第二定律 两类动力学问题,,PHYS-B1-330,第三节 受力分析 共点力的平衡,,,,,
5561,physics_2018_national_i_014,physics,0,PHYS-B1-331,第一节 牛顿第一、第三定律,,PHYS-B1-332,第二节 牛顿第二定律 两类动力学问题,,PHYS-B1-330,第三节 受力分析 共点力的平衡,,,,,
5562,physics_2021_beijing_zk_001,physics,5 1,PHYS-B1-331,第一节 牛顿第一、第三定律,,PHYS-B1-332,第二节 牛顿第二定律 两类动力学问题,,PHYS-B1-330,第三节 受力分析 共点力的平衡,,,,,
5563,physics_2021_beijing_zk_002,physics,5 2,PHYS-B1-331,第一节 牛顿第一、第三定律,,PHYS-B1-332,第二节 牛顿第二定律 两类动力学问题,,PHYS-B1-330,第三节 受力分析 共点力的平衡,,,,,
5566,physics_2021_beijing_zk_003,physics,在试卷和草稿纸上准确填写姓名、准考证号、考场号和座位号。,PHYS-B1-331,第一节 牛顿第一、第三定律,,PHYS-B1-332,第二节 牛顿第二定律 两类动力学问题,,PHYS-B1-330,第三节 受力分析 共点力的平衡,,,,,
5574,physics_2021_beijing_zk_006,physics,考试结束，将本试卷、答题卡和草稿纸一并交回。 第一部分 一、单项选择题(下列每题均有四个选项，其中只有一个选项符合题意。,PHYS-B1-331,第一节 牛顿第一、第三定律,,PHYS-B1-332,第二节 牛顿第二定律 两类动力学问题,,PHYS-B1-330,第三节 受力分析 共点力的平衡,,,,,
5576,physics_2021_beijing_zk_008,physics,9×103 铝,PHYS-B2-334,第1节 曲线运动 运动的合成与分解,0.143,PHYS-X2-335,第1节 磁场的描述、磁场对电流的作用,0.143,PHYS-X3-344,第1节 电源和电流,0.143,,,,
5578,physics_2021_beijing_zk_009,physics,5×103 铁,PHYS-B2-334,第1节 曲线运动 运动的合成与分解,0.143,PHYS-X2-335,第1节 磁场的描述、磁场对电流的作用,0.143,PHYS-X3-344,第1节 电源和电流,0.143,,,,
5580,physics_2021_beijing_zk_010,physics,在体育课上，小康用胳膊将排球向上垫起后，排球上升过程中运动得越来越慢。下列说法中正确的是,PHYS-B1-331,第一节 牛顿第一、第三定律,,PHYS-B1-332,第二节 牛顿第二定律 两类动力学问题,,PHYS-B1-330,第三节 受力分析 共点力的平衡,,,,,
5590,physics_2021_beijing_zk_019,physics,小敏用托盘天平和量筒测量金属块的密度。她在调节天平时，发现指针偏向分度盘中央刻度线的右侧，如图13甲所示，为使天平横梁水,PHYS-B1-331,第一节 牛顿第一、第三定律,,PHYS-B1-332,第二节 牛顿第二定律 两类动力学问题,,PHYS-B1-330,第三节 受力分析 共点力的平衡,,,,,
5600,physics_2021_zhejiang_004,physics,如图所示，电动遥控小车放在水平长木板上面，当它在长木板上水平向左加速运动时，长木板保持静止，此时（ ）,PHYS-B1-331,第一节 牛顿第一、第三定律,,PHYS-B1-332,第二节 牛顿第二定律 两类动力学问题,,PHYS-B1-330,第三节 受力分析 共点力的平衡,,,,,
5601,physics_2021_zhejiang_005,physics,如图所示是某一带电导体周围的电场线与等势面，A、C是同一等势面上的两点，B是另一等势面上的一点。下列说法正确的是（ ）,PHYS-B1-331,第一节 牛顿第一、第三定律,,PHYS-B1-332,第二节 牛顿第二定律 两类动力学问题,,PHYS-B1-330,第三节 受力分析 共点力的平衡,,,,,
5606,physics_2021_zhejiang_010,physics,下列说法正确的是（ ）,PHYS-B1-331,第一节 牛顿第一、第三定律,,PHYS-B1-332,第二节 牛顿第二定律 两类动力学问题,,PHYS-B1-330,第三节 受力分析 共点力的平衡,,,,,
5635,physics_2023_fujian_001,physics,“祝融号”火星车沿如图所示路线行驶，在此过程中揭秘了火星乌托邦平原浅表分层结构，该研究成果被列为“2022年度中国科学十,PHYS-B1-331,第一节 牛顿第一、第三定律,,PHYS-B1-332,第二节 牛顿第二定律 两类动力学问题,,PHYS-B1-330,第三节 受力分析 共点力的平衡,,,,,
5655,physics_2023_hebei_003,physics,考试结束后，将本试卷和答题卡一并交回。 一、单项选择题：本题共7小题，每小题4分，共28分。在每小题给出的四个选项中，只,PHYS-B1-331,第一节 牛顿第一、第三定律,,PHYS-B1-332,第二节 牛顿第二定律 两类动力学问题,,PHYS-B1-330,第三节 受力分析 共点力的平衡,,,,,
5671,physics_2024_chongqing_010,physics,一列沿x轴传播的简谐波，在某时刻的波形图如图甲所示，一平衡位置与坐标原点距离为3米的质点从该时刻开始的振动图像如图乙所示,PHYS-B1-331,第一节 牛顿第一、第三定律,,PHYS-B1-332,第二节 牛顿第二定律 两类动力学问题,,PHYS-B1-330,第三节 受力分析 共点力的平衡,,,,,
5679,physics_2024_national_new_003,physics,天文学家发现，在太阳系外的一颗红矮星有两颗行星绕其运行，其中行星GJ1002c的轨道近似为圆，轨道半径约为日地距离的0.,PHYS-B1-331,第一节 牛顿第一、第三定律,,PHYS-B1-332,第二节 牛顿第二定律 两类动力学问题,,PHYS-B1-330,第三节 受力分析 共点力的平衡,,,,,
5681,physics_2024_national_new_005,physics,如图，两根不可伸长的等长绝缘细绳的上端均系在天花板的O点上，下端分别系有均带正电荷的小球P、Q；小球处在某一方向水平向右,PHYS-B1-331,第一节 牛顿第一、第三定律,,PHYS-B1-332,第二节 牛顿第二定律 两类动力学问题,,PHYS-B1-330,第三节 受力分析 共点力的平衡,,,,,
5691,physics_2025_jiangsu_002,physics,可拆变压器接线问题，看图选接点,PHYS-B1-331,第一节 牛顿第一、第三定律,,PHYS-B1-332,第二节 牛顿第二定律 两类动力学问题,,PHYS-B1-330,第三节 受力分析 共点力的平衡,,,,,
5693,physics_2025_jiangsu_004,physics,游乐场转圈，圆周运动,PHYS-B1-331,第一节 牛顿第一、第三定律,,PHYS-B1-332,第二节 牛顿第二定律 两类动力学问题,,PHYS-B1-330,第三节 受力分析 共点力的平衡,,,,,
5695,physics_2025_jiangsu_006,physics,烧瓶充气瓶盖弹开，气体定律问题,PHYS-B1-331,第一节 牛顿第一、第三定律,,PHYS-B1-332,第二节 牛顿第二定律 两类动力学问题,,PHYS-B1-330,第三节 受力分析 共点力的平衡,,,,,
5697,physics_2025_jiangsu_008,physics,气体速率图象,PHYS-B1-331,第一节 牛顿第一、第三定律,,PHYS-B1-332,第二节 牛顿第二定律 两类动力学问题,,PHYS-B1-330,第三节 受力分析 共点力的平衡,,,,,
5702,physics_2025_jiangsu_012,physics,（1）vo=w0/h (2)Ek=hv-w0,PHYS-B2-334,第1节 曲线运动 运动的合成与分解,0.118,PHYS-X2-335,第1节 磁场的描述、磁场对电流的作用,0.118,PHYS-X2-336,第2节 磁场对运动电荷的作用,0.118,,,,
5708,physics_2025_new_gaokao_regional_002,physics,答题前，考生先将自己的姓名、准考证号码填写清楚，将条形码准确粘贴在条形码区域内。,PHYS-B1-331,第一节 牛顿第一、第三定律,,PHYS-B1-332,第二节 牛顿第二定律 两类动力学问题,,PHYS-B1-330,第三节 受力分析 共点力的平衡,,,,,
5710,physics_2025_new_gaokao_regional_003,physics,选择题必须使用2B铅笔填涂:非选择题必须使用0.5毫米黑色字迹的签字笔书写，字体工整，笔记清楚。,PHYS-X2-336,第2节 磁场对运动电荷的作用,0.125,PHYS-B1-332,第二节 牛顿第二定律 两类动力学问题,,PHYS-B1-331,第一节 牛顿第一、第三定律,,,,,
5730,physics_2025_shanghai_002,physics,本考试分设试卷和答题纸，试卷为 6 个大题。20 个小题组成。,PHYS-X2-336,第2节 磁场对运动电荷的作用,0.167,PHYS-B1-332,第二节 牛顿第二定律 两类动力学问题,,PHYS-B1-331,第一节 牛顿第一、第三定律,,,,,
5740,physics_2025_shanghai_010,physics,若物块从 a 点运动到 c 点所用时间为 ，则在 时，物块在（ ）,PHYS-B1-331,第一节 牛顿第一、第三定律,,PHYS-B1-332,第二节 牛顿第二定律 两类动力学问题,,PHYS-B1-330,第三节 受力分析 共点力的平衡,,,,,
8317,physics_2024_fujian_001,physics,2024 年我国研发出一款安全性高、稳定发电时间长新微型原子能电池。该电池将衰变释放的能量转化为电能，衰变方程为，式中，,PHYS-X2-336,第2节 磁场对运动电荷的作用,0.167,PHYS-B1-332,第二节 牛顿第二定律 两类动力学问题,,PHYS-B1-331,第一节 牛顿第一、第三定律,,,,,
8318,physics_2024_fujian_002,physics,如图（a），装有砂粒的试管竖直静浮于水中，将其提起一小段距离后释放，一段时间内试管在竖直方向的振动可视为简谐运动。取竖直,PHYS-B1-331,第一节 牛顿第一、第三定律,,PHYS-B1-332,第二节 牛顿第二定律 两类动力学问题,,PHYS-B1-330,第三节 受力分析 共点力的平衡,,,,,
8321,physics_2024_fujian_005,physics,据报道，我国计划发射的“巡天号”望远镜将运行在离地面约的轨道上，其视场比“哈勃”望远镜的更大。已知“哈勃”运行在离地面约,PHYS-B1-331,第一节 牛顿第一、第三定律,,PHYS-B1-332,第二节 牛顿第二定律 两类动力学问题,,PHYS-B1-330,第三节 受力分析 共点力的平衡,,,,,
8333,physics_2024_fujian_017,physics,7,PHYS-B1-331,第一节 牛顿第一、第三定律,,PHYS-B1-332,第二节 牛顿第二定律 两类动力学问题,,PHYS-B1-330,第三节 受力分析 共点力的平衡,,,,,
8347,physics_2024_gansu_008,physics,电动小车在水平面内做匀速圆周运动，下列说法正确的是（ ）,PHYS-B1-331,第一节 牛顿第一、第三定律,,PHYS-B1-332,第二节 牛顿第二定律 两类动力学问题,,PHYS-B1-330,第三节 受力分析 共点力的平衡,,,,,
8348,physics_2024_gansu_009,physics,某带电体产生电场的等势面分布如图中实线所示，虚线是一带电粒子仅在此电场作用下的运动轨迹，M、N分别是运动轨迹与等势面b、,PHYS-B1-331,第一节 牛顿第一、第三定律,,PHYS-B1-332,第二节 牛顿第二定律 两类动力学问题,,PHYS-B1-330,第三节 受力分析 共点力的平衡,,,,,
8356,physics_2024_guangdong_002,physics,我国正在建设的大科学装置——“强流重离子加速器”。其科学目标之一是探寻神秘的“119号”元素，科学家尝试使用核反应产生该,PHYS-B1-331,第一节 牛顿第一、第三定律,,PHYS-B1-332,第二节 牛顿第二定律 两类动力学问题,,PHYS-B1-330,第三节 受力分析 共点力的平衡,,,,,
8387,physics_2024_guizhou_001,physics,05,PHYS-B1-331,第一节 牛顿第一、第三定律,,PHYS-B1-332,第二节 牛顿第二定律 两类动力学问题,,PHYS-B1-330,第三节 受力分析 共点力的平衡,,,,,
8400,physics_2024_guizhou_002,physics,答卷前，考生务必将自己的姓名、准考证号填写在答题卡上。,PHYS-B1-331,第一节 牛顿第一、第三定律,,PHYS-B1-332,第二节 牛顿第二定律 两类动力学问题,,PHYS-B1-330,第三节 受力分析 共点力的平衡,,,,,
8421,physics_2024_hainan_002,physics,人工核反应中的X是（ ）,PHYS-B1-331,第一节 牛顿第一、第三定律,,PHYS-B1-332,第二节 牛顿第二定律 两类动力学问题,,PHYS-B1-330,第三节 受力分析 共点力的平衡,,,,,
8439,physics_2024_hebei_001,physics,锂是新能源汽车、储能和信息通信等新兴产业的关键材料．研究表明，锂元素主要来自宇宙线高能粒子与星际物质的原子核产生的散裂反,PHYS-B1-331,第一节 牛顿第一、第三定律,,PHYS-B1-332,第二节 牛顿第二定律 两类动力学问题,,PHYS-B1-330,第三节 受力分析 共点力的平衡,,,,,
8441,physics_2024_hebei_003,physics,篮球比赛前，常通过观察篮球从一定高度由静止下落后的反弹情况判断篮球的弹性。某同学拍摄了该过程，并得出了篮球运动的图像，如,PHYS-B1-331,第一节 牛顿第一、第三定律,,PHYS-B1-332,第二节 牛顿第二定律 两类动力学问题,,PHYS-B1-330,第三节 受力分析 共点力的平衡,,,,,
8459,physics_2024_hubei_001,physics,答题前，先将自己的姓名、准考证号、考场号、座位号填写在试卷和答题卡上，并认真核准准考证号条形码上的以上信息，将条形码粘贴,PHYS-B1-331,第一节 牛顿第一、第三定律,,PHYS-B1-332,第二节 牛顿第二定律 两类动力学问题,,PHYS-B1-330,第三节 受力分析 共点力的平衡,,,,,
8461,physics_2024_hubei_002,physics,硼中子俘获疗法是目前治疗癌症最先进的手段之一、是该疗法中一种核反应的方程，其中X、Y代表两种不同的原子核，则（ ）,PHYS-B1-331,第一节 牛顿第一、第三定律,,PHYS-B1-332,第二节 牛顿第二定律 两类动力学问题,,PHYS-B1-330,第三节 受力分析 共点力的平衡,,,,,
8470,physics_2024_hubei_008,physics,关于电荷和静电场，下列说法正确的是（ ）,PHYS-B1-331,第一节 牛顿第一、第三定律,,PHYS-B1-332,第二节 牛顿第二定律 两类动力学问题,,PHYS-B1-330,第三节 受力分析 共点力的平衡,,,,,
8478,physics_2024_hunan_001,physics,000,PHYS-B1-331,第一节 牛顿第一、第三定律,,PHYS-B1-332,第二节 牛顿第二定律 两类动力学问题,,PHYS-B1-330,第三节 受力分析 共点力的平衡,,,,,
8489,physics_2024_hunan_002,physics,105,PHYS-B2-334,第1节 曲线运动 运动的合成与分解,0.200,PHYS-X2-335,第1节 磁场的描述、磁场对电流的作用,0.200,PHYS-X3-344,第1节 电源和电流,0.200,,,,
8509,physics_2024_jiangsu_002,physics,用立体影院的特殊眼镜去观看手机液晶屏幕，左镜片明亮，右镜片暗，现在将手机屏幕旋转90度，会观察到（ ） C 两镜片没有任,PHYS-B1-331,第一节 牛顿第一、第三定律,,PHYS-B1-332,第二节 牛顿第二定律 两类动力学问题,,PHYS-B1-330,第三节 受力分析 共点力的平衡,,,,,
8510,physics_2024_jiangsu_003,physics,用粒子轰击氮核从原子核中打出了质子，该实验的核反应方程式是，粒子X为（ ）,PHYS-B1-331,第一节 牛顿第一、第三定律,,PHYS-B1-332,第二节 牛顿第二定律 两类动力学问题,,PHYS-B1-330,第三节 受力分析 共点力的平衡,,,,,
8514,physics_2024_jiangsu_007,physics,如图所示，水面上有O、,PHYS-B1-331,第一节 牛顿第一、第三定律,,PHYS-B1-332,第二节 牛顿第二定律 两类动力学问题,,PHYS-B1-330,第三节 受力分析 共点力的平衡,,,,,
8515,physics_2024_jiangsu_008,physics,陶瓷是以粘土为主要原料以及各种天然矿物经过粉碎混炼、成型和煅烧制得的材料以及各种制品。如图所示是生产陶磁的简化工作台，当,PHYS-B1-331,第一节 牛顿第一、第三定律,,PHYS-B1-332,第二节 牛顿第二定律 两类动力学问题,,PHYS-B1-330,第三节 受力分析 共点力的平衡,,,,,
8535,physics_2024_jiangxi_002,physics,答卷前，考生务必将自己的姓名、考生号等填写在答题卡和试卷指定位置。,PHYS-B1-331,第一节 牛顿第一、第三定律,,PHYS-B1-332,第二节 牛顿第二定律 两类动力学问题,,PHYS-B1-330,第三节 受力分析 共点力的平衡,,,,,
8543,physics_2024_jiangxi_004,physics,92 （5）请在图（b）中补充描出第6至8三个数据点，并补充完成图线丙_________。 （6）根据以上实验结果猜想和,PHYS-B1-331,第一节 牛顿第一、第三定律,,PHYS-B1-332,第二节 牛顿第二定律 两类动力学问题,,PHYS-B1-330,第三节 受力分析 共点力的平衡,,,,,
8558,physics_2024_liaoning_001,physics,长征五号遥八运载火箭托举嫦娥六号探测器进入地月转移轨道，火箭升空过程中，以下描述的物理量属于矢量的是（ ）,PHYS-B1-331,第一节 牛顿第一、第三定律,,PHYS-B1-332,第二节 牛顿第二定律 两类动力学问题,,PHYS-B1-330,第三节 受力分析 共点力的平衡,,,,,
8559,physics_2024_liaoning_002,physics,当篮球在指尖上绕轴转动时，球面上P、Q两点做圆周运动的（ ）,PHYS-B1-331,第一节 牛顿第一、第三定律,,PHYS-B1-332,第二节 牛顿第二定律 两类动力学问题,,PHYS-B1-330,第三节 受力分析 共点力的平衡,,,,,
8564,physics_2024_liaoning_007,physics,如图（a），若将小球从弹簧原长处由静止释放，其在地球与某球体天体表面做简谐运动的图像如（b），设地球，该天体的平均密度分,PHYS-B1-331,第一节 牛顿第一、第三定律,,PHYS-B1-332,第二节 牛顿第二定律 两类动力学问题,,PHYS-B1-330,第三节 受力分析 共点力的平衡,,,,,
8572,physics_2024_shandong_001,physics,2024年是中国航天大年，神舟十八号、嫦娥六号等已陆续飞天，部分航天器装载了具有抗干扰性强的核电池。已知衰变为的半衰期约,PHYS-X2-336,第2节 磁场对运动电荷的作用,0.167,PHYS-B1-332,第二节 牛顿第二定律 两类动力学问题,,PHYS-B1-331,第一节 牛顿第一、第三定律,,,,,
8576,physics_2024_shandong_003,physics,考试结束后，将本试卷和答题卡一并交回。 一、单项选择题：本题共8小题，每小题3分，共24分。每小题只有一个选项符合题目要,PHYS-B1-331,第一节 牛顿第一、第三定律,,PHYS-B1-332,第二节 牛顿第二定律 两类动力学问题,,PHYS-B1-330,第三节 受力分析 共点力的平衡,,,,,
8579,physics_2024_shandong_005,physics,“鹊桥二号”中继星环绕月球运行，其24小时椭圆轨道的半长轴为a。已知地球同步卫星的轨道半径为r，则月球与地球质量之比可表,PHYS-X2-336,第2节 磁场对运动电荷的作用,0.167,PHYS-B1-332,第二节 牛顿第二定律 两类动力学问题,,PHYS-B1-331,第一节 牛顿第一、第三定律,,,,,
8593,physics_2024_shanghai_001,physics,通过“用油膜法估测油酸分子的大小”的实验可推测油酸分子的直径约为（ ）,PHYS-B1-331,第一节 牛顿第一、第三定律,,PHYS-B1-332,第二节 牛顿第二定律 两类动力学问题,,PHYS-B1-330,第三节 受力分析 共点力的平衡,,,,,
8609,physics_2024_shanghai_013,physics,①. A ②. C,PHYS-B1-331,第一节 牛顿第一、第三定律,,PHYS-B1-332,第二节 牛顿第二定律 两类动力学问题,,PHYS-B1-330,第三节 受力分析 共点力的平衡,,,,,
8611,physics_2024_shanghai_014,physics,12 15. ①. C ②.,PHYS-B2-334,第1节 曲线运动 运动的合成与分解,0.125,PHYS-X2-335,第1节 磁场的描述、磁场对电流的作用,0.125,PHYS-X3-344,第1节 电源和电流,0.125,,,,
8614,physics_2024_tianjin_001,physics,空缺,PHYS-B1-331,第一节 牛顿第一、第三定律,,PHYS-B1-332,第二节 牛顿第二定律 两类动力学问题,,PHYS-B1-330,第三节 受力分析 共点力的平衡,,,,,
8624,physics_2024_tianjin_006,physics,（2024年，第6题）,PHYS-X2-336,第2节 磁场对运动电荷的作用,0.125,PHYS-B1-332,第二节 牛顿第二定律 两类动力学问题,,PHYS-B1-331,第一节 牛顿第一、第三定律,,,,,
8631,physics_2024_tianjin_010,physics,（2024年，第10题）,PHYS-B2-334,第1节 曲线运动 运动的合成与分解,0.111,PHYS-X2-335,第1节 磁场的描述、磁场对电流的作用,0.111,PHYS-X2-336,第2节 磁场对运动电荷的作用,0.111,,,,
8633,physics_2024_tianjin_011,physics,（2024年，第11题）,PHYS-B2-334,第1节 曲线运动 运动的合成与分解,0.111,PHYS-X2-335,第1节 磁场的描述、磁场对电流的作用,0.111,PHYS-X2-336,第2节 磁场对运动电荷的作用,0.111,,,,
8634,physics_2024_tianjin_012,physics,（2024年，第12题）,PHYS-B2-334,第1节 曲线运动 运动的合成与分解,0.111,PHYS-X2-335,第1节 磁场的描述、磁场对电流的作用,0.111,PHYS-X2-336,第2节 磁场对运动电荷的作用,0.111,,,,
8655,physics_2024_zhejiang_001,physics,答题前，请务必将自己的姓名、准考证号用黑色字迹的签字笔或钢笔分别填写在试题卷和答题纸规定的位置上。,PHYS-B1-331,第一节 牛顿第一、第三定律,,PHYS-B1-332,第二节 牛顿第二定律 两类动力学问题,,PHYS-B1-330,第三节 受力分析 共点力的平衡,,,,,
8657,physics_2024_zhejiang_002,physics,答题时，请按照答题纸上“注意事项”的要求，在答题纸相应的位置上规范作答，在本试题卷上的作答一律无效。,PHYS-B1-331,第一节 牛顿第一、第三定律,,PHYS-B1-332,第二节 牛顿第二定律 两类动力学问题,,PHYS-B1-330,第三节 受力分析 共点力的平衡,,,,,
8659,physics_2024_zhejiang_003,physics,非选择题的答案必须使用黑色字迹的签字笔或钢笔写在答题纸上相应区域内，作图时可先使用2B铅笔，确定后必须使用黑色字迹的签字,PHYS-B1-331,第一节 牛顿第一、第三定律,,PHYS-B1-332,第二节 牛顿第二定律 两类动力学问题,,PHYS-B1-330,第三节 受力分析 共点力的平衡,,,,,
8663,physics_2024_zhejiang_005,physics,如图为某燃气灶点火装置的原理图。直流电经转换器输出的交流电，经原、副线圈匝数分别为和的变压器升压至峰值大于，就会在打火针,PHYS-B1-331,第一节 牛顿第一、第三定律,,PHYS-B1-332,第二节 牛顿第二定律 两类动力学问题,,PHYS-B1-330,第三节 受力分析 共点力的平衡,,,,,
8665,physics_2024_zhejiang_007,physics,已知氘核质量为，氚核质量为，氦核质量为，中子质量为，阿伏加德罗常数取，氘核摩尔质量为，相当于。关于氘与氚聚变成氦，下列说,PHYS-B1-331,第一节 牛顿第一、第三定律,,PHYS-B1-332,第二节 牛顿第二定律 两类动力学问题,,PHYS-B1-330,第三节 受力分析 共点力的平衡,,,,,
8680,physics_2024_zhejiang_020,physics,0,PHYS-B1-331,第一节 牛顿第一、第三定律,,PHYS-B1-332,第二节 牛顿第二定律 两类动力学问题,,PHYS-B1-330,第三节 受力分析 共点力的平衡,,,,,
8684,physics_2024_zhejiang_023,physics,0,PHYS-B1-331,第一节 牛顿第一、第三定律,,PHYS-B1-332,第二节 牛顿第二定律 两类动力学问题,,PHYS-B1-330,第三节 受力分析 共点力的平衡,,,,,
8686,physics_2024_zhejiang_025,physics,5,PHYS-B1-331,第一节 牛顿第一、第三定律,,PHYS-B1-332,第二节 牛顿第二定律 两类动力学问题,,PHYS-B1-330,第三节 受力分析 共点力的平衡,,,,,
9779,physics_2024_national_a_001,physics,氘核可通过一系列聚变反应释放能量，总的反应效果可用表示，式中x、y的值分别为（ ）,PHYS-B1-331,第一节 牛顿第一、第三定律,,PHYS-B1-332,第二节 牛顿第二定律 两类动力学问题,,PHYS-B1-330,第三节 受力分析 共点力的平衡,,,,,
1259,politics_2021_beijing_4,politics,在吉祥戏院，戏曲艺术得到传承；梅兰芳等京剧大师在此演出；如今，吉祥戏院以“新”面貌亮相，引入先进技术设备，成为展示传统艺,POL-Z0-002,法律常识,,POL-X1-352,第二课 国家的结构形式,,POL-Z0-001,道德与心理健康,,,,,
1260,politics_2021_beijing_5,politics,从孔子的“仁”到柏拉图的“理念”，再到康德的“物自体”，许多哲学家都探讨过“存在”这一古老问题。哲学已经“过时”了吗？但,POL-Z0-002,法律常识,,POL-X1-352,第二课 国家的结构形式,,POL-Z0-001,道德与心理健康,,,,,
1261,politics_2021_beijing_6,politics,浅溪中放置石头，形成“汀步”。这种设计在园林中广泛应用，既方便行走，又增添趣味。有人说“汀步”太小，不方便；也有人说“汀,POL-Z0-002,法律常识,,POL-X1-352,第二课 国家的结构形式,,POL-Z0-001,道德与心理健康,,,,,
1263,politics_2021_beijing_8,politics,某校学生在学习“基层治理”相关内容时，提出以下建议，其中合理的是：①学校门口上下学时间，有家长车辆乱停乱放，影响安全，建,POL-Z0-002,法律常识,,POL-X1-352,第二课 国家的结构形式,,POL-Z0-001,道德与心理健康,,,,,
1264,politics_2021_beijing_9,politics,春回大地，北京推出12条“漫步北京——赏春花、读建筑、品文化”主题线路，让游客在赏花的同时了解北京的建筑文化。这一举措：,POL-Z0-002,法律常识,,POL-X1-352,第二课 国家的结构形式,,POL-Z0-001,道德与心理健康,,,,,
1267,politics_2021_beijing_12,politics,为什么键盘字母排列是Q-W-E-R-T-Y，而不是A-B-C-D-E-F？这要从打字机时代说起。由于字母使用频率不同，若,POL-Z0-002,法律常识,,POL-X1-352,第二课 国家的结构形式,,POL-Z0-001,道德与心理健康,,,,,
1268,politics_2021_beijing_13,politics,下列选项分别描述了数字经济的某一特征，对应正确的是：,POL-Z0-002,法律常识,,POL-X1-352,第二课 国家的结构形式,,POL-Z0-001,道德与心理健康,,,,,
1269,politics_2021_beijing_14,politics,据报道，欧盟对奥地利、德国和比利时三家铁路公司处以约4800万欧元罚款。调查发现，这三家铁路公司在跨境铁路货运中交换商业,POL-Z0-002,法律常识,,POL-X1-352,第二课 国家的结构形式,,POL-Z0-001,道德与心理健康,,,,,
1270,politics_2021_beijing_15,politics,下图反映了2001~2018年我国小麦和玉米的国内价格与国际价格变化。下列表述正确的是：①2001-2018年，小麦和玉,POL-Z0-002,法律常识,,POL-X1-352,第二课 国家的结构形式,,POL-Z0-001,道德与心理健康,,,,,
1271,politics_2021_beijing_16,politics,孔子说：“文胜质则史，质胜文则野，文质彬彬，然后君子。”为什么需要“文”？为什么需要“质”？为什么需要“文质彬彬”？请运,POL-Z0-002,法律常识,,POL-X1-352,第二课 国家的结构形式,,POL-Z0-001,道德与心理健康,,,,,
1280,politics_2022_beijing_4,politics,"""过去未来皆遥相呼应。这就是过去未来皆是现在的道理。这就是'今'最可宝贵的道理。""对此话理解最贴切的是（ ）",POL-Z0-002,法律常识,,POL-X1-352,第二课 国家的结构形式,,POL-Z0-001,道德与心理健康,,,,,
1283,politics_2022_beijing_7,politics,"""你读过的课文中哪一篇给你留下了深刻的印象？""某论坛的这一话题，吸引了数万人参与讨论。下面是不同年龄的人分享重温课文的感",POL-Z0-002,法律常识,,POL-X1-352,第二课 国家的结构形式,,POL-Z0-001,道德与心理健康,,,,,
1284,politics_2022_beijing_8,politics,"""飞花令是古人发明的酒令游戏，源自文人的诗词之趣，经过现代改良后进入我们的日常生活。一些精巧高雅的诗词游戏仍是祖先留给我",POL-Z0-002,法律常识,,POL-X1-352,第二课 国家的结构形式,,POL-Z0-001,道德与心理健康,,,,,
1287,politics_2022_beijing_11,politics,确定和调整最低工资标准是政府调节收入分配的政策之一。最低工资标准的有效执行能提高低收入者的工资水平，缩小收入差距，同时也,POL-Z0-002,法律常识,,POL-X1-352,第二课 国家的结构形式,,POL-Z0-001,道德与心理健康,,,,,
1290,politics_2022_beijing_14,politics,某绘画比赛主办方赛前承诺奖励一等奖获得者1万元。7周岁的小学生甲获得一等奖。一公司看上了甲的获奖作品，提出要以2万元买下,POL-Z0-002,法律常识,,POL-X1-352,第二课 国家的结构形式,,POL-Z0-001,道德与心理健康,,,,,
1293,politics_2022_beijing_17,politics,【记忆】北京雨燕春天来到北京筑巢繁衍，夏末带着新生的小雨燕跨越中亚远赴非洲，待来年再准时飞回北京。古建筑上空北京雨燕飞舞,POL-Z0-002,法律常识,,POL-X1-352,第二课 国家的结构形式,,POL-Z0-001,道德与心理健康,,,,,
1300,politics_2023_beijing_3,politics,从2023年3月23日起，北京市园林绿化局联合市气象局正式发布森林体验指数，公众出游时可据此选择心仪的游憩目的地。这一做,POL-Z0-002,法律常识,,POL-X1-352,第二课 国家的结构形式,,POL-Z0-001,道德与心理健康,,,,,
1301,politics_2023_beijing_4,politics,大象跑、蘑菇跑、小怪兽跑……这些有趣的名字其实是热门跑步线路。在天坛公园，跑步者沿着特定线路，奔跑于古建筑之间，应用程序,POL-Z0-002,法律常识,,POL-X1-352,第二课 国家的结构形式,,POL-Z0-001,道德与心理健康,,,,,
1302,politics_2023_beijing_5,politics,“人见佳山水，辄曰‘如画’，见善丹青，辄曰‘逼真’。”清代画家王鉴的这句话道出了人们对美好事物的审美体验。可见，“如画”,POL-Z0-002,法律常识,,POL-X1-352,第二课 国家的结构形式,,POL-Z0-001,道德与心理健康,,,,,
1303,politics_2023_beijing_6,politics,画好一幅植物博物画，不仅需要精湛的绘画技艺，还需要长时间的细致观察，将所绘植物最鲜明的物种特征表现出来，植物博物画的创作,POL-Z0-002,法律常识,,POL-X1-352,第二课 国家的结构形式,,POL-Z0-001,道德与心理健康,,,,,
1304,politics_2023_beijing_7,politics,2023年4月，“中国首次火星探测火星全球影像图”发布。借助这批影像，国际天文联合会根据相关规则，以中国的历史文化名村名,POL-Z0-002,法律常识,,POL-X1-352,第二课 国家的结构形式,,POL-Z0-001,道德与心理健康,,,,,
1305,politics_2023_beijing_8,politics,走路时留意观察路边井盖成了一位政协委员的“职业病”，“病根”源自一封群众来信，反映一条不长的路上就有多个“骑沿井”（如图,POL-Z0-002,法律常识,,POL-X1-352,第二课 国家的结构形式,,POL-Z0-001,道德与心理健康,,,,,
1306,politics_2023_beijing_9,politics,某居民去办理户政业务，因异地往返不便，一时难以提供相关证明。户籍民警了解到这一情况，主动告知该居民可以采用“个人承诺”的,POL-Z0-002,法律常识,,POL-X1-352,第二课 国家的结构形式,,POL-Z0-001,道德与心理健康,,,,,
1310,politics_2023_beijing_13,politics,公共数据是各级党政机关、企事业单位依法履职或提供公共服务过程中产生的数据类型，具有权威性、基础性、可控性、公益性等特点。,POL-Z0-002,法律常识,,POL-X1-352,第二课 国家的结构形式,,POL-Z0-001,道德与心理健康,,,,,
1313,politics_2023_beijing_16,politics,诗歌，是诗题和诗句的统一体，“先赋诗”和“先立题”分别代表了两种不同的创作路径。有些诗歌是即兴而作，诗人有感而发，赋诗之,POL-Z0-002,法律常识,,POL-X1-352,第二课 国家的结构形式,,POL-Z0-001,道德与心理健康,,,,,
1319,politics_2024_beijing_2,politics,基层是国家治理的末梢，是党和政府联系服务群众的“最后一公里”。整治形式主义为基层减负，是一项重要政治任务。身边有什么问题,POL-Z0-002,法律常识,,POL-X1-352,第二课 国家的结构形式,,POL-Z0-001,道德与心理健康,,,,,
1320,politics_2024_beijing_3,politics,将青山唤作“翠微”，“十里楼台倚翠微”；将信使唤作“鸿雁”，“鸿雁几时到，江湖秋水多”；将日月星辰唤作“曜灵”“望舒”“,POL-Z0-002,法律常识,,POL-X1-352,第二课 国家的结构形式,,POL-Z0-001,道德与心理健康,,,,,
1321,politics_2024_beijing_4,politics,每年春天和秋天，有数百万只鸟在迁徙途中经过北京。某社区在专业团队的支持下，基于已有的湿地环境进行微地形改造，根据鸟类需要,POL-Z0-002,法律常识,,POL-X1-352,第二课 国家的结构形式,,POL-Z0-001,道德与心理健康,,,,,
1322,politics_2024_beijing_5,politics,长城是中华文明的重要象征。延庆区八达岭镇石峡村的乡亲们自发守护石峡关长城，传承长城文化。习近平总书记回信勉励他们接续努力,POL-Z0-002,法律常识,,POL-X1-352,第二课 国家的结构形式,,POL-Z0-001,道德与心理健康,,,,,
1323,politics_2024_beijing_6,politics,“你劳动的样子真美。”某中学开设了植物栽培、面点制作、陶瓷修复、三维打印等劳动课程。就课程参与情况，下列说法合乎逻辑的是,POL-Z0-002,法律常识,,POL-X1-352,第二课 国家的结构形式,,POL-Z0-001,道德与心理健康,,,,,
1324,politics_2024_beijing_7,politics,消费价格调查，俗称采价，是获取居民消费价格指数（CPI）源头数据的基础，直接关系到数据质量。关于电影票的采价，下列说法正,POL-Z0-002,法律常识,,POL-X1-352,第二课 国家的结构形式,,POL-Z0-001,道德与心理健康,,,,,
1328,politics_2024_beijing_11,politics,“宝藏秘境，奇幻之旅，198元特价（无额外消费）……”，F公司发布了一则探洞游广告。王某报名参加，签订了旅游合同，并在F,POL-Z0-002,法律常识,,POL-X1-352,第二课 国家的结构形式,,POL-Z0-001,道德与心理健康,,,,,
1329,politics_2024_beijing_12,politics,水是生命之源。随着我国市政公用事业市场化改革，水务市场参与主体多元化，政府对居民生活用水实行“阶梯式水价”。大型国有水务,POL-Z0-002,法律常识,,POL-X1-352,第二课 国家的结构形式,,POL-Z0-001,道德与心理健康,,,,,
1330,politics_2024_beijing_13,politics,截至2023年底，我国冰箱、洗衣机、空调等主要品类家电保有量超过30亿台。当前，我国正处于家电报废的高峰期，每年有1亿至,POL-Z0-002,法律常识,,POL-X1-352,第二课 国家的结构形式,,POL-Z0-001,道德与心理健康,,,,,
1332,politics_2024_beijing_15,politics,文化遗产合作是中法两国文化关系中颇具活力的亮点。中国秦始皇帝陵博物院与法国文化遗产科学基金会签署协议书，双方联合开展秦始,POL-Z0-002,法律常识,,POL-X1-352,第二课 国家的结构形式,,POL-Z0-001,道德与心理健康,,,,,
1340,politics_2025_beijing_2,politics,近年来，北京市中小学在综合实践活动课程方面展开创新尝试：“泥土里长出了课程”，学生在种花种草时观察植物生长，在磨豆腐时预,POL-Z0-002,法律常识,,POL-X1-352,第二课 国家的结构形式,,POL-Z0-001,道德与心理健康,,,,,
1342,politics_2025_beijing_4,politics,广袤的野鸭湖湿地里，全新启用的AI“鹰眼”鸟类监测系统如同敏锐的猎手，一旦有鸟类进入视野，便能快速识别它们的种类、数量和,POL-Z0-002,法律常识,,POL-X1-352,第二课 国家的结构形式,,POL-Z0-001,道德与心理健康,,,,,
1343,politics_2025_beijing_5,politics,近年来，北京市的水生态保护工作成效斐然，全市八成以上水体达到了健康等级。曾经在山区清洁水体中才能见到的“五彩鱼”家族——,POL-Z0-002,法律常识,,POL-X1-352,第二课 国家的结构形式,,POL-Z0-001,道德与心理健康,,,,,
1344,politics_2025_beijing_6,politics,葱，与中国人相伴数千年，无数菜肴的调味都少不了一把“灵魂小葱”。从餐盘跃上纸张，葱又成为了美好的文化象征。我们用“葱指”,POL-Z0-002,法律常识,,POL-X1-352,第二课 国家的结构形式,,POL-Z0-001,道德与心理健康,,,,,
1348,politics_2025_beijing_10,politics,书法家甲将自己书写的一幅具备独创性的春联书法作品“天泰地泰三阳泰，家和人和万事和”（内容选自清代刻本）赠与乙以贺新春。乙,POL-Z0-002,法律常识,,POL-X1-352,第二课 国家的结构形式,,POL-Z0-001,道德与心理健康,,,,,
1349,politics_2025_beijing_11,politics,遗嘱关乎财富与爱的传承，普及遗嘱是社会共同责任。下列说法正确的是（ ）A. 甲生前先办理了公证遗嘱，临终前又立了一份录像,POL-Z0-002,法律常识,,POL-X1-352,第二课 国家的结构形式,,POL-Z0-001,道德与心理健康,,,,,
1350,politics_2025_beijing_12,politics,2020—2023年，我国部分宏观经济指标的年度增速变化如下图所示。据此，下列说法正确的是（ ）①2021年货币供给规模,POL-Z0-002,法律常识,,POL-X1-352,第二课 国家的结构形式,,POL-Z0-001,道德与心理健康,,,,,
5751,politics_2018_national_ii_001,politics,2%,POL-Z0-002,法律常识,,POL-X1-352,第二课 国家的结构形式,,POL-Z0-001,道德与心理健康,,,,,
5752,politics_2018_national_ii_002,politics,7% 通货膨胀率 5%,POL-Z0-002,法律常识,,POL-X1-352,第二课 国家的结构形式,,POL-Z0-001,道德与心理健康,,,,,
5755,politics_2019_beijing_zk_002,politics,"2018年12月8门，伴随着巨大的火箭爰鸣，肩负着亿万中华儿女的探月飞天梦想,我国在西昌卫星发射中心用长征三号乙运载火箭",POL-Z0-002,法律常识,,POL-X1-352,第二课 国家的结构形式,,POL-Z0-001,道德与心理健康,,,,,
5756,politics_2019_beijing_zk_004,politics,"《黄帝内经》中有“喜伤心、怒伤肝、忧伤肺、恐伤肾、思伤脾""的记载，这启示我们 ①喜怒哀乐是人之常情 ②情绪与人的身心健康",POL-Z0-002,法律常识,,POL-X1-352,第二课 国家的结构形式,,POL-Z0-001,道德与心理健康,,,,,
5757,politics_2019_beijing_zk_005,politics,图2给我们的启示是 ①面对诱惑要提高自控能力 ②努力奋斗就能够取得成功 ③面对挫折，态度不同结果可能会不同 ④面对挫折要,POL-Z0-002,法律常识,,POL-X1-352,第二课 国家的结构形式,,POL-Z0-001,道德与心理健康,,,,,
5758,politics_2019_beijing_zk_006,politics,下面是一段关于友谊的故事。 相识的那一年，他29岁，他39岁。一位情操高尚、平民情嫌、家国精怀，一位学识广博、光明磊落、,POL-Z0-002,法律常识,,POL-X1-352,第二课 国家的结构形式,,POL-Z0-001,道德与心理健康,,,,,
5759,politics_2019_beijing_zk_007,politics,"北京市政府整治城市顽疾, 规范环境秩序，改善核心区背街小巷的环境面貌，让胡同成为有绿茵处、有鸟鸣声、有老北京氛围的清净舒",POL-Z0-002,法律常识,,POL-X1-352,第二课 国家的结构形式,,POL-Z0-001,道德与心理健康,,,,,
5760,politics_2019_beijing_zk_008,politics,网上流传的一些名人名言并非真的出自名人之曰。最近，鲁迅博物馆资料查询在线检测系统上线，鲁迅是否说过相关词句，输入关键词一,POL-Z0-002,法律常识,,POL-X1-352,第二课 国家的结构形式,,POL-Z0-001,道德与心理健康,,,,,
5761,politics_2019_beijing_zk_009,politics,图3给我们的警示是,POL-Z0-002,法律常识,,POL-X1-352,第二课 国家的结构形式,,POL-Z0-001,道德与心理健康,,,,,
5763,politics_2019_beijing_zk_011,politics,为了更好地保护非物质文化遗产，有市民给相关国家机关提了一些建议。下列建议中，应由全国人大及其常委会行使职权的是,POL-Z0-002,法律常识,,POL-X1-352,第二课 国家的结构形式,,POL-Z0-001,道德与心理健康,,,,,
5764,politics_2019_beijing_zk_012,politics,2019年1月，北京市《关于加强城市精细化管理工作的意见》正式公布。《意见》指出：本市将探索推行“个人诚信分”工程，守信,POL-Z0-002,法律常识,,POL-X1-352,第二课 国家的结构形式,,POL-Z0-001,道德与心理健康,,,,,
5765,politics_2019_beijing_zk_013,politics,"2019年世界园艺博览会北京园以“四合院”为核心景观，让全世界从一个“小院落”品味“大北京”。这是因为北京“四合院"" ①",POL-Z0-002,法律常识,,POL-X1-352,第二课 国家的结构形式,,POL-Z0-001,道德与心理健康,,,,,
5766,politics_2019_beijing_zk_014,politics,2018年第二批全国“新时代好少年”小李长期积极参加首都博物馆、首都图月馆义务讲解，以及社区绿色低碳宣传活动，组织同学为,POL-Z0-002,法律常识,,POL-X1-352,第二课 国家的结构形式,,POL-Z0-001,道德与心理健康,,,,,
5767,politics_2019_beijing_zk_015,politics,"中学生小叶无意中把雨伞倒挂在围栏上， 伞里接满了雨水。他想，北京那么缺水,要是能制作一个收集雨水、自动浇花的装置就好了，",POL-Z0-002,法律常识,,POL-X1-352,第二课 国家的结构形式,,POL-Z0-001,道德与心理健康,,,,,
5769,politics_2019_beijing_zk_017,politics,图5废品回收的变化从一个侧面表明 b.人民生活水平提高了,POL-Z0-002,法律常识,,POL-X1-352,第二课 国家的结构形式,,POL-Z0-001,道德与心理健康,,,,,
5770,politics_2019_beijing_zk_018,politics,垃圾虽小，却牵着民生。目前我国城市生活垃圾收集、运输和处理模式粗放，推进垃圾分类迟缓，增加了处理量和难度，造成每年数百亿,POL-Z0-002,法律常识,,POL-X1-352,第二课 国家的结构形式,,POL-Z0-001,道德与心理健康,,,,,
5771,politics_2019_beijing_zk_019,politics,在《长征》主题汇演中，来自国家大剧院“歌剧兴趣培养基地”的300余名学生，重温红色经典，用自己的方式向先辈致敬。不少学生,POL-Z0-002,法律常识,,POL-X1-352,第二课 国家的结构形式,,POL-Z0-001,道德与心理健康,,,,,
5772,politics_2019_beijing_zk_020,politics,亚洲是人类文明的重要发祥地。图6中的“发明创造”表明 ①亚洲人民创造了辉煌的文明成果 ②亚洲各国相可依存程度空前加深 ③,POL-Z0-002,法律常识,,POL-X1-352,第二课 国家的结构形式,,POL-Z0-001,道德与心理健康,,,,,
5774,politics_2019_beijing_zk_022,politics,（10分）某校开展“模拟人大”实践活动，有同学提出下列议案。 关于设立“孝心车位”的议案（摘要） 随着我国老龄化社会的加,POL-Z0-002,法律常识,,POL-X1-352,第二课 国家的结构形式,,POL-Z0-001,道德与心理健康,,,,,
5780,politics_2021_jiangsu_002,politics,会议制度和工作程序。全国人大议事规则规定了全国人大及其常委会的组织制度、会议制度和工作程序。2021年3月11日，十三届,POL-Z0-002,法律常识,,POL-X1-352,第二课 国家的结构形式,,POL-Z0-001,道德与心理健康,,,,,
5784,politics_2021_jiangsu_006,politics,新疆某县常年气候干燥，一直以红花种植为主导产业，但受制于资金和技术，红花产业始终停留在手工作坊阶段，加工工艺落后，产品附,POL-Z0-002,法律常识,,POL-X1-352,第二课 国家的结构形式,,POL-Z0-001,道德与心理健康,,,,,
5785,politics_2021_jiangsu_007,politics,第七次全国人口普查结果显示，我国人口结构发生较大变化。从年龄结构看，人口老龄化程度进一步加深，15～50岁人口占比63.,POL-Z0-002,法律常识,,POL-X1-352,第二课 国家的结构形式,,POL-Z0-001,道德与心理健康,,,,,
5789,politics_2021_jiangsu_011,politics,下图给我们的哲学启示是（ ） ①生物的反应形式是意识产生的前提 ②人的意识可以能动地认识世界 ③意识对改造客观世界具有指,POL-Z0-002,法律常识,,POL-X1-352,第二课 国家的结构形式,,POL-Z0-001,道德与心理健康,,,,,
5792,politics_2021_jiangsu_014,politics,下图漫画《搭档》与下列诗句所体现哲理最相近的是（ ）,POL-Z0-002,法律常识,,POL-X1-352,第二课 国家的结构形式,,POL-Z0-001,道德与心理健康,,,,,
5796,politics_2021_jiangsu_018,politics,提升公共文化服务水平是“十四五”规划和2035年远景目标纲要的重要内容。提升公共文化服务水平离不开公共文化空间建构，乡村,POL-Z0-002,法律常识,,POL-X1-352,第二课 国家的结构形式,,POL-Z0-001,道德与心理健康,,,,,
5806,politics_2022_hainan_006,politics,0,POL-Z0-002,法律常识,,POL-X1-352,第二课 国家的结构形式,,POL-Z0-001,道德与心理健康,,,,,
5809,politics_2022_hainan_008,politics,2021年，海南省新建人大代表联络站400多个，构筑起以镇(街)为主，重点村(居)为辅的代表联络站网格体系，开展直选代表,POL-Z0-002,法律常识,,POL-X1-352,第二课 国家的结构形式,,POL-Z0-001,道德与心理健康,,,,,
5810,politics_2022_hainan_009,politics,全国政协围绕“持续优化营商环境”，组织开展了自主调研、集体调研，走进企业了解存在的主要困难和问题，并听取意见和建议，形成,POL-Z0-002,法律常识,,POL-X1-352,第二课 国家的结构形式,,POL-Z0-001,道德与心理健康,,,,,
5812,politics_2022_hainan_011,politics,2021年，海南省全面推行“一枚印章管审批”，特别极简审批园区从3个推广到14个，园区项目落地审批提速70%;打造“海易,POL-Z0-002,法律常识,,POL-X1-352,第二课 国家的结构形式,,POL-Z0-001,道德与心理健康,,,,,
5813,politics_2022_hainan_012,politics,海南某黎族乡村小学在落实“双减”政策中，开展形式多样的课后服务，邀请黎锦等“非遗”项目传承人走进课堂，讲述历史文化，传授,POL-Z0-002,法律常识,,POL-X1-352,第二课 国家的结构形式,,POL-Z0-001,道德与心理健康,,,,,
5816,politics_2022_hainan_015,politics,3 比重(%),POL-Z0-002,法律常识,,POL-X1-352,第二课 国家的结构形式,,POL-Z0-001,道德与心理健康,,,,,
5818,politics_2022_hainan_016,politics,符某与房主邢某签订了1年的书面租房合同。合同到期后，符某以手机短信向邢某表示，愿以原合同约定的租金及内容续租3年，邢某当,POL-Z0-002,法律常识,,POL-X1-352,第二课 国家的结构形式,,POL-Z0-001,道德与心理健康,,,,,
5819,politics_2022_hainan_017,politics,著作权是权利人针对特定作品依法享有的支配和获取利益的权利。他人未经著作权人许可，擅自使用作品，有可能构成侵权。下列属于侵,POL-Z0-002,法律常识,,POL-X1-352,第二课 国家的结构形式,,POL-Z0-001,道德与心理健康,,,,,
5821,politics_2022_hainan_019,politics,4,POL-Z0-002,法律常识,,POL-X1-352,第二课 国家的结构形式,,POL-Z0-001,道德与心理健康,,,,,
5824,politics_2022_hainan_020,politics,当“如果沉迷于手机，学习成绩肯定会下降”为真，则下列逻辑判断必为假的是（ ）,POL-Z0-002,法律常识,,POL-X1-352,第二课 国家的结构形式,,POL-Z0-001,道德与心理健康,,,,,
5825,politics_2022_hainan_021,politics,《伊索寓言》中有这样一段描述:有一只狗习惯吃鸡蛋，久而久之，它认为一切圆的都是鸡蛋。有一次，它看见一个圆圆的海螺，以为是,POL-Z0-002,法律常识,,POL-X1-352,第二课 国家的结构形式,,POL-Z0-001,道德与心理健康,,,,,
5826,politics_2022_hainan_022,politics,小海通过上游泳课发现，自己在10℃的水中可游0.5小时;在15℃的水中可游1小时;在18℃的水中可游1.5小时;在21℃,POL-Z0-002,法律常识,,POL-X1-352,第二课 国家的结构形式,,POL-Z0-001,道德与心理健康,,,,,
5831,politics_2022_national_b_001,politics,2022年中央一号文件明确要求：适当提高稻谷、小麦最低收购价，健全农民种粮收益保障机制；在黄淮海、西北、西南地区推广玉米,POL-Z0-002,法律常识,,POL-X1-352,第二课 国家的结构形式,,POL-Z0-001,道德与心理健康,,,,,
5832,politics_2022_national_b_002,politics,2022年，我国在企业所得税征收中加大研发费用加计扣除政策实施力度，将科技型中小企业加计扣除比例从75%提高到100%[,POL-Z0-002,法律常识,,POL-X1-352,第二课 国家的结构形式,,POL-Z0-001,道德与心理健康,,,,,
5833,politics_2022_national_b_003,politics,在美丽乡村建设行动中，某县深入实施城乡环卫一体化工程，配备环卫基础设施，招标引进专业环卫公司负责全县范围的污染水体治理。,POL-Z0-002,法律常识,,POL-X1-352,第二课 国家的结构形式,,POL-Z0-001,道德与心理健康,,,,,
5834,politics_2022_national_b_004,politics,2022年，我国财政赤字率(财政赤字/GDP)拟按2.8%左右安排，比2021年有所下调，但财政支出规模将比2021年扩,POL-Z0-002,法律常识,,POL-X1-352,第二课 国家的结构形式,,POL-Z0-001,道德与心理健康,,,,,
5835,politics_2022_national_b_005,politics,某市构建社区党组织领导下的“网格一楼栋-单元”分级负责的社区治理组织架构网格长由社区专职工作人员担任，楼栋长和单元长从居,POL-Z0-002,法律常识,,POL-X1-352,第二课 国家的结构形式,,POL-Z0-001,道德与心理健康,,,,,
5836,politics_2022_national_b_006,politics,2021年施行《长江保护法》规定：国务院有关部门和长江流域省级人民政府负责落实国家长江流域协调机制的决策，按照职责分工负,POL-Z0-002,法律常识,,POL-X1-352,第二课 国家的结构形式,,POL-Z0-001,道德与心理健康,,,,,
5843,politics_2022_national_b_013,politics,阅读材料，完成下列要求。 2021年以来，以原油、铁矿石、有色金属等工业基础原材料为代表的国际大宗商品价格持续上涨，直接,POL-Z0-002,法律常识,,POL-X1-352,第二课 国家的结构形式,,POL-Z0-001,道德与心理健康,,,,,
5848,politics_2023_national_new_003,politics,2022年，国家知识产权局对全国20余个省（区、市）1万多个专利权人开展专利产业化过程中的主要制约因素专题调研。调研结果,POL-Z0-002,法律常识,,POL-X1-352,第二课 国家的结构形式,,POL-Z0-001,道德与心理健康,,,,,
5851,politics_2023_national_new_006,politics,《第十三届全国人民代表大会第五次会议关于第十四届全国人民代表大会代表名额和选举问题的决定》规定：第十四届全国人民代表大会,POL-Z0-002,法律常识,,POL-X1-352,第二课 国家的结构形式,,POL-Z0-001,道德与心理健康,,,,,
5852,politics_2023_national_new_007,politics,“岁朝图”原是文人雅士为祈福新年而以鲜花、果蔬等为素材创作的绘画作品。到了近代，齐白石等绘画大师将“岁朝图”生活化、世俗,POL-Z0-002,法律常识,,POL-X1-352,第二课 国家的结构形式,,POL-Z0-001,道德与心理健康,,,,,
5854,politics_2023_national_new_009,politics,据商务部统计，2023年1~3月，全国实际使用外资4084.5亿元人民币，同比增长4.9%。高技术产业实际使用外资156,POL-Z0-002,法律常识,,POL-X1-352,第二课 国家的结构形式,,POL-Z0-001,道德与心理健康,,,,,
5855,politics_2023_national_new_010,politics,1993年至2023年1月，中国累计派出援助圭亚那医疗队18期263人次，在当地乔治敦公立医院、林登地区医院等开展医疗援,POL-Z0-002,法律常识,,POL-X1-352,第二课 国家的结构形式,,POL-Z0-001,道德与心理健康,,,,,
5857,politics_2023_national_new_012,politics,无农不稳，无粮则乱。无论社会现代化程度有多高，14亿多人口粮食和重要农产品稳定供给始终是头等大事。“只有把牢粮食安全主动,POL-Z0-002,法律常识,,POL-X1-352,第二课 国家的结构形式,,POL-Z0-001,道德与心理健康,,,,,
5860,politics_2023_national_new_015,politics,阅读材料，完成下列要求。 胡凤益从小参与田间劳动，感受着农业劳作的限辛，梦想着“种一次就能年年收割”的庄稼。为圆少年时期,POL-Z0-002,法律常识,,POL-X1-352,第二课 国家的结构形式,,POL-Z0-001,道德与心理健康,,,,,
5864,politics_2023_tianjin_003,politics,2023年全国两会前夕，代表委员们走进群众收集意见建议，准备议案提案。在广东，杨登辉代表广泛征集建议，笔记本上写满技能人,POL-Z0-002,法律常识,,POL-X1-352,第二课 国家的结构形式,,POL-Z0-001,道德与心理健康,,,,,
5868,politics_2023_tianjin_007,politics,怎样进火车站刷票，怎样在机器上挂号等，是一些人可能遇到“生活挑战”。一位博主切中这些看似不起眼、实则广泛存在的生活需求，,POL-Z0-002,法律常识,,POL-X1-352,第二课 国家的结构形式,,POL-Z0-001,道德与心理健康,,,,,
5872,politics_2023_tianjin_011,politics,“他俩下棋一丁点儿意思也没有，但有几步还挺有趣。”为避免与观棋人犯相同的逻辑错误，在同一思维过程中( ),POL-Z0-002,法律常识,,POL-X1-352,第二课 国家的结构形式,,POL-Z0-001,道德与心理健康,,,,,
5873,politics_2023_tianjin_012,politics,周某经营的网店开展限时免单活动，公布规则为付款优先者享受。但在张某购买相关商品且符合免单条件时，周某未给张某免单。对此认,POL-Z0-002,法律常识,,POL-X1-352,第二课 国家的结构形式,,POL-Z0-001,道德与心理健康,,,,,
5874,politics_2023_tianjin_013,politics,16周岁的小刘与某保安公司签订书面劳动合同，其中约定：“法定节假日一律不得休假”。今年“五一”来临之前，小刘已经连续工作,POL-Z0-002,法律常识,,POL-X1-352,第二课 国家的结构形式,,POL-Z0-001,道德与心理健康,,,,,
5878,politics_2023_tianjin_017,politics,阅读材料，回答问题。 科学家们100多年前就提出了许多奔赴外太空的构想，其中包括将多节火箭串联起来，组成一列多级火箭以提,POL-Z0-002,法律常识,,POL-X1-352,第二课 国家的结构形式,,POL-Z0-001,道德与心理健康,,,,,
5881,politics_2024_fujian_002,politics,某科研团队利用自主研发的“苹果多种源品质育种法”等多项国家发明专利技术，培育出红肉苹果新品种，填补了国内空白。其中红肉苹,POL-Z0-002,法律常识,,POL-X1-352,第二课 国家的结构形式,,POL-Z0-001,道德与心理健康,,,,,
5886,politics_2024_fujian_007,politics,《中华人民共和国种子法》规定，国家对种质资源享有主权。近年来，境外间谍情报机构窃取我国优质稻种及制种技术核心科研情报，对,POL-Z0-002,法律常识,,POL-X1-352,第二课 国家的结构形式,,POL-Z0-001,道德与心理健康,,,,,
5889,politics_2024_fujian_010,politics,付某将美术立体光影理念融入传统苏绣技法中，用丝线色彩表现青铜器立体感；为呈现青铜器的沧桑感和金属质感，他十分讲究丝线颜色,POL-Z0-002,法律常识,,POL-X1-352,第二课 国家的结构形式,,POL-Z0-001,道德与心理健康,,,,,
5890,politics_2024_fujian_011,politics,从“岁月斑驳”的青铜器苏绣作品可以看出（ ） ①题材多样化丰富了苏绣的内涵 ②技法创新增强了苏绣的文化底蕴 ③坚守自身特,POL-Z0-002,法律常识,,POL-X1-352,第二课 国家的结构形式,,POL-Z0-001,道德与心理健康,,,,,
5891,politics_2024_fujian_012,politics,为破解那曲植树难题，2016年科技部启动那曲植树关键技术研发项目。相关科研团队在那曲建立实验基地，选择云杉等适合那曲生长,POL-Z0-002,法律常识,,POL-X1-352,第二课 国家的结构形式,,POL-Z0-001,道德与心理健康,,,,,
5892,politics_2024_fujian_013,politics,该项目启动8年后，那曲从无树变成有树。根据该事实判断：“成功破解那曲植树难题”是“那曲可以种活树”的（ ）,POL-Z0-002,法律常识,,POL-X1-352,第二课 国家的结构形式,,POL-Z0-001,道德与心理健康,,,,,
5893,politics_2024_fujian_014,politics,如图漫画《原因被我找到了》启示我们（ ） 作者：刘庆涛,POL-Z0-002,法律常识,,POL-X1-352,第二课 国家的结构形式,,POL-Z0-001,道德与心理健康,,,,,
5896,politics_2024_fujian_017,politics,阅读材料，完成下列要求。 福建省在全国率先提出建立以乡村建设与乡村创新创业创造为主题的两岸合作机制，明确乡村可委托台湾团,POL-Z0-002,法律常识,,POL-X1-352,第二课 国家的结构形式,,POL-Z0-001,道德与心理健康,,,,,
5901,politics_2024_hubei_002,politics,现如今买了电器，有故障需要维修时，常会遇到保修附加条件多、小病大修、乱收费等花式套路，让消费者感到买得起修不起，既“头疼,POL-Z0-002,法律常识,,POL-X1-352,第二课 国家的结构形式,,POL-Z0-001,道德与心理健康,,,,,
5903,politics_2024_hubei_003,politics,6% 农村居民,POL-Z0-002,法律常识,,POL-X1-352,第二课 国家的结构形式,,POL-Z0-001,道德与心理健康,,,,,
5906,politics_2024_hubei_005,politics,1%,POL-Z0-002,法律常识,,POL-X1-352,第二课 国家的结构形式,,POL-Z0-001,道德与心理健康,,,,,
5910,politics_2024_hubei_006,politics,6%,POL-Z0-002,法律常识,,POL-X1-352,第二课 国家的结构形式,,POL-Z0-001,道德与心理健康,,,,,
5918,politics_2024_hubei_009,politics,李四离世后留有价值210万元的房产（登记在夫妻名下），还有以个人名义借的购房款10万元未还。此时，李四的孩子李小四尚在妈,POL-Z0-002,法律常识,,POL-X1-352,第二课 国家的结构形式,,POL-Z0-001,道德与心理健康,,,,,
5919,politics_2024_hubei_010,politics,张三喜添二孩，同事陈六带了10斤鸡蛋上门贺喜，张三说“来就来嘛，客气啥”，然后收下了鸡蛋，并和陈六约定等孩子满月了来喝酒,POL-Z0-002,法律常识,,POL-X1-352,第二课 国家的结构形式,,POL-Z0-001,道德与心理健康,,,,,
5920,politics_2024_hubei_011,politics,当雨滴从空中降落后，一旦遇到温度低于零摄氏度物体，会迅速冻结成冰，这种天气现象叫做“冻雨”，冻雨落下后在物体表面形成冰层,POL-Z0-002,法律常识,,POL-X1-352,第二课 国家的结构形式,,POL-Z0-001,道德与心理健康,,,,,
5921,politics_2024_hubei_012,politics,在去西天取经的路上，孙悟空、猪八戒和沙和尚有如下约定：只有孙悟空回了花果山或沙和尚回了流沙河，猪八戒才能回高老庄。下列哪,POL-Z0-002,法律常识,,POL-X1-352,第二课 国家的结构形式,,POL-Z0-001,道德与心理健康,,,,,
5922,politics_2024_hubei_013,politics,下图漫画揭示的哲理是（ ） ①实践与认识的同一是对立中的同一 ②认识的真理性要在实践过程中反复检验 ③认识都能与实践达到,POL-Z0-002,法律常识,,POL-X1-352,第二课 国家的结构形式,,POL-Z0-001,道德与心理健康,,,,,
5925,politics_2024_hubei_016,politics,某设计师使用人工智能工具创作画作《太空歌剧院》，在数字类别竞赛中夺得头奖，这是人类第一次把奖项颁给人工智能作品；某公司用,POL-Z0-002,法律常识,,POL-X1-352,第二课 国家的结构形式,,POL-Z0-001,道德与心理健康,,,,,
5928,politics_2024_hubei_019,politics,阅读材料，完成下列要求。 一辈子有多长，能干多少事？1938年出生的“油菜院士”傅廷栋，从“小傅”到“傅老”，带领团队培,POL-Z0-002,法律常识,,POL-X1-352,第二课 国家的结构形式,,POL-Z0-001,道德与心理健康,,,,,
5929,politics_2024_hubei_020,politics,阅读材料，完成下列要求。 郝某常请朋友去家门口的A餐馆吃饭，除了方便、口味不错，还因为老板爽快，每次买单遇到总价不是整数,POL-Z0-002,法律常识,,POL-X1-352,第二课 国家的结构形式,,POL-Z0-001,道德与心理健康,,,,,
5944,politics_2025_anhui_015,politics,冰凌花，学名侧金盏花，因顶冰盛放而得名，被誉为东北“报春第一花”。冰凌花的生长不仅是植物学 的奇迹，更体现了在严寒中生存,POL-Z0-002,法律常识,,POL-X1-352,第二课 国家的结构形式,,POL-Z0-001,道德与心理健康,,,,,
5952,politics_2025_guangdong_003,politics,随着我国国际地位和影响力的逐渐提升，中国智慧、中国方案、中国道路等领域成为国外学界研究的热点，主题包括“人类命运共同体”,POL-Z0-002,法律常识,,POL-X1-352,第二课 国家的结构形式,,POL-Z0-001,道德与心理健康,,,,,
5955,politics_2025_guangdong_006,politics,经党中央批准，二十届中央第五轮巡视对河北等15个省（自治区）和新疆生产建设兵团开展常规巡视，同时对昆明市开展提级巡视，并,POL-Z0-002,法律常识,,POL-X1-352,第二课 国家的结构形式,,POL-Z0-001,道德与心理健康,,,,,
5956,politics_2025_guangdong_007,politics,某市市委统战部协调市委办公室，邀请民主党派市级组织负责人列席有关市委常委会会议，让民主党派及时了解党委政府决策部署，掌握,POL-Z0-002,法律常识,,POL-X1-352,第二课 国家的结构形式,,POL-Z0-001,道德与心理健康,,,,,
5957,politics_2025_guangdong_008,politics,"在季节感、风物感及情感生成方式上，不同地域文化差异较大。如中国文学主题之一的“悲秋”,宋玉的“悲哉秋之为气也”堪称代表。",POL-Z0-002,法律常识,,POL-X1-352,第二课 国家的结构形式,,POL-Z0-001,道德与心理健康,,,,,
5958,politics_2025_guangdong_009,politics,在工业化早已解放人类双手的今天，手作却悄然成为现代人的休闲新方式。人们根据自己的喜好手工编织篮子、制作陶艺。缝制香包，在,POL-Z0-002,法律常识,,POL-X1-352,第二课 国家的结构形式,,POL-Z0-001,道德与心理健康,,,,,
5959,politics_2025_guangdong_010,politics,下图漫画“个人力量是加法，团队力量是乘法”蕴含的哲理是（ ） ①整体具有部分所不具备的功能和作用 ②个人与团队之间的矛盾,POL-Z0-002,法律常识,,POL-X1-352,第二课 国家的结构形式,,POL-Z0-001,道德与心理健康,,,,,
5965,politics_2025_guangdong_016,politics,2025年4月19 日，全球首个人形机器人半程马拉松赛事在北京举行。根据赛事要求，参赛机器人须具备人形外观，实现双足行走,POL-Z0-002,法律常识,,POL-X1-352,第二课 国家的结构形式,,POL-Z0-001,道德与心理健康,,,,,
5969,politics_2025_guangdong_020,politics,阅读材料，完成下列要求。 2023年3月，习近平主席同来访的马来西亚总理安瓦尔就构建中马命运共同体达成重要共识。2025,POL-Z0-002,法律常识,,POL-X1-352,第二课 国家的结构形式,,POL-Z0-001,道德与心理健康,,,,,
8701,politics_2024_anhui_014,politics,孤寡老人文某因晚年生活无法自理，在居委会的关心和协调下，与邻居明某签订协议，约定文某的日常生活起居、生病陪护、死后安葬等,POL-Z0-002,法律常识,,POL-X1-352,第二课 国家的结构形式,,POL-Z0-001,道德与心理健康,,,,,
8702,politics_2024_anhui_015,politics,人才是第一资源。若以“所有人才是具有某种特长的人”为大前提，“所有科技工作者是人才”为小前提，按照三段论的基本规则，必然,POL-Z0-002,法律常识,,POL-X1-352,第二课 国家的结构形式,,POL-Z0-001,道德与心理健康,,,,,
8703,politics_2024_anhui_016,politics,某机构根据2013年以来我国居民肉蛋奶、蔬菜以及食糖、食用油消费量变化的统计数据得出：我国居民饮食消费逐渐从“吃得饱”“,POL-Z0-002,法律常识,,POL-X1-352,第二课 国家的结构形式,,POL-Z0-001,道德与心理健康,,,,,
8704,politics_2024_anhui_017,politics,阅读材料，完成下列要求。 材料一 市场发力，春节旅游“红红火火” 2024年是“消费促进年”。龙年春节期间，全国旅游市场,POL-Z0-002,法律常识,,POL-X1-352,第二课 国家的结构形式,,POL-Z0-001,道德与心理健康,,,,,
8707,politics_2024_anhui_020,politics,阅读材料，完成下列要求。 近年来，国风国潮展露新姿，生动闪耀着传统文化的时代光辉。今天，走入新国风传统戏曲的剧场，观众会,POL-Z0-002,法律常识,,POL-X1-352,第二课 国家的结构形式,,POL-Z0-001,道德与心理健康,,,,,
8729,politics_2024_chongqing_001,politics,东汉史学家班固在《汉书》中称赞河间献王刘德“修学好古，实事求是”；唐代学者颜师古将“实事求是”注为“务得事实，每求真是也,POL-Z0-002,法律常识,,POL-X1-352,第二课 国家的结构形式,,POL-Z0-001,道德与心理健康,,,,,
8731,politics_2024_chongqing_003,politics,习近平指出，“实践反复证明，坚持实事求是，就能兴党兴国；违背实事求是，就会误党误国。”对此，说法正确的是（ ） ①坚持实,POL-Z0-002,法律常识,,POL-X1-352,第二课 国家的结构形式,,POL-Z0-001,道德与心理健康,,,,,
8735,politics_2024_chongqing_007,politics,ESG关注企业的环保责任（Environmental）、社会责任（Social）、治理绩效（Governance），而非,POL-Z0-002,法律常识,,POL-X1-352,第二课 国家的结构形式,,POL-Z0-001,道德与心理健康,,,,,
8737,politics_2024_chongqing_009,politics,“耳听为虚，眼见未必为实。”Sora等文生视频大模型能生成几乎可以“以假乱真”的视频（如图）。这种技术的快速迭代和广泛应,POL-Z0-002,法律常识,,POL-X1-352,第二课 国家的结构形式,,POL-Z0-001,道德与心理健康,,,,,
8739,politics_2024_chongqing_011,politics,针对消防通道占用、网吧接纳未成年人等违法行为，乡镇（街道）由于行政执法权限相对缺失，常常陷入“看得见管不着”的困境。对此,POL-Z0-002,法律常识,,POL-X1-352,第二课 国家的结构形式,,POL-Z0-001,道德与心理健康,,,,,
8741,politics_2024_chongqing_013,politics,1968年，美国工程师提出“太空电站”构想：在太空建设太阳能电站，将电磁能无线传输到地面接收站。随着相关理论和技术的突破,POL-Z0-002,法律常识,,POL-X1-352,第二课 国家的结构形式,,POL-Z0-001,道德与心理健康,,,,,
8743,politics_2024_chongqing_015,politics,老李丧偶后，独自抚养子女成人。子女大学毕业后赴外地工作定居。由于担心老无所依，老李与同小区居住的侄子李某订立了成年意定监,POL-Z0-002,法律常识,,POL-X1-352,第二课 国家的结构形式,,POL-Z0-001,道德与心理健康,,,,,
8744,politics_2024_chongqing_016,politics,“远亲不如近邻。”关于处理相邻关系，正确的是（ ）,POL-Z0-002,法律常识,,POL-X1-352,第二课 国家的结构形式,,POL-Z0-001,道德与心理健康,,,,,
8751,politics_2024_gansu_005,politics,2024年4月，习近平在重庆调研时说：“中国式现代化，民生为大。希望各级党委和政府都能为解决民生问题投入更多的财力物力，,POL-Z0-002,法律常识,,POL-X1-352,第二课 国家的结构形式,,POL-Z0-001,道德与心理健康,,,,,
8755,politics_2024_gansu_009,politics,脑机接口是指在人或动物大脑与外部设备之间不通过肌肉组织实现的信息交换系统。我国科研团队成功研发的新型脑机接口，将两枚硬币,POL-Z0-002,法律常识,,POL-X1-352,第二课 国家的结构形式,,POL-Z0-001,道德与心理健康,,,,,
8759,politics_2024_gansu_013,politics,加强知识产权的法律保护，有助于中华优秀传统文化的保护、传承与创新。下列行为合法的是（ ） ①美术学院张老师用非遗传承人的,POL-Z0-002,法律常识,,POL-X1-352,第二课 国家的结构形式,,POL-Z0-001,道德与心理健康,,,,,
8760,politics_2024_gansu_014,politics,王某在丈夫去世后没有改嫁，一直尽心尽力地照料体弱多病的公公。6年后王某的公公去世，王某与丈夫的弟弟李某在分割遗产时发生争,POL-Z0-002,法律常识,,POL-X1-352,第二课 国家的结构形式,,POL-Z0-001,道德与心理健康,,,,,
8761,politics_2024_gansu_015,politics,某球队拟选派队员参加省运会，初步人选是小丁和小韩。对于最终人选的确定，甲、乙、丙三位教练意见如下，甲：假如不选小丁，那么,POL-Z0-002,法律常识,,POL-X1-352,第二课 国家的结构形式,,POL-Z0-001,道德与心理健康,,,,,
8762,politics_2024_gansu_016,politics,中车集团为杭州亚运会打造的复兴号亚运智能动车组，其车头根据“鹰隼”仿生学设计，可大幅降低空气阻力。对于这一设计所运用的思,POL-Z0-002,法律常识,,POL-X1-352,第二课 国家的结构形式,,POL-Z0-001,道德与心理健康,,,,,
8772,politics_2024_guangdong_006,politics,"2023年12月，中共中央修订《中国共产党纪律处分条例》,要求从严抓好党的纪律建设。经党中央同意，自2024年4月至7月",POL-Z0-002,法律常识,,POL-X1-352,第二课 国家的结构形式,,POL-Z0-001,道德与心理健康,,,,,
8775,politics_2024_guangdong_009,politics,"清朝时，广西巡抚陈元龙向康熙奏报，“桂林山中产有灵芝，时有祥云覆其上”,并引经据典称“王者慈仁则芝生""。康熙在其奏折上批",POL-Z0-002,法律常识,,POL-X1-352,第二课 国家的结构形式,,POL-Z0-001,道德与心理健康,,,,,
8776,politics_2024_guangdong_010,politics,如图两幅漫画共同蕴含的哲理解读，最贴切的是（ ） ①离开了客观存在，就不可能有意识 ②要善于从不同角度思考解决主体的利益,POL-Z0-002,法律常识,,POL-X1-352,第二课 国家的结构形式,,POL-Z0-001,道德与心理健康,,,,,
8777,politics_2024_guangdong_011,politics,中国名贵古典家具常以黄花梨、紫檀等木材为原料，其结构源于建筑，线条取于书法，气韵近于雕塑，劲势法于武术，格调承于诗赋，历,POL-Z0-002,法律常识,,POL-X1-352,第二课 国家的结构形式,,POL-Z0-001,道德与心理健康,,,,,
8780,politics_2024_guangdong_014,politics,罗某以2000元从蔡某处购买山地自行车一辆，支付1000元后蔡某交付该车，双方约定余款1个月内付清。罗某又以120万元从,POL-Z0-002,法律常识,,POL-X1-352,第二课 国家的结构形式,,POL-Z0-001,道德与心理健康,,,,,
8782,politics_2024_guangdong_016,politics,第33届奥运会将于2024年7月在巴黎举行。所有参赛运动员都是优秀运动员，并不是所有参赛运动员都能打破个人最好成绩纪录，,POL-Z0-002,法律常识,,POL-X1-352,第二课 国家的结构形式,,POL-Z0-001,道德与心理健康,,,,,
8791,politics_2024_guangxi_005,politics,2024年4月中共中央办公厅印发了《关于在全党开展党纪学习教育的通知》，强调党纪学习教育要融入日常、抓在经常，紧扣党的政,POL-Z0-002,法律常识,,POL-X1-352,第二课 国家的结构形式,,POL-Z0-001,道德与心理健康,,,,,
8799,politics_2024_guangxi_013,politics,李某婚后于2022年出版了一本著作，书中引用了钱某1960年发表的研究报告部分内容。同年，该著作获得了科研成果奖，李某获,POL-Z0-002,法律常识,,POL-X1-352,第二课 国家的结构形式,,POL-Z0-001,道德与心理健康,,,,,
8801,politics_2024_guangxi_015,politics,广西有横县茉莉花茶、柳州螺蛳粉、百色杧果、武鸣沃柑、恭城月柿、横县茉莉花、广西六堡茶、钦州大蚝、玉林三黄鸡、融安金橘、芳,POL-Z0-002,法律常识,,POL-X1-352,第二课 国家的结构形式,,POL-Z0-001,道德与心理健康,,,,,
8806,politics_2024_guangxi_020,politics,阅读材料，完成下列要求。 18周岁的高中生梁某在网上向A公司订购用于文艺汇演的汉服，梁某发来消息：“我想订购K系列的汉服,POL-Z0-002,法律常识,,POL-X1-352,第二课 国家的结构形式,,POL-Z0-001,道德与心理健康,,,,,
8818,politics_2024_guizhou_012,politics,“二月天杨柳醉春烟，三月三来山青草漫漫，最美是人间四月的天”。上巳节、花朝节、寒食节等春天 特有的传统节日，文化分量十足,POL-Z0-002,法律常识,,POL-X1-352,第二课 国家的结构形式,,POL-Z0-001,道德与心理健康,,,,,
8821,politics_2024_guizhou_015,politics,小王、小李、小张和小孙四位同学都酷爱法律，他们讨论案例时所作的下列判断正确的是（ ）,POL-Z0-002,法律常识,,POL-X1-352,第二课 国家的结构形式,,POL-Z0-001,道德与心理健康,,,,,
8822,politics_2024_guizhou_016,politics,某大学从 2000 年起就将舞龙纳入公共体育选修课程。负责舞龙课程的教师表示，一条龙缺了任何一个 人都舞不起来，“舞龙不,POL-Z0-002,法律常识,,POL-X1-352,第二课 国家的结构形式,,POL-Z0-001,道德与心理健康,,,,,
8825,politics_2024_guizhou_019,politics,阅读材料，按要求作答。 2020 年 9 月 1 日，章某与 F 保险公司(以下简称“F 公司”)签订了为期 5 年的劳,POL-Z0-002,法律常识,,POL-X1-352,第二课 国家的结构形式,,POL-Z0-001,道德与心理健康,,,,,
8830,politics_2024_hainan_004,politics,2023 年，贵州榕江“村超”吸引游客 733 万人次，实现旅游收入 81.13 亿元；2023 年夏季，海南文昌“村 ,POL-Z0-002,法律常识,,POL-X1-352,第二课 国家的结构形式,,POL-Z0-001,道德与心理健康,,,,,
8834,politics_2024_hainan_008,politics,近年来，以距离近、慢体验为特点的“城市漫步”微旅行悄然兴起。为此，各省市深度挖掘资源，开发 “夜游”项目，综合打造步道、,POL-Z0-002,法律常识,,POL-X1-352,第二课 国家的结构形式,,POL-Z0-001,道德与心理健康,,,,,
8840,politics_2024_hainan_014,politics,2024 年 3 月 19 日，香港特区立法会全票通过《维护国家安全条例》。下图漫画（改编自中央广电总台国 际在线）表明,POL-Z0-002,法律常识,,POL-X1-352,第二课 国家的结构形式,,POL-Z0-001,道德与心理健康,,,,,
8841,politics_2024_hainan_015,politics,老杨从家中拉电线至楼下过道为电动车充电时，邻居小高上前劝阻未果，便拍摄视频上传至业主微信群， 公开老杨的姓名和行为。老杨,POL-Z0-002,法律常识,,POL-X1-352,第二课 国家的结构形式,,POL-Z0-001,道德与心理健康,,,,,
8842,politics_2024_hainan_016,politics,小符大学毕业后回村创业，发起成立合作社，采用“种植+民宿”的经营模式，村民们纷纷响应。以下 行为符合法律规定的是（ ） ,POL-Z0-002,法律常识,,POL-X1-352,第二课 国家的结构形式,,POL-Z0-001,道德与心理健康,,,,,
8845,politics_2024_hainan_019,politics,小林与家人到某饭店用餐，看到菜单上醒目的“温馨提示”：本店谢绝顾客自带饮料、水果和食物。小 林总感觉这句话有点别扭，这是,POL-Z0-002,法律常识,,POL-X1-352,第二课 国家的结构形式,,POL-Z0-001,道德与心理健康,,,,,
8846,politics_2024_hainan_020,politics,在中国思想史上，无数的名言警句都蕴含着严谨的逻辑关系。依据相关逻辑知识，以下分析正确的是（ ） ①己所不欲，勿施于人——,POL-Z0-002,法律常识,,POL-X1-352,第二课 国家的结构形式,,POL-Z0-001,道德与心理健康,,,,,
8847,politics_2024_hainan_021,politics,王老师说计算机班的学生多数是男学生，张老师说有些男学生是国防生。根据三段论规则，以王老师的 判断为小前提，以张老师的判断,POL-Z0-002,法律常识,,POL-X1-352,第二课 国家的结构形式,,POL-Z0-001,道德与心理健康,,,,,
8848,politics_2024_hainan_022,politics,为了便于市民实时查看城区积水状况，某市推出“积水地图”，以 5 年、10 年、20 年一遇的洪涝淹没 范围图为基础，建立,POL-Z0-002,法律常识,,POL-X1-352,第二课 国家的结构形式,,POL-Z0-001,道德与心理健康,,,,,
8858,politics_2024_hebei_005,politics,近期，河北省首笔企业数据资产质押贷款业务落地。作为新型生产要素，数据为培育新质生产力奠定了坚实基础。数据价值评估涉及多个,POL-Z0-002,法律常识,,POL-X1-352,第二课 国家的结构形式,,POL-Z0-001,道德与心理健康,,,,,
8865,politics_2024_hebei_012,politics,中美关系的故事由人民书写，中美关系的未来由人民创造。2023年11月，国家主席习近平在美国友好团体联合欢迎宴会上强调。“,POL-Z0-002,法律常识,,POL-X1-352,第二课 国家的结构形式,,POL-Z0-001,道德与心理健康,,,,,
8868,politics_2024_hebei_015,politics,小李打110报警电话，坚称要订外卖，并否认打错电话，值班民警推断对方可能处于困境，行动不自由，是借“订外卖”来求救。民警,POL-Z0-002,法律常识,,POL-X1-352,第二课 国家的结构形式,,POL-Z0-001,道德与心理健康,,,,,
8869,politics_2024_hebei_016,politics,“孔”在生活中被广泛应用：球鞋两边的通风孔，有利于散热；在防盗门的小孔里装“猫眼”，便于观察门外情况。包含和上述材料相同,POL-Z0-002,法律常识,,POL-X1-352,第二课 国家的结构形式,,POL-Z0-001,道德与心理健康,,,,,
8900,politics_2024_hunan_007,politics,大美潇湘，山水如画，“潇湘八景”最早由宋初山水画大师所作，作为一个超越地域和历史范畴的美学意象，成为千百年来历代文人墨客,POL-Z0-002,法律常识,,POL-X1-352,第二课 国家的结构形式,,POL-Z0-001,道德与心理健康,,,,,
8901,politics_2024_hunan_008,politics,漫画《肯做好事，还要会做好事》(作者：郑辛遥)给我们的哲学启示是（ ） ①全面把握客观实际，是肯做好事达到积极效果的前提,POL-Z0-002,法律常识,,POL-X1-352,第二课 国家的结构形式,,POL-Z0-001,道德与心理健康,,,,,
8903,politics_2024_hunan_010,politics,清溪村，是作家周立波长篇小说《山乡巨变》的创作地。周立波在小说中写道：“我要经我手把清溪乡打扮起来，美化起来，使它变成一,POL-Z0-002,法律常识,,POL-X1-352,第二课 国家的结构形式,,POL-Z0-001,道德与心理健康,,,,,
8906,politics_2024_hunan_013,politics,信鸽运动是一项有益的群众体育项目，经相关部门批准刘某在自己房屋内饲养了十余只信鸽。后来，刘某在其室外空调机位处加装鸽舍，,POL-Z0-002,法律常识,,POL-X1-352,第二课 国家的结构形式,,POL-Z0-001,道德与心理健康,,,,,
8907,politics_2024_hunan_014,politics,黄某为满足自住需求，向某开发商购买一套房产并签订了房屋买卖合同。黄某按约定履行了付款义务并入住，但该开发商未协助办理产权,POL-Z0-002,法律常识,,POL-X1-352,第二课 国家的结构形式,,POL-Z0-001,道德与心理健康,,,,,
8908,politics_2024_hunan_015,politics,受蝙蝠飞翔的启发，中国人在公元前500年就制作了会飞的竹蜻蜓，古代科学家通过研究竹蜻蜓，提出了关于旋翼的制造原理，后来苏,POL-Z0-002,法律常识,,POL-X1-352,第二课 国家的结构形式,,POL-Z0-001,道德与心理健康,,,,,
8909,politics_2024_hunan_016,politics,某班开展劳动教育，并评选一名劳动小能手，在评选结果公布之前，该班四位同学进行了预测(如下所示)，评选结果表明只有两个人的,POL-Z0-002,法律常识,,POL-X1-352,第二课 国家的结构形式,,POL-Z0-001,道德与心理健康,,,,,
8915,politics_2024_jiangsu_002,politics,经党中央同意，自2024年4月至7月在全党开展党纪学习教育。各级党组织积极行动，着力在“真”上下功夫，在“严”上做文章，,POL-Z0-002,法律常识,,POL-X1-352,第二课 国家的结构形式,,POL-Z0-001,道德与心理健康,,,,,
8916,politics_2024_jiangsu_003,politics,近年来，国有企业分拆上市的步伐加快。分拆上市既是国有企业拓展融资渠道的有效途径，也是我国培育战略性新兴产业、打造“专精特,POL-Z0-002,法律常识,,POL-X1-352,第二课 国家的结构形式,,POL-Z0-001,道德与心理健康,,,,,
8917,politics_2024_jiangsu_004,politics,2022年我国专利密集型产业劳动生产率为31.3万元/人，是非专利密集型产业劳动生产率的2.1倍。2023年我国授权发明,POL-Z0-002,法律常识,,POL-X1-352,第二课 国家的结构形式,,POL-Z0-001,道德与心理健康,,,,,
8920,politics_2024_jiangsu_007,politics,总体而言，人类早期的城市基本上以内陆型为主，位置多是“远干流，近支流”。这是由于大江大河经常泛滥，干流两岸极易遭受洪水灾,POL-Z0-002,法律常识,,POL-X1-352,第二课 国家的结构形式,,POL-Z0-001,道德与心理健康,,,,,
8921,politics_2024_jiangsu_008,politics,在以互动为主要特征的互联网传播时代，要得到“流量”的奖赏，就要在选题、内容上下功夫。创作者只有深入现场，了解用户在想什么,POL-Z0-002,法律常识,,POL-X1-352,第二课 国家的结构形式,,POL-Z0-001,道德与心理健康,,,,,
8923,politics_2024_jiangsu_010,politics,某博物馆开发出“海丝系列·丝路咖啡”，选取《郑和航海图》中海上丝绸之路沿线港口与城市盛产的优质咖啡豆，精制出不同风味的咖,POL-Z0-002,法律常识,,POL-X1-352,第二课 国家的结构形式,,POL-Z0-001,道德与心理健康,,,,,
8926,politics_2024_jiangsu_013,politics,小王路过家新开的手机店，被派发手机广告宣传单的店员拦下，劝说其购买手机。经询问得知，新店开张优惠力度大，小王就手机型号、,POL-Z0-002,法律常识,,POL-X1-352,第二课 国家的结构形式,,POL-Z0-001,道德与心理健康,,,,,
8927,politics_2024_jiangsu_014,politics,应届大学毕业生邱某在应聘某农业公司职位时，人事经理陈某通知邱某来公司面谈，邱某对劳动报酬、试用期、福利待遇等感到满意，双,POL-Z0-002,法律常识,,POL-X1-352,第二课 国家的结构形式,,POL-Z0-001,道德与心理健康,,,,,
8929,politics_2024_jiangsu_016,politics,"米开朗基罗的壁画《创世纪》具有预示当地天气变化情况的“特异功能""：如果壁画中人物服饰处的淡红色转变成蓝色，天空就会艳阳高",POL-Z0-002,法律常识,,POL-X1-352,第二课 国家的结构形式,,POL-Z0-001,道德与心理健康,,,,,
8940,politics_2024_jiangxi_006,politics,某区政府正在建设若干便民惠民的口袋公园，打造“推门见绿、出门入园”的人文生活新空间。假设你是一名政协委员，为了让该项目更,POL-Z0-002,法律常识,,POL-X1-352,第二课 国家的结构形式,,POL-Z0-001,道德与心理健康,,,,,
8941,politics_2024_jiangxi_007,politics,同饮一江水，共护长江美。2024年1月，赣鄂两省签订长江流域横向生态保护补偿协议，坚持共担、共治、共享原则，约定每年各出,POL-Z0-002,法律常识,,POL-X1-352,第二课 国家的结构形式,,POL-Z0-001,道德与心理健康,,,,,
8945,politics_2024_jiangxi_011,politics,"近年来，我国新能源汽车“出海”步伐加快。新能源汽车成为我国出口“新三样”之一,在许多共建“一带一路”国家都能看到我国新能",POL-Z0-002,法律常识,,POL-X1-352,第二课 国家的结构形式,,POL-Z0-001,道德与心理健康,,,,,
8947,politics_2024_jiangxi_013,politics,根据《中华人民共和国著作权法》的规定，著作权人对其作品享有广泛的权利。他人未经著作权人许可使用著作权人的作品，就可能构成,POL-Z0-002,法律常识,,POL-X1-352,第二课 国家的结构形式,,POL-Z0-001,道德与心理健康,,,,,
8948,politics_2024_jiangxi_014,politics,张某为某家具公司供应零部件。为加快供货，张某除自己生产零部件外，还与李某签订合同，从李某处订购同样规格的零部件。某日，李,POL-Z0-002,法律常识,,POL-X1-352,第二课 国家的结构形式,,POL-Z0-001,道德与心理健康,,,,,
8949,politics_2024_jiangxi_015,politics,在文物欣赏环节，一盏精美的青铜灯吸引了方方和圆圆的注意。该灯的设计综合考虑了材质、形态、功能等因素，采用青铜铸成“雁衔鱼,POL-Z0-002,法律常识,,POL-X1-352,第二课 国家的结构形式,,POL-Z0-001,道德与心理健康,,,,,
8950,politics_2024_jiangxi_016,politics,在游戏闯关环节，方方和圆圆收到了一张卡片和四个文物锦囊。若编钟可得，则完成任务要借助的锦囊是（ ）,POL-Z0-002,法律常识,,POL-X1-352,第二课 国家的结构形式,,POL-Z0-001,道德与心理健康,,,,,
8954,politics_2024_jiangxi_020,politics,阅读材料，完成下列要求。 近日，某校组织小李等同学开展“送法进社区”活动，不少居民前来咨询。 孙某：“我上个月找了份工作,POL-Z0-002,法律常识,,POL-X1-352,第二课 国家的结构形式,,POL-Z0-001,道德与心理健康,,,,,
8959,politics_2024_liaoning_004,politics,自然资源部根据2024年中央一号文件部署，将着重完善制度，全面建立“国家管总量、省级负总责、市县抓落实”的耕地占补平衡新,POL-Z0-002,法律常识,,POL-X1-352,第二课 国家的结构形式,,POL-Z0-001,道德与心理健康,,,,,
8960,politics_2024_liaoning_005,politics,某国有科技产业集团为破解关键设备核心技术“卡脖子”难题，成立由集团党委牵头的专项工作领导小组，将党组织建在产业链上，组建,POL-Z0-002,法律常识,,POL-X1-352,第二课 国家的结构形式,,POL-Z0-001,道德与心理健康,,,,,
8962,politics_2024_liaoning_007,politics,某市民政部门通过大数据救助平台监测到某村民近几月有大额医疗支出，迅速派单至乡镇。乡镇干部会同村干部入户调查核实后，将该村,POL-Z0-002,法律常识,,POL-X1-352,第二课 国家的结构形式,,POL-Z0-001,道德与心理健康,,,,,
8965,politics_2024_liaoning_009,politics,1,POL-Z0-002,法律常识,,POL-X1-352,第二课 国家的结构形式,,POL-Z0-001,道德与心理健康,,,,,
8967,politics_2024_liaoning_010,politics,龟兔赛跑的寓言故事在中国广为人知，漫画（图）描绘了比赛结束后兔子在领奖台“找差距”的情境。兔子在此所犯的错误是（ ） ①,POL-Z0-002,法律常识,,POL-X1-352,第二课 国家的结构形式,,POL-Z0-001,道德与心理健康,,,,,
8970,politics_2024_liaoning_013,politics,3,POL-Z0-002,法律常识,,POL-X1-352,第二课 国家的结构形式,,POL-Z0-001,道德与心理健康,,,,,
8973,politics_2024_liaoning_015,politics,Vidu是自Sora发布后在全球率先取得重大突破的中国首个原创视频大模型。它不仅能够模拟真实物理世界，生成符合真实物理规,POL-Z0-002,法律常识,,POL-X1-352,第二课 国家的结构形式,,POL-Z0-001,道德与心理健康,,,,,
8974,politics_2024_liaoning_016,politics,为进一步推进劳动教育，某中学开设了丰富多彩的劳动选修课。信息如下： ★选刺绣课的同学都选了服装课。 ★有些选烹饪课的同学,POL-Z0-002,法律常识,,POL-X1-352,第二课 国家的结构形式,,POL-Z0-001,道德与心理健康,,,,,
8978,politics_2024_liaoning_020,politics,3 58003 2002,POL-Z0-002,法律常识,,POL-X1-352,第二课 国家的结构形式,,POL-Z0-001,道德与心理健康,,,,,
8979,politics_2024_liaoning_021,politics,1,POL-Z0-002,法律常识,,POL-X1-352,第二课 国家的结构形式,,POL-Z0-001,道德与心理健康,,,,,
8980,politics_2024_liaoning_022,politics,5,POL-Z0-002,法律常识,,POL-X1-352,第二课 国家的结构形式,,POL-Z0-001,道德与心理健康,,,,,
8981,politics_2024_liaoning_023,politics,5,POL-Z0-002,法律常识,,POL-X1-352,第二课 国家的结构形式,,POL-Z0-001,道德与心理健康,,,,,
8982,politics_2024_liaoning_024,politics,1,POL-Z0-002,法律常识,,POL-X1-352,第二课 国家的结构形式,,POL-Z0-001,道德与心理健康,,,,,
8983,politics_2024_liaoning_025,politics,0,POL-Z0-002,法律常识,,POL-X1-352,第二课 国家的结构形式,,POL-Z0-001,道德与心理健康,,,,,
8984,politics_2024_liaoning_026,politics,1,POL-Z0-002,法律常识,,POL-X1-352,第二课 国家的结构形式,,POL-Z0-001,道德与心理健康,,,,,
8985,politics_2024_liaoning_027,politics,5,POL-Z0-002,法律常识,,POL-X1-352,第二课 国家的结构形式,,POL-Z0-001,道德与心理健康,,,,,
8986,politics_2024_liaoning_028,politics,2,POL-Z0-002,法律常识,,POL-X1-352,第二课 国家的结构形式,,POL-Z0-001,道德与心理健康,,,,,
8987,politics_2024_shandong_001,politics,新中国成立后，毛泽东提出，“中国应当对于人类有较大的贡献”。新的历史条件下，习近平指出，“只要是对全人类有益的事情，中国,POL-Z0-002,法律常识,,POL-X1-352,第二课 国家的结构形式,,POL-Z0-001,道德与心理健康,,,,,
8989,politics_2024_shandong_003,politics,2023年，山东省搭建黄河大集平台，通过“线上+线下”“文化+旅游+好品+传播”的模式，推动优质农产品上网直播销售，以补,POL-Z0-002,法律常识,,POL-X1-352,第二课 国家的结构形式,,POL-Z0-001,道德与心理健康,,,,,
8995,politics_2024_shandong_009,politics,玑衡抚辰仪由十八世纪在华任职的欧洲学者主持设计，是中国古代传统仪器制度与西方计量刻度的完美结合。2024年初，中国驻斯洛,POL-Z0-002,法律常识,,POL-X1-352,第二课 国家的结构形式,,POL-Z0-001,道德与心理健康,,,,,
8996,politics_2024_shandong_010,politics,2024年，浙江安吉、福建平潭等地旅游市场表现亮眼，彰显出县域小城文旅的巨大潜力。梳理这些“表现亮眼”之地发现，这些地方,POL-Z0-002,法律常识,,POL-X1-352,第二课 国家的结构形式,,POL-Z0-001,道德与心理健康,,,,,
8998,politics_2024_shandong_012,politics,《中华人民共和国爱国主义教育法》自2024年1月1日起施行。 第三十七条，任何公民和组织……不得有下列行为：…… （二）,POL-Z0-002,法律常识,,POL-X1-352,第二课 国家的结构形式,,POL-Z0-001,道德与心理健康,,,,,
8999,politics_2024_shandong_013,politics,古代有一种“欹器”，呈梭形，以绳穿之，悬于两杆之间。当里面空着时，器皿是斜的；注水至六分时，竖直而立；水逾七分，则发生倾,POL-Z0-002,法律常识,,POL-X1-352,第二课 国家的结构形式,,POL-Z0-001,道德与心理健康,,,,,
9000,politics_2024_shandong_014,politics,小张经其妻小陈同意，用婚后继承自张父的40万元遗产注册成立了甲公司。为购入公司经营所需设备，小张、小陈又向葛某借款100,POL-Z0-002,法律常识,,POL-X1-352,第二课 国家的结构形式,,POL-Z0-001,道德与心理健康,,,,,
9001,politics_2024_shandong_015,politics,甲公司发布的新款榨汁机广告称：任何在公司网站下单者若证明其他商家的同类产品更便宜，均“全额退差价”。白某下单后发现乙公司,POL-Z0-002,法律常识,,POL-X1-352,第二课 国家的结构形式,,POL-Z0-001,道德与心理健康,,,,,
9008,politics_2024_tianjin_003,politics,没有哪个政党能像中国共产党这样，敢于大刀阔斧、刀刃向内，以巨大的政治勇气全面深化改革。2018年启动的党和国家机构改革，,POL-Z0-002,法律常识,,POL-X1-352,第二课 国家的结构形式,,POL-Z0-001,道德与心理健康,,,,,
9010,politics_2024_tianjin_005,politics,某地交警为引导广大市民遵守交通法规，通过循环播报交通安全“小喇叭”、设置劝导点、整治不按规定佩戴安全头盔的交通行为，采取,POL-Z0-002,法律常识,,POL-X1-352,第二课 国家的结构形式,,POL-Z0-001,道德与心理健康,,,,,
9012,politics_2024_tianjin_007,politics,在当今动荡变革的世界中，中国同欧盟之间的全面战略伙伴关系一直保持稳定。中国坚持中欧关系不针对、不依附、不受制于第三方，和,POL-Z0-002,法律常识,,POL-X1-352,第二课 国家的结构形式,,POL-Z0-001,道德与心理健康,,,,,
9013,politics_2024_tianjin_008,politics,1963年以来，中国援外医疗队诊治患者近3亿人次，1990年以来，中国维和部队积极参与解决地区争端、稳定地区局势及抢险救,POL-Z0-002,法律常识,,POL-X1-352,第二课 国家的结构形式,,POL-Z0-001,道德与心理健康,,,,,
9014,politics_2024_tianjin_009,politics,中国不断优化签证政策，促进中外人员往来。延长对马来西亚等12个国家免签政策；乘坐邮轮并经由境内旅行社组织接待的外国旅游团,POL-Z0-002,法律常识,,POL-X1-352,第二课 国家的结构形式,,POL-Z0-001,道德与心理健康,,,,,
9016,politics_2024_tianjin_011,politics,人工智能正在进入我们的生活，未来将会带来更深刻的变革。当代舞剧《深AI你》以人工智能为主题，运用机器人、高科技屏幕等科技,POL-Z0-002,法律常识,,POL-X1-352,第二课 国家的结构形式,,POL-Z0-001,道德与心理健康,,,,,
9017,politics_2024_tianjin_012,politics,一个小孩自己在山野采了一些别人没有发现近乎青涩的果子，他从中得到的快乐，会远胜于父母从市场上买的他爱吃的水果给他带来的快,POL-Z0-002,法律常识,,POL-X1-352,第二课 国家的结构形式,,POL-Z0-001,道德与心理健康,,,,,
9018,politics_2024_tianjin_013,politics,依照法律规定，当事人订立的合同有效，要求行为人具有相应的民事行为能力，意思表示真实，内容合法。据此可以推出（ ）,POL-Z0-002,法律常识,,POL-X1-352,第二课 国家的结构形式,,POL-Z0-001,道德与心理健康,,,,,
9019,politics_2024_tianjin_014,politics,天津是久负盛名的曲艺之乡，被亲切地称为“哏儿都”。“会说相声的是有幽默感的”“有些天津人是会说相声的”。若以上判断为真，,POL-Z0-002,法律常识,,POL-X1-352,第二课 国家的结构形式,,POL-Z0-001,道德与心理健康,,,,,
9023,politics_2024_tianjin_018,politics,阅读材料，回答问题。 天津深化城市交通拥堵治理，提升交通出行品质，最大限度解决群众出行难问题。对路口进行全面大排查，利用,POL-Z0-002,法律常识,,POL-X1-352,第二课 国家的结构形式,,POL-Z0-001,道德与心理健康,,,,,
9024,politics_2024_tianjin_019,politics,阅读材料，回答问题。 研学将研究和学习相结合，通过考察、实践等多种形式，让学生走出学校小课堂，迈向社会大课堂，到博物馆、,POL-Z0-002,法律常识,,POL-X1-352,第二课 国家的结构形式,,POL-Z0-001,道德与心理健康,,,,,
9026,politics_2024_zhejiang_002,politics,在中国人民政治协商会议第一届全体会议上，毛泽东豪迈地宣告：“我们有一个共同的感觉，这就是我们的工作将写在人类的历史上，它,POL-Z0-002,法律常识,,POL-X1-352,第二课 国家的结构形式,,POL-Z0-001,道德与心理健康,,,,,
9028,politics_2024_zhejiang_004,politics,由于各项政策措施叠加发力，全国个体工商户明显复苏。2023年前三季度，新增个体工商户1719.6万户，同比增长11.7%,POL-Z0-002,法律常识,,POL-X1-352,第二课 国家的结构形式,,POL-Z0-001,道德与心理健康,,,,,
9033,politics_2024_zhejiang_009,politics,“宣传党的路线、方针、政策下基层，调查研究下基层，信访接待下基层，现场办公下基层”是习近平同志在福建宁德工作时制定并身体,POL-Z0-002,法律常识,,POL-X1-352,第二课 国家的结构形式,,POL-Z0-001,道德与心理健康,,,,,
9037,politics_2024_zhejiang_013,politics,近年来，各地政务服务中心纷纷设立线上线下“办不成事反映窗口”，由当地数据资源管理局对口管理，专门办理那些在其他政务服务窗,POL-Z0-002,法律常识,,POL-X1-352,第二课 国家的结构形式,,POL-Z0-001,道德与心理健康,,,,,
9047,politics_2024_zhejiang_023,politics,小马长大了，帮妈妈去商店买东西，路上遇到了一条河，小马做出的如下推理中，违背“同一律”的是（ ） A． 去商店的路有河，,POL-Z0-002,法律常识,,POL-X1-352,第二课 国家的结构形式,,POL-Z0-001,道德与心理健康,,,,,
9048,politics_2024_zhejiang_024,politics,“如果寒潮到来，气温就会明显下降。”由此可推出（ ）,POL-Z0-002,法律常识,,POL-X1-352,第二课 国家的结构形式,,POL-Z0-001,道德与心理健康,,,,,
9051,politics_2024_zhejiang_028,politics,植物能听见声音吗？《生态学通讯》（Ecologyletters）于2019年发表了一项重要研究成果，引起广泛关注。某研究,POL-Z0-002,法律常识,,POL-X1-352,第二课 国家的结构形式,,POL-Z0-001,道德与心理健康,,,,,
9054,politics_2024_zhejiang_059,politics,3 941 2022 4520 190,POL-Z0-002,法律常识,,POL-X1-352,第二课 国家的结构形式,,POL-Z0-001,道德与心理健康,,,,,
9055,politics_2024_zhejiang_061,politics,4 886 2021 4423 180,POL-Z0-002,法律常识,,POL-X1-352,第二课 国家的结构形式,,POL-Z0-001,道德与心理健康,,,,,