省份,年份,学科,数学类型,试卷类型,预期目录,预期文件名,预期路径,当前路径
"安徽","2008","生物","","independent","安徽高考","2008年安徽高考生物试卷原卷版.pdf","安徽高考/2008年安徽高考生物试卷原卷版.pdf","6. 河南高考生物2008-2025\2008年高考生物试卷（全国卷Ⅰ）（空白卷）.pdf"
"安徽","2008","化学","","independent","安徽高考","2008年安徽高考化学试卷原卷版.pdf","安徽高考/2008年安徽高考化学试卷原卷版.pdf","5. 河南高考化学2008-2025\2008年高考化学试卷（全国卷Ⅰ）（空白卷）.pdf"
"安徽","2008","地理","","independent","安徽高考","2008年安徽高考地理试卷原卷版.pdf","安徽高考/2008年安徽高考地理试卷原卷版.pdf","9. 河南高考地理2008-2025/2008年河南高考地理试卷（原卷版）.pdf"
"安徽","2008","历史","","independent","安徽高考","2008年安徽高考历史试卷原卷版.pdf","安徽高考/2008年安徽高考历史试卷原卷版.pdf","7. 河南高考历史2008-2025\2008年高考历史试卷（全国卷Ⅰ）（空白卷）.pdf"
"安徽","2008","文科数学","arts","independent","安徽高考","2008年安徽高考文科数学试卷原卷版.pdf","安徽高考/2008年安徽高考文科数学试卷原卷版.pdf","2. 北京高考数学2008-2025\2008年北京市高考数学试卷（文科）（原卷版）.doc"
"安徽","2008","理科数学","science","independent","安徽高考","2008年安徽高考理科数学试卷原卷版.pdf","安徽高考/2008年安徽高考理科数学试卷原卷版.pdf",""
"安徽","2008","物理","","independent","安徽高考","2008年安徽高考物理试卷原卷版.pdf","安徽高考/2008年安徽高考物理试卷原卷版.pdf","4. 河南高考物理2008-2025\2008年高考物理试卷（全国卷Ⅰ）（空白卷）.pdf"
"安徽","2008","政治","","independent","安徽高考","2008年安徽高考政治试卷原卷版.pdf","安徽高考/2008年安徽高考政治试卷原卷版.pdf","8. 北京高考政治2008-2025\2008年高考生物试卷（北京）（空白卷）.doc"
"安徽","2009","生物","","independent","安徽高考","2009年安徽高考生物试卷原卷版.pdf","安徽高考/2009年安徽高考生物试卷原卷版.pdf","6. 河南高考生物2008-2025\2009年高考生物试卷（全国卷Ⅰ）（空白卷）.pdf"
"安徽","2009","化学","","independent","安徽高考","2009年安徽高考化学试卷原卷版.pdf","安徽高考/2009年安徽高考化学试卷原卷版.pdf","5. 河南高考化学2008-2025\2009年高考化学试卷（全国卷Ⅰ）（空白卷）.pdf"
"安徽","2009","地理","","independent","安徽高考","2009年安徽高考地理试卷原卷版.pdf","安徽高考/2009年安徽高考地理试卷原卷版.pdf","9. 河南高考地理2008-2025/2009年河南高考地理试卷（原卷版）.pdf"
"安徽","2009","历史","","independent","安徽高考","2009年安徽高考历史试卷原卷版.pdf","安徽高考/2009年安徽高考历史试卷原卷版.pdf","7. 河南高考历史2008-2025\2009年高考历史试卷（全国卷Ⅰ）（空白卷）.pdf"
"安徽","2009","文科数学","arts","independent","安徽高考","2009年安徽高考文科数学试卷原卷版.pdf","安徽高考/2009年安徽高考文科数学试卷原卷版.pdf","2. 北京高考数学2008-2025\2009年北京市高考数学试卷（文科）（原卷版）.doc"
"安徽","2009","理科数学","science","independent","安徽高考","2009年安徽高考理科数学试卷原卷版.pdf","安徽高考/2009年安徽高考理科数学试卷原卷版.pdf",""
"安徽","2009","物理","","independent","安徽高考","2009年安徽高考物理试卷原卷版.pdf","安徽高考/2009年安徽高考物理试卷原卷版.pdf","4. 河南高考物理2008-2025\2009年高考物理试卷（全国卷Ⅰ）（空白卷）.pdf"
"安徽","2009","政治","","independent","安徽高考","2009年安徽高考政治试卷原卷版.pdf","安徽高考/2009年安徽高考政治试卷原卷版.pdf","8. 北京高考政治2008-2025\2009年北京市高考政治试卷（原卷版）.doc"
"安徽","2010","生物","","independent","安徽高考","2010年安徽高考生物试卷原卷版.pdf","安徽高考/2010年安徽高考生物试卷原卷版.pdf","6. 河南高考生物2008-2025/2010年河南高考生物试卷（原卷版）.pdf"
"安徽","2010","化学","","independent","安徽高考","2010年安徽高考化学试卷原卷版.pdf","安徽高考/2010年安徽高考化学试卷原卷版.pdf","5. 河南高考化学2008-2025/2010年河南高考化学试卷（原卷版）.pdf"
"安徽","2010","地理","","independent","安徽高考","2010年安徽高考地理试卷原卷版.pdf","安徽高考/2010年安徽高考地理试卷原卷版.pdf","9. 河南高考地理2008-2025\2010年高考地理试卷（全国卷Ⅰ）（空白卷）.pdf"
"安徽","2010","历史","","independent","安徽高考","2010年安徽高考历史试卷原卷版.pdf","安徽高考/2010年安徽高考历史试卷原卷版.pdf","7. 河南高考历史2008-2025\2010年高考历史试卷（全国卷Ⅰ）（空白卷）.pdf"
"安徽","2010","文科数学","arts","independent","安徽高考","2010年安徽高考文科数学试卷原卷版.pdf","安徽高考/2010年安徽高考文科数学试卷原卷版.pdf","2. 北京高考数学2008-2025\2010年北京市高考数学试卷（文科）（原卷版）.doc"
"安徽","2010","理科数学","science","independent","安徽高考","2010年安徽高考理科数学试卷原卷版.pdf","安徽高考/2010年安徽高考理科数学试卷原卷版.pdf",""
"安徽","2010","物理","","independent","安徽高考","2010年安徽高考物理试卷原卷版.pdf","安徽高考/2010年安徽高考物理试卷原卷版.pdf","4. 河南高考物理2008-2025\2010年高考物理试卷（全国卷Ⅰ）（空白卷）.pdf"
"安徽","2010","政治","","independent","安徽高考","2010年安徽高考政治试卷原卷版.pdf","安徽高考/2010年安徽高考政治试卷原卷版.pdf","8. 北京高考政治2008-2025\2010年北京市高考政治试卷（原卷版）.doc"
"安徽","2011","生物","","independent","安徽高考","2011年安徽高考生物试卷原卷版.pdf","安徽高考/2011年安徽高考生物试卷原卷版.pdf","6. 河南高考生物2008-2025/2011年河南高考生物试卷（原卷版）.pdf"
"安徽","2011","化学","","independent","安徽高考","2011年安徽高考化学试卷原卷版.pdf","安徽高考/2011年安徽高考化学试卷原卷版.pdf","5. 河南高考化学2008-2025\2011年高考化学试卷（新课标）（空白卷）.pdf"
"安徽","2011","地理","","independent","安徽高考","2011年安徽高考地理试卷原卷版.pdf","安徽高考/2011年安徽高考地理试卷原卷版.pdf","9. 河南高考地理2008-2025\2011年高考地理试卷（新课标）（空白卷）.pdf"
"安徽","2011","历史","","independent","安徽高考","2011年安徽高考历史试卷原卷版.pdf","安徽高考/2011年安徽高考历史试卷原卷版.pdf","7. 河南高考历史2008-2025\2011年高考历史试卷（新课标）（空白卷）.pdf"
"安徽","2011","文科数学","arts","independent","安徽高考","2011年安徽高考文科数学试卷原卷版.pdf","安徽高考/2011年安徽高考文科数学试卷原卷版.pdf","2. 北京高考数学2008-2025\2011年北京市高考数学试卷（文科）（原卷版）.doc"
"安徽","2011","理科数学","science","independent","安徽高考","2011年安徽高考理科数学试卷原卷版.pdf","安徽高考/2011年安徽高考理科数学试卷原卷版.pdf",""
"安徽","2011","物理","","independent","安徽高考","2011年安徽高考物理试卷原卷版.pdf","安徽高考/2011年安徽高考物理试卷原卷版.pdf","4. 河南高考物理2008-2025\2011年高考物理试卷（新课标）（空白卷）.pdf"
"安徽","2011","政治","","independent","安徽高考","2011年安徽高考政治试卷原卷版.pdf","安徽高考/2011年安徽高考政治试卷原卷版.pdf","8. 北京高考政治2008-2025\2011年北京市高考政治试卷（原卷版）.doc"
"安徽","2012","文科数学","arts","independent","安徽高考","2012年安徽高考文科数学试卷原卷版.pdf","安徽高考/2012年安徽高考文科数学试卷原卷版.pdf","2. 北京高考数学2008-2025\2012年北京市高考数学试卷（文科）（原卷版）.doc"
"安徽","2012","理科数学","science","independent","安徽高考","2012年安徽高考理科数学试卷原卷版.pdf","安徽高考/2012年安徽高考理科数学试卷原卷版.pdf",""
"安徽","2012","政治","","independent","安徽高考","2012年安徽高考政治试卷原卷版.pdf","安徽高考/2012年安徽高考政治试卷原卷版.pdf","8. 北京高考政治2008-2025\2012年北京市高考政治试卷（原卷版）.doc"
"安徽","2013","文科数学","arts","independent","安徽高考","2013年安徽高考文科数学试卷原卷版.pdf","安徽高考/2013年安徽高考文科数学试卷原卷版.pdf","2. 北京高考数学2008-2025\2013年北京市高考数学试卷（文科）（原卷版）.doc"
"安徽","2013","理科数学","science","independent","安徽高考","2013年安徽高考理科数学试卷原卷版.pdf","安徽高考/2013年安徽高考理科数学试卷原卷版.pdf",""
"安徽","2013","政治","","independent","安徽高考","2013年安徽高考政治试卷原卷版.pdf","安徽高考/2013年安徽高考政治试卷原卷版.pdf","8. 北京高考政治2008-2025\2013年北京市高考政治试卷（原卷版）.doc"
"安徽","2014","文科数学","arts","independent","安徽高考","2014年安徽高考文科数学试卷原卷版.pdf","安徽高考/2014年安徽高考文科数学试卷原卷版.pdf","2. 北京高考数学2008-2025\2014年北京市高考数学试卷（文科）（原卷版）.doc"
"安徽","2014","理科数学","science","independent","安徽高考","2014年安徽高考理科数学试卷原卷版.pdf","安徽高考/2014年安徽高考理科数学试卷原卷版.pdf",""
"安徽","2014","政治","","independent","安徽高考","2014年安徽高考政治试卷原卷版.pdf","安徽高考/2014年安徽高考政治试卷原卷版.pdf","8. 北京高考政治2008-2025\2014年北京市高考政治试卷（原卷版）.doc"
"安徽","2015","文科数学","arts","independent","安徽高考","2015年安徽高考文科数学试卷原卷版.pdf","安徽高考/2015年安徽高考文科数学试卷原卷版.pdf","2. 北京高考数学2008-2025\2015年北京市高考数学试卷（文科）（原卷版）.doc"
"安徽","2015","理科数学","science","independent","安徽高考","2015年安徽高考理科数学试卷原卷版.pdf","安徽高考/2015年安徽高考理科数学试卷原卷版.pdf",""
"安徽","2015","政治","","independent","安徽高考","2015年安徽高考政治试卷原卷版.pdf","安徽高考/2015年安徽高考政治试卷原卷版.pdf","8. 北京高考政治2008-2025\2015年北京市高考政治试卷（原卷版）.doc"
"安徽","2016","文科数学","arts","national_i","安徽高考","2016年安徽高考文科数学试卷原卷版.pdf","安徽高考/2016年安徽高考文科数学试卷原卷版.pdf","2. 北京高考数学2008-2025\2016年北京市高考数学试卷（文科）（原卷版）.doc"
"安徽","2016","理科数学","science","national_i","安徽高考","2016年安徽高考理科数学试卷原卷版.pdf","安徽高考/2016年安徽高考理科数学试卷原卷版.pdf","2. 北京高考数学2008-2025/2016年北京高考数学试卷（理科）（原卷版）.doc"
"安徽","2016","政治","","national_i","安徽高考","2016年安徽高考政治试卷原卷版.pdf","安徽高考/2016年安徽高考政治试卷原卷版.pdf","8. 北京高考政治2008-2025\2016年北京市高考政治试卷（原卷版）.doc"
"安徽","2017","文科数学","arts","national_i","安徽高考","2017年安徽高考文科数学试卷原卷版.pdf","安徽高考/2017年安徽高考文科数学试卷原卷版.pdf","2. 北京高考数学2008-2025\2017年北京市高考数学试卷（文科）（原卷版）.doc"
"安徽","2017","理科数学","science","national_i","安徽高考","2017年安徽高考理科数学试卷原卷版.pdf","安徽高考/2017年安徽高考理科数学试卷原卷版.pdf","2. 北京高考数学2008-2025/2017年北京高考数学试卷（理科）（原卷版）.doc"
"安徽","2017","政治","","national_i","安徽高考","2017年安徽高考政治试卷原卷版.pdf","安徽高考/2017年安徽高考政治试卷原卷版.pdf","8. 北京高考政治2008-2025\2017年北京市高考政治试卷（原卷版）.doc"
"安徽","2018","文科数学","arts","national_i","安徽高考","2018年安徽高考文科数学试卷原卷版.pdf","安徽高考/2018年安徽高考文科数学试卷原卷版.pdf","2. 北京高考数学2008-2025\2018年北京市高考数学试卷（文科）（原卷版）.doc"
"安徽","2018","理科数学","science","national_i","安徽高考","2018年安徽高考理科数学试卷原卷版.pdf","安徽高考/2018年安徽高考理科数学试卷原卷版.pdf","2. 北京高考数学2008-2025/2018年北京高考数学试卷（理科）（原卷版）.doc"
"安徽","2018","政治","","national_i","安徽高考","2018年安徽高考政治试卷原卷版.pdf","安徽高考/2018年安徽高考政治试卷原卷版.pdf","8. 北京高考政治2008-2025\2018年北京市高考政治试卷（原卷版）.doc"
"安徽","2019","文科数学","arts","national_i","安徽高考","2019年安徽高考文科数学试卷原卷版.pdf","安徽高考/2019年安徽高考文科数学试卷原卷版.pdf","2. 北京高考数学2008-2025\2019年北京市高考数学试卷（文科）（原卷版）.doc"
"安徽","2019","理科数学","science","national_i","安徽高考","2019年安徽高考理科数学试卷原卷版.pdf","安徽高考/2019年安徽高考理科数学试卷原卷版.pdf","2. 北京高考数学2008-2025/2019年北京高考数学试卷（理科）（原卷版）.doc"
"安徽","2019","政治","","national_i","安徽高考","2019年安徽高考政治试卷原卷版.pdf","安徽高考/2019年安徽高考政治试卷原卷版.pdf","8. 北京高考政治2008-2025\2019年北京市高考政治试卷（原卷版）.doc"
"安徽","2020","文科数学","arts","national_i","安徽高考","2020年安徽高考文科数学试卷原卷版.pdf","安徽高考/2020年安徽高考文科数学试卷原卷版.pdf","2. 北京高考数学2008-2025\2020年北京市高考数学试卷（原卷版）.doc"
"安徽","2020","理科数学","science","national_i","安徽高考","2020年安徽高考理科数学试卷原卷版.pdf","安徽高考/2020年安徽高考理科数学试卷原卷版.pdf",""
"安徽","2020","政治","","national_i","安徽高考","2020年安徽高考政治试卷原卷版.pdf","安徽高考/2020年安徽高考政治试卷原卷版.pdf","8. 北京高考政治2008-2025\2020年北京市高考政治试卷（原卷版）.doc"
"安徽","2021","文科数学","arts","national_i","安徽高考","2021年安徽高考文科数学试卷原卷版.pdf","安徽高考/2021年安徽高考文科数学试卷原卷版.pdf","2. 北京高考数学2008-2025\2021年北京市高考数学试卷（原卷版）.docx"
"安徽","2021","理科数学","science","national_i","安徽高考","2021年安徽高考理科数学试卷原卷版.pdf","安徽高考/2021年安徽高考理科数学试卷原卷版.pdf",""
"安徽","2021","政治","","national_i","安徽高考","2021年安徽高考政治试卷原卷版.pdf","安徽高考/2021年安徽高考政治试卷原卷版.pdf","8. 北京高考政治2008-2025\.cache.2021年北京市高考政治试卷（原卷版）.pdf"
"安徽","2022","文科数学","arts","national_b","安徽高考","2022年安徽高考文科数学试卷原卷版.pdf","安徽高考/2022年安徽高考文科数学试卷原卷版.pdf","2. 北京高考数学2008-2025\2022年新高考北京数学高考真题（原卷版）.docx"
"安徽","2022","理科数学","science","national_b","安徽高考","2022年安徽高考理科数学试卷原卷版.pdf","安徽高考/2022年安徽高考理科数学试卷原卷版.pdf",""
"安徽","2022","政治","","national_b","安徽高考","2022年安徽高考政治试卷原卷版.pdf","安徽高考/2022年安徽高考政治试卷原卷版.pdf","8. 北京高考政治2008-2025\2022年新高考北京政治高考真题（原卷版）.docx"
"安徽","2023","文科数学","arts","national_b","安徽高考","2023年安徽高考文科数学试卷原卷版.pdf","安徽高考/2023年安徽高考文科数学试卷原卷版.pdf","2. 北京高考数学2008-2025\2023年北京高考数学真题（原卷版）.docx"
"安徽","2023","理科数学","science","national_b","安徽高考","2023年安徽高考理科数学试卷原卷版.pdf","安徽高考/2023年安徽高考理科数学试卷原卷版.pdf",""
"安徽","2023","政治","","national_b","安徽高考","2023年安徽高考政治试卷原卷版.pdf","安徽高考/2023年安徽高考政治试卷原卷版.pdf","8. 北京高考政治2008-2025\2023年高考北京政治真题（原卷版）.docx"
"安徽","2024","数学","unified","new_gaokao_i","安徽高考","2024年安徽高考数学试卷原卷版.pdf","安徽高考/2024年安徽高考数学试卷原卷版.pdf","2. 北京高考数学2008-2025\2024年北京高考数学真题（原卷版）.docx"
"安徽","2024","政治","","independent","安徽高考","2024年安徽高考政治试卷原卷版.pdf","安徽高考/2024年安徽高考政治试卷原卷版.pdf","8. 北京高考政治2008-2025\2024年北京高考政治试题（原卷版）.docx"
"安徽","2025","地理","","independent","安徽高考","2025年安徽高考地理试卷原卷版.pdf","安徽高考/2025年安徽高考地理试卷原卷版.pdf","9. 北京高考地理2008-2025\2025年北京高考地理真题（原卷版）.docx"
"安徽","2025","历史","","independent","安徽高考","2025年安徽高考历史试卷原卷版.pdf","安徽高考/2025年安徽高考历史试卷原卷版.pdf","7. 北京高考历史2008-2025\2025年北京高考历史真题（原卷版）.docx"
"安徽","2025","政治","","independent","安徽高考","2025年安徽高考政治试卷原卷版.pdf","安徽高考/2025年安徽高考政治试卷原卷版.pdf","8. 北京高考政治2008-2025\2025北京高考政治试题（原卷版）.docx"
"北京","2008","政治","","independent","北京高考","2008年北京高考政治试卷原卷版.pdf","北京高考/2008年北京高考政治试卷原卷版.pdf","8. 北京高考政治2008-2025\2008年高考生物试卷（北京）（空白卷）.doc"
"重庆","2008","生物","","independent","重庆高考","2008年重庆高考生物试卷原卷版.pdf","重庆高考/2008年重庆高考生物试卷原卷版.pdf","6. 黑龙江高考生物2008-2025\2008年高考生物试卷（全国卷Ⅱ）（空白卷）.pdf"
"重庆","2008","化学","","independent","重庆高考","2008年重庆高考化学试卷原卷版.pdf","重庆高考/2008年重庆高考化学试卷原卷版.pdf","5. 黑龙江高考化学2008-2025\2008年高考化学试卷（全国卷Ⅱ）（空白卷）.pdf"
"重庆","2008","地理","","independent","重庆高考","2008年重庆高考地理试卷原卷版.pdf","重庆高考/2008年重庆高考地理试卷原卷版.pdf","9. 黑龙江高考地理2008-2025\2008年高考地理试卷（全国卷Ⅱ）（空白卷）.pdf"
"重庆","2008","历史","","independent","重庆高考","2008年重庆高考历史试卷原卷版.pdf","重庆高考/2008年重庆高考历史试卷原卷版.pdf","7. 黑龙江高考历史2008-2025\2008年高考历史试卷（全国卷Ⅱ）（空白卷）.pdf"
"重庆","2008","文科数学","arts","independent","重庆高考","2008年重庆高考文科数学试卷原卷版.pdf","重庆高考/2008年重庆高考文科数学试卷原卷版.pdf","2. 北京高考数学2008-2025\2008年北京市高考数学试卷（文科）（原卷版）.doc"
"重庆","2008","理科数学","science","independent","重庆高考","2008年重庆高考理科数学试卷原卷版.pdf","重庆高考/2008年重庆高考理科数学试卷原卷版.pdf",""
"重庆","2008","物理","","independent","重庆高考","2008年重庆高考物理试卷原卷版.pdf","重庆高考/2008年重庆高考物理试卷原卷版.pdf","4. 黑龙江高考物理2008-2025\2008年高考物理试卷（全国卷Ⅱ）（空白卷）.pdf"
"重庆","2008","政治","","independent","重庆高考","2008年重庆高考政治试卷原卷版.pdf","重庆高考/2008年重庆高考政治试卷原卷版.pdf","8. 北京高考政治2008-2025\2008年高考生物试卷（北京）（空白卷）.doc"
"重庆","2009","生物","","independent","重庆高考","2009年重庆高考生物试卷原卷版.pdf","重庆高考/2009年重庆高考生物试卷原卷版.pdf","6. 黑龙江高考生物2008-2025\2009年高考生物试卷（全国卷Ⅱ）（空白卷）.pdf"
"重庆","2009","化学","","independent","重庆高考","2009年重庆高考化学试卷原卷版.pdf","重庆高考/2009年重庆高考化学试卷原卷版.pdf","5. 黑龙江高考化学2008-2025\2009年高考化学试卷（全国卷Ⅱ）（空白卷）.pdf"
"重庆","2009","地理","","independent","重庆高考","2009年重庆高考地理试卷原卷版.pdf","重庆高考/2009年重庆高考地理试卷原卷版.pdf","9. 黑龙江高考地理2008-2025\2009年高考地理试卷（全国卷Ⅱ）（空白卷）.pdf"
"重庆","2009","历史","","independent","重庆高考","2009年重庆高考历史试卷原卷版.pdf","重庆高考/2009年重庆高考历史试卷原卷版.pdf","7. 黑龙江高考历史2008-2025\2009年高考历史试卷（全国卷Ⅱ）（空白卷）.pdf"
"重庆","2009","文科数学","arts","independent","重庆高考","2009年重庆高考文科数学试卷原卷版.pdf","重庆高考/2009年重庆高考文科数学试卷原卷版.pdf","2. 北京高考数学2008-2025\2009年北京市高考数学试卷（文科）（原卷版）.doc"
"重庆","2009","理科数学","science","independent","重庆高考","2009年重庆高考理科数学试卷原卷版.pdf","重庆高考/2009年重庆高考理科数学试卷原卷版.pdf",""
"重庆","2009","物理","","independent","重庆高考","2009年重庆高考物理试卷原卷版.pdf","重庆高考/2009年重庆高考物理试卷原卷版.pdf","4. 黑龙江高考物理2008-2025\2009年高考物理试卷（全国卷Ⅱ）（空白卷）.pdf"
"重庆","2009","政治","","independent","重庆高考","2009年重庆高考政治试卷原卷版.pdf","重庆高考/2009年重庆高考政治试卷原卷版.pdf","8. 北京高考政治2008-2025\2009年北京市高考政治试卷（原卷版）.doc"
"重庆","2010","生物","","independent","重庆高考","2010年重庆高考生物试卷原卷版.pdf","重庆高考/2010年重庆高考生物试卷原卷版.pdf","6. 黑龙江高考生物2008-2025/2010年黑龙江高考生物试卷（原卷版）.pdf"
"重庆","2010","化学","","independent","重庆高考","2010年重庆高考化学试卷原卷版.pdf","重庆高考/2010年重庆高考化学试卷原卷版.pdf","5. 黑龙江高考化学2008-2025\2010年高考化学试卷（新课标）（空白卷）.pdf"
"重庆","2010","地理","","independent","重庆高考","2010年重庆高考地理试卷原卷版.pdf","重庆高考/2010年重庆高考地理试卷原卷版.pdf","9. 黑龙江高考地理2008-2025\2010年高考地理试卷（新课标卷）（空白卷）.pdf"
"重庆","2010","历史","","independent","重庆高考","2010年重庆高考历史试卷原卷版.pdf","重庆高考/2010年重庆高考历史试卷原卷版.pdf","7. 黑龙江高考历史2008-2025\2010年高考历史试卷（新课标）（空白卷）.pdf"
"重庆","2010","文科数学","arts","independent","重庆高考","2010年重庆高考文科数学试卷原卷版.pdf","重庆高考/2010年重庆高考文科数学试卷原卷版.pdf","2. 北京高考数学2008-2025\2010年北京市高考数学试卷（文科）（原卷版）.doc"
"重庆","2010","理科数学","science","independent","重庆高考","2010年重庆高考理科数学试卷原卷版.pdf","重庆高考/2010年重庆高考理科数学试卷原卷版.pdf",""
"重庆","2010","物理","","independent","重庆高考","2010年重庆高考物理试卷原卷版.pdf","重庆高考/2010年重庆高考物理试卷原卷版.pdf","4. 黑龙江高考物理2008-2025\2010年高考物理试卷（新课标）（空白卷）.pdf"
"重庆","2010","政治","","independent","重庆高考","2010年重庆高考政治试卷原卷版.pdf","重庆高考/2010年重庆高考政治试卷原卷版.pdf","8. 北京高考政治2008-2025\2010年北京市高考政治试卷（原卷版）.doc"
"重庆","2011","生物","","independent","重庆高考","2011年重庆高考生物试卷原卷版.pdf","重庆高考/2011年重庆高考生物试卷原卷版.pdf","6. 内蒙古高考生物2008-2025/2011年内蒙古高考生物试卷（原卷版）.pdf"
"重庆","2011","化学","","independent","重庆高考","2011年重庆高考化学试卷原卷版.pdf","重庆高考/2011年重庆高考化学试卷原卷版.pdf","5. 内蒙古高考化学2008-2025/2011年内蒙古高考化学试卷（原卷版）.pdf"
"重庆","2011","地理","","independent","重庆高考","2011年重庆高考地理试卷原卷版.pdf","重庆高考/2011年重庆高考地理试卷原卷版.pdf","9. 黑龙江高考地理2008-2025\2011年高考地理试卷（新课标）（空白卷）.pdf"
"重庆","2011","历史","","independent","重庆高考","2011年重庆高考历史试卷原卷版.pdf","重庆高考/2011年重庆高考历史试卷原卷版.pdf","7. 黑龙江高考历史2008-2025\2011年高考历史试卷（新课标）（空白卷）.pdf"
"重庆","2011","文科数学","arts","independent","重庆高考","2011年重庆高考文科数学试卷原卷版.pdf","重庆高考/2011年重庆高考文科数学试卷原卷版.pdf","2. 北京高考数学2008-2025\2011年北京市高考数学试卷（文科）（原卷版）.doc"
"重庆","2011","理科数学","science","independent","重庆高考","2011年重庆高考理科数学试卷原卷版.pdf","重庆高考/2011年重庆高考理科数学试卷原卷版.pdf",""
"重庆","2011","物理","","independent","重庆高考","2011年重庆高考物理试卷原卷版.pdf","重庆高考/2011年重庆高考物理试卷原卷版.pdf","4. 内蒙古高考物理2008-2025\2011年高考物理试卷（全国Ⅱ卷，大纲卷）（空白卷）.pdf"
"重庆","2011","政治","","independent","重庆高考","2011年重庆高考政治试卷原卷版.pdf","重庆高考/2011年重庆高考政治试卷原卷版.pdf","8. 北京高考政治2008-2025\2011年北京市高考政治试卷（原卷版）.doc"
"重庆","2012","文科数学","arts","independent","重庆高考","2012年重庆高考文科数学试卷原卷版.pdf","重庆高考/2012年重庆高考文科数学试卷原卷版.pdf","2. 北京高考数学2008-2025\2012年北京市高考数学试卷（文科）（原卷版）.doc"
"重庆","2012","理科数学","science","independent","重庆高考","2012年重庆高考理科数学试卷原卷版.pdf","重庆高考/2012年重庆高考理科数学试卷原卷版.pdf",""
"重庆","2012","政治","","independent","重庆高考","2012年重庆高考政治试卷原卷版.pdf","重庆高考/2012年重庆高考政治试卷原卷版.pdf","8. 北京高考政治2008-2025\2012年北京市高考政治试卷（原卷版）.doc"
"重庆","2013","文科数学","arts","independent","重庆高考","2013年重庆高考文科数学试卷原卷版.pdf","重庆高考/2013年重庆高考文科数学试卷原卷版.pdf","2. 北京高考数学2008-2025\2013年北京市高考数学试卷（文科）（原卷版）.doc"
"重庆","2013","理科数学","science","independent","重庆高考","2013年重庆高考理科数学试卷原卷版.pdf","重庆高考/2013年重庆高考理科数学试卷原卷版.pdf",""
"重庆","2013","政治","","independent","重庆高考","2013年重庆高考政治试卷原卷版.pdf","重庆高考/2013年重庆高考政治试卷原卷版.pdf","8. 北京高考政治2008-2025\2013年北京市高考政治试卷（原卷版）.doc"
"重庆","2014","文科数学","arts","independent","重庆高考","2014年重庆高考文科数学试卷原卷版.pdf","重庆高考/2014年重庆高考文科数学试卷原卷版.pdf","2. 北京高考数学2008-2025\2014年北京市高考数学试卷（文科）（原卷版）.doc"
"重庆","2014","理科数学","science","independent","重庆高考","2014年重庆高考理科数学试卷原卷版.pdf","重庆高考/2014年重庆高考理科数学试卷原卷版.pdf",""
"重庆","2014","政治","","independent","重庆高考","2014年重庆高考政治试卷原卷版.pdf","重庆高考/2014年重庆高考政治试卷原卷版.pdf","8. 北京高考政治2008-2025\2014年北京市高考政治试卷（原卷版）.doc"
"重庆","2015","文科数学","arts","independent","重庆高考","2015年重庆高考文科数学试卷原卷版.pdf","重庆高考/2015年重庆高考文科数学试卷原卷版.pdf","2. 北京高考数学2008-2025\2015年北京市高考数学试卷（文科）（原卷版）.doc"
"重庆","2015","理科数学","science","independent","重庆高考","2015年重庆高考理科数学试卷原卷版.pdf","重庆高考/2015年重庆高考理科数学试卷原卷版.pdf",""
"重庆","2015","政治","","independent","重庆高考","2015年重庆高考政治试卷原卷版.pdf","重庆高考/2015年重庆高考政治试卷原卷版.pdf","8. 北京高考政治2008-2025\2015年北京市高考政治试卷（原卷版）.doc"
"重庆","2016","文科数学","arts","independent","重庆高考","2016年重庆高考文科数学试卷原卷版.pdf","重庆高考/2016年重庆高考文科数学试卷原卷版.pdf","2. 北京高考数学2008-2025\2016年北京市高考数学试卷（文科）（原卷版）.doc"
"重庆","2016","理科数学","science","independent","重庆高考","2016年重庆高考理科数学试卷原卷版.pdf","重庆高考/2016年重庆高考理科数学试卷原卷版.pdf",""
"重庆","2016","政治","","independent","重庆高考","2016年重庆高考政治试卷原卷版.pdf","重庆高考/2016年重庆高考政治试卷原卷版.pdf","8. 北京高考政治2008-2025\2016年北京市高考政治试卷（原卷版）.doc"
"重庆","2017","文科数学","arts","independent","重庆高考","2017年重庆高考文科数学试卷原卷版.pdf","重庆高考/2017年重庆高考文科数学试卷原卷版.pdf","2. 北京高考数学2008-2025\2017年北京市高考数学试卷（文科）（原卷版）.doc"
"重庆","2017","理科数学","science","independent","重庆高考","2017年重庆高考理科数学试卷原卷版.pdf","重庆高考/2017年重庆高考理科数学试卷原卷版.pdf",""
"重庆","2017","政治","","independent","重庆高考","2017年重庆高考政治试卷原卷版.pdf","重庆高考/2017年重庆高考政治试卷原卷版.pdf","8. 北京高考政治2008-2025\2017年北京市高考政治试卷（原卷版）.doc"
"重庆","2018","文科数学","arts","independent","重庆高考","2018年重庆高考文科数学试卷原卷版.pdf","重庆高考/2018年重庆高考文科数学试卷原卷版.pdf","2. 北京高考数学2008-2025\2018年北京市高考数学试卷（文科）（原卷版）.doc"
"重庆","2018","理科数学","science","independent","重庆高考","2018年重庆高考理科数学试卷原卷版.pdf","重庆高考/2018年重庆高考理科数学试卷原卷版.pdf",""
"重庆","2018","政治","","independent","重庆高考","2018年重庆高考政治试卷原卷版.pdf","重庆高考/2018年重庆高考政治试卷原卷版.pdf","8. 北京高考政治2008-2025\2018年北京市高考政治试卷（原卷版）.doc"
"重庆","2019","文科数学","arts","independent","重庆高考","2019年重庆高考文科数学试卷原卷版.pdf","重庆高考/2019年重庆高考文科数学试卷原卷版.pdf","2. 北京高考数学2008-2025\2019年北京市高考数学试卷（文科）（原卷版）.doc"
"重庆","2019","理科数学","science","independent","重庆高考","2019年重庆高考理科数学试卷原卷版.pdf","重庆高考/2019年重庆高考理科数学试卷原卷版.pdf",""
"重庆","2019","政治","","independent","重庆高考","2019年重庆高考政治试卷原卷版.pdf","重庆高考/2019年重庆高考政治试卷原卷版.pdf","8. 北京高考政治2008-2025\2019年北京市高考政治试卷（原卷版）.doc"
"重庆","2020","文科数学","arts","independent","重庆高考","2020年重庆高考文科数学试卷原卷版.pdf","重庆高考/2020年重庆高考文科数学试卷原卷版.pdf","2. 北京高考数学2008-2025\2020年北京市高考数学试卷（原卷版）.doc"
"重庆","2020","理科数学","science","independent","重庆高考","2020年重庆高考理科数学试卷原卷版.pdf","重庆高考/2020年重庆高考理科数学试卷原卷版.pdf",""
"重庆","2020","政治","","independent","重庆高考","2020年重庆高考政治试卷原卷版.pdf","重庆高考/2020年重庆高考政治试卷原卷版.pdf","8. 北京高考政治2008-2025\2020年北京市高考政治试卷（原卷版）.doc"
"重庆","2021","数学","unified","new_gaokao_ii","重庆高考","2021年重庆高考数学试卷原卷版.pdf","重庆高考/2021年重庆高考数学试卷原卷版.pdf","2. 北京高考数学2008-2025\2021年北京市高考数学试卷（原卷版）.docx"
"重庆","2021","政治","","independent","重庆高考","2021年重庆高考政治试卷原卷版.pdf","重庆高考/2021年重庆高考政治试卷原卷版.pdf","8. 北京高考政治2008-2025\.cache.2021年北京市高考政治试卷（原卷版）.pdf"
"重庆","2022","数学","unified","new_gaokao_ii","重庆高考","2022年重庆高考数学试卷原卷版.pdf","重庆高考/2022年重庆高考数学试卷原卷版.pdf","2. 北京高考数学2008-2025\2022年新高考北京数学高考真题（原卷版）.docx"
"重庆","2022","政治","","independent","重庆高考","2022年重庆高考政治试卷原卷版.pdf","重庆高考/2022年重庆高考政治试卷原卷版.pdf","8. 北京高考政治2008-2025\2022年新高考北京政治高考真题（原卷版）.docx"
"重庆","2023","数学","unified","new_gaokao_ii","重庆高考","2023年重庆高考数学试卷原卷版.pdf","重庆高考/2023年重庆高考数学试卷原卷版.pdf","2. 北京高考数学2008-2025\2023年北京高考数学真题（原卷版）.docx"
"重庆","2023","政治","","independent","重庆高考","2023年重庆高考政治试卷原卷版.pdf","重庆高考/2023年重庆高考政治试卷原卷版.pdf","8. 北京高考政治2008-2025\2023年高考北京政治真题（原卷版）.docx"
"重庆","2024","生物","","independent","重庆高考","2024年重庆高考生物试卷原卷版.pdf","重庆高考/2024年重庆高考生物试卷原卷版.pdf","6. 北京高考生物2008-2025\2024年北京高考真题生物试卷（原卷版）.docx"
"重庆","2024","化学","","independent","重庆高考","2024年重庆高考化学试卷原卷版.pdf","重庆高考/2024年重庆高考化学试卷原卷版.pdf","5. 北京高考化学2008-2025\2024年北京高考真题化学试题（原卷版）.docx"
"重庆","2024","地理","","independent","重庆高考","2024年重庆高考地理试卷原卷版.pdf","重庆高考/2024年重庆高考地理试卷原卷版.pdf","9. 北京高考地理2008-2025\2024年北京市高考地理真题（原卷版）.docx"
"重庆","2024","数学","unified","new_gaokao_ii","重庆高考","2024年重庆高考数学试卷原卷版.pdf","重庆高考/2024年重庆高考数学试卷原卷版.pdf","2. 北京高考数学2008-2025\2024年北京高考数学真题（原卷版）.docx"
"重庆","2024","物理","","independent","重庆高考","2024年重庆高考物理试卷原卷版.pdf","重庆高考/2024年重庆高考物理试卷原卷版.pdf","4. 北京高考物理2008-2025\2024年高考北京卷物理真题（原卷版）.docx"
"重庆","2024","政治","","independent","重庆高考","2024年重庆高考政治试卷原卷版.pdf","重庆高考/2024年重庆高考政治试卷原卷版.pdf","8. 北京高考政治2008-2025\2024年北京高考政治试题（原卷版）.docx"
"福建","2008","文科数学","arts","national_i","福建高考","2008年福建高考文科数学试卷原卷版.pdf","福建高考/2008年福建高考文科数学试卷原卷版.pdf","2. 北京高考数学2008-2025\2008年北京市高考数学试卷（文科）（原卷版）.doc"
"福建","2008","理科数学","science","national_i","福建高考","2008年福建高考理科数学试卷原卷版.pdf","福建高考/2008年福建高考理科数学试卷原卷版.pdf","2. 北京高考数学2008-2025/2008年北京高考数学试卷（理科）（原卷版）.doc"
"福建","2008","政治","","national_i","福建高考","2008年福建高考政治试卷原卷版.pdf","福建高考/2008年福建高考政治试卷原卷版.pdf","8. 北京高考政治2008-2025\2008年高考生物试卷（北京）（空白卷）.doc"
"福建","2009","文科数学","arts","national_i","福建高考","2009年福建高考文科数学试卷原卷版.pdf","福建高考/2009年福建高考文科数学试卷原卷版.pdf","2. 北京高考数学2008-2025\2009年北京市高考数学试卷（文科）（原卷版）.doc"
"福建","2009","理科数学","science","national_i","福建高考","2009年福建高考理科数学试卷原卷版.pdf","福建高考/2009年福建高考理科数学试卷原卷版.pdf","2. 北京高考数学2008-2025/2009年北京高考数学试卷（理科）（原卷版）.doc"
"福建","2009","政治","","national_i","福建高考","2009年福建高考政治试卷原卷版.pdf","福建高考/2009年福建高考政治试卷原卷版.pdf","8. 北京高考政治2008-2025\2009年北京市高考政治试卷（原卷版）.doc"
"福建","2010","文科数学","arts","national_i","福建高考","2010年福建高考文科数学试卷原卷版.pdf","福建高考/2010年福建高考文科数学试卷原卷版.pdf","2. 北京高考数学2008-2025\2010年北京市高考数学试卷（文科）（原卷版）.doc"
"福建","2010","理科数学","science","national_i","福建高考","2010年福建高考理科数学试卷原卷版.pdf","福建高考/2010年福建高考理科数学试卷原卷版.pdf","2. 北京高考数学2008-2025/2010年北京高考数学试卷（理科）（原卷版）.doc"
"福建","2010","政治","","national_i","福建高考","2010年福建高考政治试卷原卷版.pdf","福建高考/2010年福建高考政治试卷原卷版.pdf","8. 北京高考政治2008-2025\2010年北京市高考政治试卷（原卷版）.doc"
"福建","2011","文科数学","arts","national_i","福建高考","2011年福建高考文科数学试卷原卷版.pdf","福建高考/2011年福建高考文科数学试卷原卷版.pdf","2. 北京高考数学2008-2025\2011年北京市高考数学试卷（文科）（原卷版）.doc"
"福建","2011","理科数学","science","national_i","福建高考","2011年福建高考理科数学试卷原卷版.pdf","福建高考/2011年福建高考理科数学试卷原卷版.pdf","2. 北京高考数学2008-2025/2011年北京高考数学试卷（理科）（原卷版）.doc"
"福建","2011","政治","","national_i","福建高考","2011年福建高考政治试卷原卷版.pdf","福建高考/2011年福建高考政治试卷原卷版.pdf","8. 北京高考政治2008-2025\2011年北京市高考政治试卷（原卷版）.doc"
"福建","2012","文科数学","arts","national_i","福建高考","2012年福建高考文科数学试卷原卷版.pdf","福建高考/2012年福建高考文科数学试卷原卷版.pdf","2. 北京高考数学2008-2025\2012年北京市高考数学试卷（文科）（原卷版）.doc"
"福建","2012","理科数学","science","national_i","福建高考","2012年福建高考理科数学试卷原卷版.pdf","福建高考/2012年福建高考理科数学试卷原卷版.pdf","2. 北京高考数学2008-2025/2012年北京高考数学试卷（理科）（原卷版）.doc"
"福建","2012","政治","","national_i","福建高考","2012年福建高考政治试卷原卷版.pdf","福建高考/2012年福建高考政治试卷原卷版.pdf","8. 北京高考政治2008-2025\2012年北京市高考政治试卷（原卷版）.doc"
"福建","2013","文科数学","arts","national_i","福建高考","2013年福建高考文科数学试卷原卷版.pdf","福建高考/2013年福建高考文科数学试卷原卷版.pdf","2. 北京高考数学2008-2025\2013年北京市高考数学试卷（文科）（原卷版）.doc"
"福建","2013","理科数学","science","national_i","福建高考","2013年福建高考理科数学试卷原卷版.pdf","福建高考/2013年福建高考理科数学试卷原卷版.pdf","2. 北京高考数学2008-2025/2013年北京高考数学试卷（理科）（原卷版）.doc"
"福建","2013","政治","","national_i","福建高考","2013年福建高考政治试卷原卷版.pdf","福建高考/2013年福建高考政治试卷原卷版.pdf","8. 北京高考政治2008-2025\2013年北京市高考政治试卷（原卷版）.doc"
"福建","2014","文科数学","arts","national_i","福建高考","2014年福建高考文科数学试卷原卷版.pdf","福建高考/2014年福建高考文科数学试卷原卷版.pdf","2. 北京高考数学2008-2025\2014年北京市高考数学试卷（文科）（原卷版）.doc"
"福建","2014","理科数学","science","national_i","福建高考","2014年福建高考理科数学试卷原卷版.pdf","福建高考/2014年福建高考理科数学试卷原卷版.pdf","2. 北京高考数学2008-2025/2014年北京高考数学试卷（理科）（原卷版）.doc"
"福建","2014","政治","","national_i","福建高考","2014年福建高考政治试卷原卷版.pdf","福建高考/2014年福建高考政治试卷原卷版.pdf","8. 北京高考政治2008-2025\2014年北京市高考政治试卷（原卷版）.doc"
"福建","2015","文科数学","arts","national_i","福建高考","2015年福建高考文科数学试卷原卷版.pdf","福建高考/2015年福建高考文科数学试卷原卷版.pdf","2. 北京高考数学2008-2025\2015年北京市高考数学试卷（文科）（原卷版）.doc"
"福建","2015","理科数学","science","national_i","福建高考","2015年福建高考理科数学试卷原卷版.pdf","福建高考/2015年福建高考理科数学试卷原卷版.pdf","2. 北京高考数学2008-2025/2015年北京高考数学试卷（理科）（原卷版）.doc"
"福建","2015","政治","","national_i","福建高考","2015年福建高考政治试卷原卷版.pdf","福建高考/2015年福建高考政治试卷原卷版.pdf","8. 北京高考政治2008-2025\2015年北京市高考政治试卷（原卷版）.doc"
"福建","2016","文科数学","arts","national_i","福建高考","2016年福建高考文科数学试卷原卷版.pdf","福建高考/2016年福建高考文科数学试卷原卷版.pdf","2. 北京高考数学2008-2025\2016年北京市高考数学试卷（文科）（原卷版）.doc"
"福建","2016","理科数学","science","national_i","福建高考","2016年福建高考理科数学试卷原卷版.pdf","福建高考/2016年福建高考理科数学试卷原卷版.pdf","2. 北京高考数学2008-2025/2016年北京高考数学试卷（理科）（原卷版）.doc"
"福建","2016","政治","","national_i","福建高考","2016年福建高考政治试卷原卷版.pdf","福建高考/2016年福建高考政治试卷原卷版.pdf","8. 北京高考政治2008-2025\2016年北京市高考政治试卷（原卷版）.doc"
"福建","2017","文科数学","arts","national_i","福建高考","2017年福建高考文科数学试卷原卷版.pdf","福建高考/2017年福建高考文科数学试卷原卷版.pdf","2. 北京高考数学2008-2025\2017年北京市高考数学试卷（文科）（原卷版）.doc"
"福建","2017","理科数学","science","national_i","福建高考","2017年福建高考理科数学试卷原卷版.pdf","福建高考/2017年福建高考理科数学试卷原卷版.pdf","2. 北京高考数学2008-2025/2017年北京高考数学试卷（理科）（原卷版）.doc"
"福建","2017","政治","","national_i","福建高考","2017年福建高考政治试卷原卷版.pdf","福建高考/2017年福建高考政治试卷原卷版.pdf","8. 北京高考政治2008-2025\2017年北京市高考政治试卷（原卷版）.doc"
"福建","2018","文科数学","arts","national_i","福建高考","2018年福建高考文科数学试卷原卷版.pdf","福建高考/2018年福建高考文科数学试卷原卷版.pdf","2. 北京高考数学2008-2025\2018年北京市高考数学试卷（文科）（原卷版）.doc"
"福建","2018","理科数学","science","national_i","福建高考","2018年福建高考理科数学试卷原卷版.pdf","福建高考/2018年福建高考理科数学试卷原卷版.pdf","2. 北京高考数学2008-2025/2018年北京高考数学试卷（理科）（原卷版）.doc"
"福建","2018","政治","","national_i","福建高考","2018年福建高考政治试卷原卷版.pdf","福建高考/2018年福建高考政治试卷原卷版.pdf","8. 北京高考政治2008-2025\2018年北京市高考政治试卷（原卷版）.doc"
"福建","2019","文科数学","arts","national_i","福建高考","2019年福建高考文科数学试卷原卷版.pdf","福建高考/2019年福建高考文科数学试卷原卷版.pdf","2. 北京高考数学2008-2025\2019年北京市高考数学试卷（文科）（原卷版）.doc"
"福建","2019","理科数学","science","national_i","福建高考","2019年福建高考理科数学试卷原卷版.pdf","福建高考/2019年福建高考理科数学试卷原卷版.pdf","2. 北京高考数学2008-2025/2019年北京高考数学试卷（理科）（原卷版）.doc"
"福建","2019","政治","","national_i","福建高考","2019年福建高考政治试卷原卷版.pdf","福建高考/2019年福建高考政治试卷原卷版.pdf","8. 北京高考政治2008-2025\2019年北京市高考政治试卷（原卷版）.doc"
"福建","2020","文科数学","arts","national_i","福建高考","2020年福建高考文科数学试卷原卷版.pdf","福建高考/2020年福建高考文科数学试卷原卷版.pdf","2. 北京高考数学2008-2025\2020年北京市高考数学试卷（原卷版）.doc"
"福建","2020","理科数学","science","national_i","福建高考","2020年福建高考理科数学试卷原卷版.pdf","福建高考/2020年福建高考理科数学试卷原卷版.pdf",""
"福建","2020","政治","","national_i","福建高考","2020年福建高考政治试卷原卷版.pdf","福建高考/2020年福建高考政治试卷原卷版.pdf","8. 北京高考政治2008-2025\2020年北京市高考政治试卷（原卷版）.doc"
"福建","2021","数学","unified","new_gaokao_i","福建高考","2021年福建高考数学试卷原卷版.pdf","福建高考/2021年福建高考数学试卷原卷版.pdf","2. 北京高考数学2008-2025\2021年北京市高考数学试卷（原卷版）.docx"
"福建","2021","政治","","independent","福建高考","2021年福建高考政治试卷原卷版.pdf","福建高考/2021年福建高考政治试卷原卷版.pdf","8. 北京高考政治2008-2025\.cache.2021年北京市高考政治试卷（原卷版）.pdf"
"福建","2022","数学","unified","new_gaokao_i","福建高考","2022年福建高考数学试卷原卷版.pdf","福建高考/2022年福建高考数学试卷原卷版.pdf","2. 北京高考数学2008-2025\2022年新高考北京数学高考真题（原卷版）.docx"
"福建","2022","政治","","independent","福建高考","2022年福建高考政治试卷原卷版.pdf","福建高考/2022年福建高考政治试卷原卷版.pdf","8. 北京高考政治2008-2025\2022年新高考北京政治高考真题（原卷版）.docx"
"福建","2023","数学","unified","new_gaokao_i","福建高考","2023年福建高考数学试卷原卷版.pdf","福建高考/2023年福建高考数学试卷原卷版.pdf","2. 北京高考数学2008-2025\2023年北京高考数学真题（原卷版）.docx"
"福建","2023","政治","","independent","福建高考","2023年福建高考政治试卷原卷版.pdf","福建高考/2023年福建高考政治试卷原卷版.pdf","8. 北京高考政治2008-2025\2023年高考北京政治真题（原卷版）.docx"
"福建","2024","生物","","independent","福建高考","2024年福建高考生物试卷原卷版.pdf","福建高考/2024年福建高考生物试卷原卷版.pdf","6. 山东高考生物2008-2025\2024年高考生物试卷（山东）（空白卷）.pdf"
"福建","2024","化学","","independent","福建高考","2024年福建高考化学试卷原卷版.pdf","福建高考/2024年福建高考化学试卷原卷版.pdf","5. 山东高考化学2008-2025\2024年高考化学试卷（山东）（空白卷）.pdf"
"福建","2024","历史","","independent","福建高考","2024年福建高考历史试卷原卷版.pdf","福建高考/2024年福建高考历史试卷原卷版.pdf","7. 山东高考历史2008-2025\2024年高考历史试卷（山东）（空白卷）.pdf"
"福建","2024","数学","unified","new_gaokao_i","福建高考","2024年福建高考数学试卷原卷版.pdf","福建高考/2024年福建高考数学试卷原卷版.pdf","2. 北京高考数学2008-2025\2024年北京高考数学真题（原卷版）.docx"
"福建","2024","物理","","independent","福建高考","2024年福建高考物理试卷原卷版.pdf","福建高考/2024年福建高考物理试卷原卷版.pdf","4. 山东高考物理2008-2025\2024年高考物理试卷（山东）（空白卷）.pdf"
"福建","2024","政治","","independent","福建高考","2024年福建高考政治试卷原卷版.pdf","福建高考/2024年福建高考政治试卷原卷版.pdf","8. 北京高考政治2008-2025\2024年北京高考政治试题（原卷版）.docx"
"福建","2025","生物","","independent","福建高考","2025年福建高考生物试卷原卷版.pdf","福建高考/2025年福建高考生物试卷原卷版.pdf","6. 山东高考生物2008-2025\2025年高考山东生物-a4da867a284a.pdf"
"福建","2025","地理","","independent","福建高考","2025年福建高考地理试卷原卷版.pdf","福建高考/2025年福建高考地理试卷原卷版.pdf","9. 北京高考地理2008-2025\2025年北京高考地理真题（原卷版）.docx"
"福建","2025","历史","","independent","福建高考","2025年福建高考历史试卷原卷版.pdf","福建高考/2025年福建高考历史试卷原卷版.pdf","7. 北京高考历史2008-2025\2025年北京高考历史真题（原卷版）.docx"
"福建","2025","政治","","independent","福建高考","2025年福建高考政治试卷原卷版.pdf","福建高考/2025年福建高考政治试卷原卷版.pdf","8. 北京高考政治2008-2025\2025北京高考政治试题（原卷版）.docx"
"甘肃","2008","文科数学","arts","national_ii","甘肃高考","2008年甘肃高考文科数学试卷原卷版.pdf","甘肃高考/2008年甘肃高考文科数学试卷原卷版.pdf","2. 北京高考数学2008-2025\2008年北京市高考数学试卷（文科）（原卷版）.doc"
"甘肃","2008","理科数学","science","national_ii","甘肃高考","2008年甘肃高考理科数学试卷原卷版.pdf","甘肃高考/2008年甘肃高考理科数学试卷原卷版.pdf","2. 北京高考数学2008-2025/2008年北京高考数学试卷（理科）（原卷版）.doc"
"甘肃","2008","政治","","national_ii","甘肃高考","2008年甘肃高考政治试卷原卷版.pdf","甘肃高考/2008年甘肃高考政治试卷原卷版.pdf","8. 北京高考政治2008-2025\2008年高考生物试卷（北京）（空白卷）.doc"
"甘肃","2009","文科数学","arts","national_ii","甘肃高考","2009年甘肃高考文科数学试卷原卷版.pdf","甘肃高考/2009年甘肃高考文科数学试卷原卷版.pdf","2. 北京高考数学2008-2025\2009年北京市高考数学试卷（文科）（原卷版）.doc"
"甘肃","2009","理科数学","science","national_ii","甘肃高考","2009年甘肃高考理科数学试卷原卷版.pdf","甘肃高考/2009年甘肃高考理科数学试卷原卷版.pdf","2. 北京高考数学2008-2025/2009年北京高考数学试卷（理科）（原卷版）.doc"
"甘肃","2009","政治","","national_ii","甘肃高考","2009年甘肃高考政治试卷原卷版.pdf","甘肃高考/2009年甘肃高考政治试卷原卷版.pdf","8. 北京高考政治2008-2025\2009年北京市高考政治试卷（原卷版）.doc"
"甘肃","2010","文科数学","arts","national_ii","甘肃高考","2010年甘肃高考文科数学试卷原卷版.pdf","甘肃高考/2010年甘肃高考文科数学试卷原卷版.pdf","2. 北京高考数学2008-2025\2010年北京市高考数学试卷（文科）（原卷版）.doc"
"甘肃","2010","理科数学","science","national_ii","甘肃高考","2010年甘肃高考理科数学试卷原卷版.pdf","甘肃高考/2010年甘肃高考理科数学试卷原卷版.pdf","2. 北京高考数学2008-2025/2010年北京高考数学试卷（理科）（原卷版）.doc"
"甘肃","2010","政治","","national_ii","甘肃高考","2010年甘肃高考政治试卷原卷版.pdf","甘肃高考/2010年甘肃高考政治试卷原卷版.pdf","8. 北京高考政治2008-2025\2010年北京市高考政治试卷（原卷版）.doc"
"甘肃","2011","文科数学","arts","national_ii","甘肃高考","2011年甘肃高考文科数学试卷原卷版.pdf","甘肃高考/2011年甘肃高考文科数学试卷原卷版.pdf","2. 北京高考数学2008-2025\2011年北京市高考数学试卷（文科）（原卷版）.doc"
"甘肃","2011","理科数学","science","national_ii","甘肃高考","2011年甘肃高考理科数学试卷原卷版.pdf","甘肃高考/2011年甘肃高考理科数学试卷原卷版.pdf","2. 北京高考数学2008-2025/2011年北京高考数学试卷（理科）（原卷版）.doc"
"甘肃","2011","政治","","national_ii","甘肃高考","2011年甘肃高考政治试卷原卷版.pdf","甘肃高考/2011年甘肃高考政治试卷原卷版.pdf","8. 北京高考政治2008-2025\2011年北京市高考政治试卷（原卷版）.doc"
"甘肃","2012","文科数学","arts","national_ii","甘肃高考","2012年甘肃高考文科数学试卷原卷版.pdf","甘肃高考/2012年甘肃高考文科数学试卷原卷版.pdf","2. 北京高考数学2008-2025\2012年北京市高考数学试卷（文科）（原卷版）.doc"
"甘肃","2012","理科数学","science","national_ii","甘肃高考","2012年甘肃高考理科数学试卷原卷版.pdf","甘肃高考/2012年甘肃高考理科数学试卷原卷版.pdf","2. 北京高考数学2008-2025/2012年北京高考数学试卷（理科）（原卷版）.doc"
"甘肃","2012","政治","","national_ii","甘肃高考","2012年甘肃高考政治试卷原卷版.pdf","甘肃高考/2012年甘肃高考政治试卷原卷版.pdf","8. 北京高考政治2008-2025\2012年北京市高考政治试卷（原卷版）.doc"
"甘肃","2013","文科数学","arts","national_ii","甘肃高考","2013年甘肃高考文科数学试卷原卷版.pdf","甘肃高考/2013年甘肃高考文科数学试卷原卷版.pdf","2. 北京高考数学2008-2025\2013年北京市高考数学试卷（文科）（原卷版）.doc"
"甘肃","2013","理科数学","science","national_ii","甘肃高考","2013年甘肃高考理科数学试卷原卷版.pdf","甘肃高考/2013年甘肃高考理科数学试卷原卷版.pdf","2. 北京高考数学2008-2025/2013年北京高考数学试卷（理科）（原卷版）.doc"
"甘肃","2013","政治","","national_ii","甘肃高考","2013年甘肃高考政治试卷原卷版.pdf","甘肃高考/2013年甘肃高考政治试卷原卷版.pdf","8. 北京高考政治2008-2025\2013年北京市高考政治试卷（原卷版）.doc"
"甘肃","2014","文科数学","arts","national_ii","甘肃高考","2014年甘肃高考文科数学试卷原卷版.pdf","甘肃高考/2014年甘肃高考文科数学试卷原卷版.pdf","2. 北京高考数学2008-2025\2014年北京市高考数学试卷（文科）（原卷版）.doc"
"甘肃","2014","理科数学","science","national_ii","甘肃高考","2014年甘肃高考理科数学试卷原卷版.pdf","甘肃高考/2014年甘肃高考理科数学试卷原卷版.pdf","2. 北京高考数学2008-2025/2014年北京高考数学试卷（理科）（原卷版）.doc"
"甘肃","2014","政治","","national_ii","甘肃高考","2014年甘肃高考政治试卷原卷版.pdf","甘肃高考/2014年甘肃高考政治试卷原卷版.pdf","8. 北京高考政治2008-2025\2014年北京市高考政治试卷（原卷版）.doc"
"甘肃","2015","文科数学","arts","national_ii","甘肃高考","2015年甘肃高考文科数学试卷原卷版.pdf","甘肃高考/2015年甘肃高考文科数学试卷原卷版.pdf","2. 北京高考数学2008-2025\2015年北京市高考数学试卷（文科）（原卷版）.doc"
"甘肃","2015","理科数学","science","national_ii","甘肃高考","2015年甘肃高考理科数学试卷原卷版.pdf","甘肃高考/2015年甘肃高考理科数学试卷原卷版.pdf","2. 北京高考数学2008-2025/2015年北京高考数学试卷（理科）（原卷版）.doc"
"甘肃","2015","政治","","national_ii","甘肃高考","2015年甘肃高考政治试卷原卷版.pdf","甘肃高考/2015年甘肃高考政治试卷原卷版.pdf","8. 北京高考政治2008-2025\2015年北京市高考政治试卷（原卷版）.doc"
"甘肃","2016","文科数学","arts","national_ii","甘肃高考","2016年甘肃高考文科数学试卷原卷版.pdf","甘肃高考/2016年甘肃高考文科数学试卷原卷版.pdf","2. 北京高考数学2008-2025\2016年北京市高考数学试卷（文科）（原卷版）.doc"
"甘肃","2016","理科数学","science","national_ii","甘肃高考","2016年甘肃高考理科数学试卷原卷版.pdf","甘肃高考/2016年甘肃高考理科数学试卷原卷版.pdf","2. 北京高考数学2008-2025/2016年北京高考数学试卷（理科）（原卷版）.doc"
"甘肃","2016","政治","","national_ii","甘肃高考","2016年甘肃高考政治试卷原卷版.pdf","甘肃高考/2016年甘肃高考政治试卷原卷版.pdf","8. 北京高考政治2008-2025\2016年北京市高考政治试卷（原卷版）.doc"
"甘肃","2017","文科数学","arts","national_ii","甘肃高考","2017年甘肃高考文科数学试卷原卷版.pdf","甘肃高考/2017年甘肃高考文科数学试卷原卷版.pdf","2. 北京高考数学2008-2025\2017年北京市高考数学试卷（文科）（原卷版）.doc"
"甘肃","2017","理科数学","science","national_ii","甘肃高考","2017年甘肃高考理科数学试卷原卷版.pdf","甘肃高考/2017年甘肃高考理科数学试卷原卷版.pdf","2. 北京高考数学2008-2025/2017年北京高考数学试卷（理科）（原卷版）.doc"
"甘肃","2017","政治","","national_ii","甘肃高考","2017年甘肃高考政治试卷原卷版.pdf","甘肃高考/2017年甘肃高考政治试卷原卷版.pdf","8. 北京高考政治2008-2025\2017年北京市高考政治试卷（原卷版）.doc"
"甘肃","2018","文科数学","arts","national_ii","甘肃高考","2018年甘肃高考文科数学试卷原卷版.pdf","甘肃高考/2018年甘肃高考文科数学试卷原卷版.pdf","2. 北京高考数学2008-2025\2018年北京市高考数学试卷（文科）（原卷版）.doc"
"甘肃","2018","理科数学","science","national_ii","甘肃高考","2018年甘肃高考理科数学试卷原卷版.pdf","甘肃高考/2018年甘肃高考理科数学试卷原卷版.pdf","2. 北京高考数学2008-2025/2018年北京高考数学试卷（理科）（原卷版）.doc"
"甘肃","2018","政治","","national_ii","甘肃高考","2018年甘肃高考政治试卷原卷版.pdf","甘肃高考/2018年甘肃高考政治试卷原卷版.pdf","8. 北京高考政治2008-2025\2018年北京市高考政治试卷（原卷版）.doc"
"甘肃","2019","文科数学","arts","national_ii","甘肃高考","2019年甘肃高考文科数学试卷原卷版.pdf","甘肃高考/2019年甘肃高考文科数学试卷原卷版.pdf","2. 北京高考数学2008-2025\2019年北京市高考数学试卷（文科）（原卷版）.doc"
"甘肃","2019","理科数学","science","national_ii","甘肃高考","2019年甘肃高考理科数学试卷原卷版.pdf","甘肃高考/2019年甘肃高考理科数学试卷原卷版.pdf","2. 北京高考数学2008-2025/2019年北京高考数学试卷（理科）（原卷版）.doc"
"甘肃","2019","政治","","national_ii","甘肃高考","2019年甘肃高考政治试卷原卷版.pdf","甘肃高考/2019年甘肃高考政治试卷原卷版.pdf","8. 北京高考政治2008-2025\2019年北京市高考政治试卷（原卷版）.doc"
"甘肃","2020","文科数学","arts","national_ii","甘肃高考","2020年甘肃高考文科数学试卷原卷版.pdf","甘肃高考/2020年甘肃高考文科数学试卷原卷版.pdf","2. 北京高考数学2008-2025\2020年北京市高考数学试卷（原卷版）.doc"
"甘肃","2020","理科数学","science","national_ii","甘肃高考","2020年甘肃高考理科数学试卷原卷版.pdf","甘肃高考/2020年甘肃高考理科数学试卷原卷版.pdf",""
"甘肃","2020","政治","","national_ii","甘肃高考","2020年甘肃高考政治试卷原卷版.pdf","甘肃高考/2020年甘肃高考政治试卷原卷版.pdf","8. 北京高考政治2008-2025\2020年北京市高考政治试卷（原卷版）.doc"
"甘肃","2021","文科数学","arts","national_ii","甘肃高考","2021年甘肃高考文科数学试卷原卷版.pdf","甘肃高考/2021年甘肃高考文科数学试卷原卷版.pdf","2. 北京高考数学2008-2025\2021年北京市高考数学试卷（原卷版）.docx"
"甘肃","2021","理科数学","science","national_ii","甘肃高考","2021年甘肃高考理科数学试卷原卷版.pdf","甘肃高考/2021年甘肃高考理科数学试卷原卷版.pdf",""
"甘肃","2021","政治","","national_ii","甘肃高考","2021年甘肃高考政治试卷原卷版.pdf","甘肃高考/2021年甘肃高考政治试卷原卷版.pdf","8. 北京高考政治2008-2025\.cache.2021年北京市高考政治试卷（原卷版）.pdf"
"甘肃","2022","文科数学","arts","national_b","甘肃高考","2022年甘肃高考文科数学试卷原卷版.pdf","甘肃高考/2022年甘肃高考文科数学试卷原卷版.pdf","2. 北京高考数学2008-2025\2022年新高考北京数学高考真题（原卷版）.docx"
"甘肃","2022","理科数学","science","national_b","甘肃高考","2022年甘肃高考理科数学试卷原卷版.pdf","甘肃高考/2022年甘肃高考理科数学试卷原卷版.pdf",""
"甘肃","2022","政治","","national_b","甘肃高考","2022年甘肃高考政治试卷原卷版.pdf","甘肃高考/2022年甘肃高考政治试卷原卷版.pdf","8. 北京高考政治2008-2025\2022年新高考北京政治高考真题（原卷版）.docx"
"甘肃","2023","文科数学","arts","national_b","甘肃高考","2023年甘肃高考文科数学试卷原卷版.pdf","甘肃高考/2023年甘肃高考文科数学试卷原卷版.pdf","2. 北京高考数学2008-2025\2023年北京高考数学真题（原卷版）.docx"
"甘肃","2023","理科数学","science","national_b","甘肃高考","2023年甘肃高考理科数学试卷原卷版.pdf","甘肃高考/2023年甘肃高考理科数学试卷原卷版.pdf",""
"甘肃","2023","政治","","national_b","甘肃高考","2023年甘肃高考政治试卷原卷版.pdf","甘肃高考/2023年甘肃高考政治试卷原卷版.pdf","8. 北京高考政治2008-2025\2023年高考北京政治真题（原卷版）.docx"
"甘肃","2024","数学","unified","new_gaokao_ii","甘肃高考","2024年甘肃高考数学试卷原卷版.pdf","甘肃高考/2024年甘肃高考数学试卷原卷版.pdf","2. 北京高考数学2008-2025\2024年北京高考数学真题（原卷版）.docx"
"甘肃","2024","政治","","independent","甘肃高考","2024年甘肃高考政治试卷原卷版.pdf","甘肃高考/2024年甘肃高考政治试卷原卷版.pdf","8. 北京高考政治2008-2025\2024年北京高考政治试题（原卷版）.docx"
"甘肃","2025","生物","","independent","甘肃高考","2025年甘肃高考生物试卷原卷版.pdf","甘肃高考/2025年甘肃高考生物试卷原卷版.pdf","6. 北京高考生物2008-2025\.cache.2025高考北京卷生物真题试卷（原卷版）.pdf"
"甘肃","2025","地理","","independent","甘肃高考","2025年甘肃高考地理试卷原卷版.pdf","甘肃高考/2025年甘肃高考地理试卷原卷版.pdf","9. 北京高考地理2008-2025\2025年北京高考地理真题（原卷版）.docx"
"甘肃","2025","历史","","independent","甘肃高考","2025年甘肃高考历史试卷原卷版.pdf","甘肃高考/2025年甘肃高考历史试卷原卷版.pdf","7. 北京高考历史2008-2025\2025年北京高考历史真题（原卷版）.docx"
"甘肃","2025","数学","unified","new_gaokao_ii","甘肃高考","2025年甘肃高考数学试卷原卷版.pdf","甘肃高考/2025年甘肃高考数学试卷原卷版.pdf","2. 北京高考数学2008-2025\2025年高考北京数学真题（原卷版）.docx"
"甘肃","2025","物理","","independent","甘肃高考","2025年甘肃高考物理试卷原卷版.pdf","甘肃高考/2025年甘肃高考物理试卷原卷版.pdf","4. 四川高考物理2008-2025\2025年普通高中学业水平选择性考试(四川）物理部分试题-183d16c6fa24.pdf"
"甘肃","2025","政治","","independent","甘肃高考","2025年甘肃高考政治试卷原卷版.pdf","甘肃高考/2025年甘肃高考政治试卷原卷版.pdf","8. 北京高考政治2008-2025\2025北京高考政治试题（原卷版）.docx"
"广东","2008","文科数学","arts","independent","广东高考","2008年广东高考文科数学试卷原卷版.pdf","广东高考/2008年广东高考文科数学试卷原卷版.pdf","2. 北京高考数学2008-2025\2008年北京市高考数学试卷（文科）（原卷版）.doc"
"广东","2008","理科数学","science","independent","广东高考","2008年广东高考理科数学试卷原卷版.pdf","广东高考/2008年广东高考理科数学试卷原卷版.pdf",""
"广东","2008","政治","","independent","广东高考","2008年广东高考政治试卷原卷版.pdf","广东高考/2008年广东高考政治试卷原卷版.pdf","8. 北京高考政治2008-2025\2008年高考生物试卷（北京）（空白卷）.doc"
"广东","2009","文科数学","arts","independent","广东高考","2009年广东高考文科数学试卷原卷版.pdf","广东高考/2009年广东高考文科数学试卷原卷版.pdf","2. 北京高考数学2008-2025\2009年北京市高考数学试卷（文科）（原卷版）.doc"
"广东","2009","理科数学","science","independent","广东高考","2009年广东高考理科数学试卷原卷版.pdf","广东高考/2009年广东高考理科数学试卷原卷版.pdf",""
"广东","2009","政治","","independent","广东高考","2009年广东高考政治试卷原卷版.pdf","广东高考/2009年广东高考政治试卷原卷版.pdf","8. 北京高考政治2008-2025\2009年北京市高考政治试卷（原卷版）.doc"
"广东","2010","文科数学","arts","independent","广东高考","2010年广东高考文科数学试卷原卷版.pdf","广东高考/2010年广东高考文科数学试卷原卷版.pdf","2. 北京高考数学2008-2025\2010年北京市高考数学试卷（文科）（原卷版）.doc"
"广东","2010","理科数学","science","independent","广东高考","2010年广东高考理科数学试卷原卷版.pdf","广东高考/2010年广东高考理科数学试卷原卷版.pdf",""
"广东","2010","政治","","independent","广东高考","2010年广东高考政治试卷原卷版.pdf","广东高考/2010年广东高考政治试卷原卷版.pdf","8. 北京高考政治2008-2025\2010年北京市高考政治试卷（原卷版）.doc"
"广东","2011","文科数学","arts","independent","广东高考","2011年广东高考文科数学试卷原卷版.pdf","广东高考/2011年广东高考文科数学试卷原卷版.pdf","2. 北京高考数学2008-2025\2011年北京市高考数学试卷（文科）（原卷版）.doc"
"广东","2011","理科数学","science","independent","广东高考","2011年广东高考理科数学试卷原卷版.pdf","广东高考/2011年广东高考理科数学试卷原卷版.pdf",""
"广东","2011","政治","","independent","广东高考","2011年广东高考政治试卷原卷版.pdf","广东高考/2011年广东高考政治试卷原卷版.pdf","8. 北京高考政治2008-2025\2011年北京市高考政治试卷（原卷版）.doc"
"广东","2012","文科数学","arts","independent","广东高考","2012年广东高考文科数学试卷原卷版.pdf","广东高考/2012年广东高考文科数学试卷原卷版.pdf","2. 北京高考数学2008-2025\2012年北京市高考数学试卷（文科）（原卷版）.doc"
"广东","2012","理科数学","science","independent","广东高考","2012年广东高考理科数学试卷原卷版.pdf","广东高考/2012年广东高考理科数学试卷原卷版.pdf",""
"广东","2012","政治","","independent","广东高考","2012年广东高考政治试卷原卷版.pdf","广东高考/2012年广东高考政治试卷原卷版.pdf","8. 北京高考政治2008-2025\2012年北京市高考政治试卷（原卷版）.doc"
"广东","2013","文科数学","arts","independent","广东高考","2013年广东高考文科数学试卷原卷版.pdf","广东高考/2013年广东高考文科数学试卷原卷版.pdf","2. 北京高考数学2008-2025\2013年北京市高考数学试卷（文科）（原卷版）.doc"
"广东","2013","理科数学","science","independent","广东高考","2013年广东高考理科数学试卷原卷版.pdf","广东高考/2013年广东高考理科数学试卷原卷版.pdf",""
"广东","2013","政治","","independent","广东高考","2013年广东高考政治试卷原卷版.pdf","广东高考/2013年广东高考政治试卷原卷版.pdf","8. 北京高考政治2008-2025\2013年北京市高考政治试卷（原卷版）.doc"
"广东","2014","文科数学","arts","independent","广东高考","2014年广东高考文科数学试卷原卷版.pdf","广东高考/2014年广东高考文科数学试卷原卷版.pdf","2. 北京高考数学2008-2025\2014年北京市高考数学试卷（文科）（原卷版）.doc"
"广东","2014","理科数学","science","independent","广东高考","2014年广东高考理科数学试卷原卷版.pdf","广东高考/2014年广东高考理科数学试卷原卷版.pdf",""
"广东","2014","政治","","independent","广东高考","2014年广东高考政治试卷原卷版.pdf","广东高考/2014年广东高考政治试卷原卷版.pdf","8. 北京高考政治2008-2025\2014年北京市高考政治试卷（原卷版）.doc"
"广东","2015","文科数学","arts","independent","广东高考","2015年广东高考文科数学试卷原卷版.pdf","广东高考/2015年广东高考文科数学试卷原卷版.pdf","2. 北京高考数学2008-2025\2015年北京市高考数学试卷（文科）（原卷版）.doc"
"广东","2015","理科数学","science","independent","广东高考","2015年广东高考理科数学试卷原卷版.pdf","广东高考/2015年广东高考理科数学试卷原卷版.pdf",""
"广东","2015","政治","","independent","广东高考","2015年广东高考政治试卷原卷版.pdf","广东高考/2015年广东高考政治试卷原卷版.pdf","8. 北京高考政治2008-2025\2015年北京市高考政治试卷（原卷版）.doc"
"广东","2016","文科数学","arts","independent","广东高考","2016年广东高考文科数学试卷原卷版.pdf","广东高考/2016年广东高考文科数学试卷原卷版.pdf","2. 北京高考数学2008-2025\2016年北京市高考数学试卷（文科）（原卷版）.doc"
"广东","2016","理科数学","science","independent","广东高考","2016年广东高考理科数学试卷原卷版.pdf","广东高考/2016年广东高考理科数学试卷原卷版.pdf",""
"广东","2016","政治","","independent","广东高考","2016年广东高考政治试卷原卷版.pdf","广东高考/2016年广东高考政治试卷原卷版.pdf","8. 北京高考政治2008-2025\2016年北京市高考政治试卷（原卷版）.doc"
"广东","2017","文科数学","arts","independent","广东高考","2017年广东高考文科数学试卷原卷版.pdf","广东高考/2017年广东高考文科数学试卷原卷版.pdf","2. 北京高考数学2008-2025\2017年北京市高考数学试卷（文科）（原卷版）.doc"
"广东","2017","理科数学","science","independent","广东高考","2017年广东高考理科数学试卷原卷版.pdf","广东高考/2017年广东高考理科数学试卷原卷版.pdf",""
"广东","2017","政治","","independent","广东高考","2017年广东高考政治试卷原卷版.pdf","广东高考/2017年广东高考政治试卷原卷版.pdf","8. 北京高考政治2008-2025\2017年北京市高考政治试卷（原卷版）.doc"
"广东","2018","地理","","independent","广东高考","2018年广东高考地理试卷原卷版.pdf","广东高考/2018年广东高考地理试卷原卷版.pdf","9. 河南高考地理2008-2025\2018年高考地理试卷（新课标Ⅰ）（空白卷）.pdf"
"广东","2018","文科数学","arts","independent","广东高考","2018年广东高考文科数学试卷原卷版.pdf","广东高考/2018年广东高考文科数学试卷原卷版.pdf","2. 北京高考数学2008-2025\2018年北京市高考数学试卷（文科）（原卷版）.doc"
"广东","2018","理科数学","science","independent","广东高考","2018年广东高考理科数学试卷原卷版.pdf","广东高考/2018年广东高考理科数学试卷原卷版.pdf",""
"广东","2018","政治","","independent","广东高考","2018年广东高考政治试卷原卷版.pdf","广东高考/2018年广东高考政治试卷原卷版.pdf","8. 北京高考政治2008-2025\2018年北京市高考政治试卷（原卷版）.doc"
"广东","2019","文科数学","arts","independent","广东高考","2019年广东高考文科数学试卷原卷版.pdf","广东高考/2019年广东高考文科数学试卷原卷版.pdf","2. 北京高考数学2008-2025\2019年北京市高考数学试卷（文科）（原卷版）.doc"
"广东","2019","理科数学","science","independent","广东高考","2019年广东高考理科数学试卷原卷版.pdf","广东高考/2019年广东高考理科数学试卷原卷版.pdf",""
"广东","2019","政治","","independent","广东高考","2019年广东高考政治试卷原卷版.pdf","广东高考/2019年广东高考政治试卷原卷版.pdf","8. 北京高考政治2008-2025\2019年北京市高考政治试卷（原卷版）.doc"
"广东","2020","文科数学","arts","independent","广东高考","2020年广东高考文科数学试卷原卷版.pdf","广东高考/2020年广东高考文科数学试卷原卷版.pdf","2. 北京高考数学2008-2025\2020年北京市高考数学试卷（原卷版）.doc"
"广东","2020","理科数学","science","independent","广东高考","2020年广东高考理科数学试卷原卷版.pdf","广东高考/2020年广东高考理科数学试卷原卷版.pdf",""
"广东","2020","政治","","independent","广东高考","2020年广东高考政治试卷原卷版.pdf","广东高考/2020年广东高考政治试卷原卷版.pdf","8. 北京高考政治2008-2025\2020年北京市高考政治试卷（原卷版）.doc"
"广东","2021","数学","unified","new_gaokao_i","广东高考","2021年广东高考数学试卷原卷版.pdf","广东高考/2021年广东高考数学试卷原卷版.pdf","2. 北京高考数学2008-2025\2021年北京市高考数学试卷（原卷版）.docx"
"广东","2021","政治","","independent","广东高考","2021年广东高考政治试卷原卷版.pdf","广东高考/2021年广东高考政治试卷原卷版.pdf","8. 北京高考政治2008-2025\.cache.2021年北京市高考政治试卷（原卷版）.pdf"
"广东","2022","数学","unified","new_gaokao_i","广东高考","2022年广东高考数学试卷原卷版.pdf","广东高考/2022年广东高考数学试卷原卷版.pdf","2. 北京高考数学2008-2025\2022年新高考北京数学高考真题（原卷版）.docx"
"广东","2022","政治","","independent","广东高考","2022年广东高考政治试卷原卷版.pdf","广东高考/2022年广东高考政治试卷原卷版.pdf","8. 北京高考政治2008-2025\2022年新高考北京政治高考真题（原卷版）.docx"
"广东","2023","数学","unified","new_gaokao_i","广东高考","2023年广东高考数学试卷原卷版.pdf","广东高考/2023年广东高考数学试卷原卷版.pdf","2. 北京高考数学2008-2025\2023年北京高考数学真题（原卷版）.docx"
"广东","2023","政治","","independent","广东高考","2023年广东高考政治试卷原卷版.pdf","广东高考/2023年广东高考政治试卷原卷版.pdf","8. 北京高考政治2008-2025\2023年高考北京政治真题（原卷版）.docx"
"广东","2024","数学","unified","new_gaokao_i","广东高考","2024年广东高考数学试卷原卷版.pdf","广东高考/2024年广东高考数学试卷原卷版.pdf","2. 北京高考数学2008-2025\2024年北京高考数学真题（原卷版）.docx"
"广东","2024","政治","","independent","广东高考","2024年广东高考政治试卷原卷版.pdf","广东高考/2024年广东高考政治试卷原卷版.pdf","8. 北京高考政治2008-2025\2024年北京高考政治试题（原卷版）.docx"
"广东","2025","生物","","independent","广东高考","2025年广东高考生物试卷原卷版.pdf","广东高考/2025年广东高考生物试卷原卷版.pdf","6. 山东高考生物2008-2025\2025年高考山东生物-a4da867a284a.pdf"
"广东","2025","政治","","independent","广东高考","2025年广东高考政治试卷原卷版.pdf","广东高考/2025年广东高考政治试卷原卷版.pdf","8. 北京高考政治2008-2025\2025北京高考政治试题（原卷版）.docx"
"广西","2008","文科数学","arts","national_ii","广西高考","2008年广西高考文科数学试卷原卷版.pdf","广西高考/2008年广西高考文科数学试卷原卷版.pdf","2. 北京高考数学2008-2025\2008年北京市高考数学试卷（文科）（原卷版）.doc"
"广西","2008","理科数学","science","national_ii","广西高考","2008年广西高考理科数学试卷原卷版.pdf","广西高考/2008年广西高考理科数学试卷原卷版.pdf","2. 北京高考数学2008-2025/2008年北京高考数学试卷（理科）（原卷版）.doc"
"广西","2008","政治","","national_ii","广西高考","2008年广西高考政治试卷原卷版.pdf","广西高考/2008年广西高考政治试卷原卷版.pdf","8. 北京高考政治2008-2025\2008年高考生物试卷（北京）（空白卷）.doc"
"广西","2009","文科数学","arts","national_ii","广西高考","2009年广西高考文科数学试卷原卷版.pdf","广西高考/2009年广西高考文科数学试卷原卷版.pdf","2. 北京高考数学2008-2025\2009年北京市高考数学试卷（文科）（原卷版）.doc"
"广西","2009","理科数学","science","national_ii","广西高考","2009年广西高考理科数学试卷原卷版.pdf","广西高考/2009年广西高考理科数学试卷原卷版.pdf","2. 北京高考数学2008-2025/2009年北京高考数学试卷（理科）（原卷版）.doc"
"广西","2009","政治","","national_ii","广西高考","2009年广西高考政治试卷原卷版.pdf","广西高考/2009年广西高考政治试卷原卷版.pdf","8. 北京高考政治2008-2025\2009年北京市高考政治试卷（原卷版）.doc"
"广西","2010","文科数学","arts","national_ii","广西高考","2010年广西高考文科数学试卷原卷版.pdf","广西高考/2010年广西高考文科数学试卷原卷版.pdf","2. 北京高考数学2008-2025/2010年全国II卷高考数学试卷（文科）（原卷版）.doc"
"广西","2010","理科数学","science","national_ii","广西高考","2010年广西高考理科数学试卷原卷版.pdf","广西高考/2010年广西高考理科数学试卷原卷版.pdf","2. 北京高考数学2008-2025/2010年北京高考数学试卷（理科）（原卷版）.doc"
"广西","2010","政治","","national_ii","广西高考","2010年广西高考政治试卷原卷版.pdf","广西高考/2010年广西高考政治试卷原卷版.pdf","8. 北京高考政治2008-2025\2010年北京市高考政治试卷（原卷版）.doc"
"广西","2011","文科数学","arts","national_ii","广西高考","2011年广西高考文科数学试卷原卷版.pdf","广西高考/2011年广西高考文科数学试卷原卷版.pdf","2. 北京高考数学2008-2025\2011年北京市高考数学试卷（文科）（原卷版）.doc"
"广西","2011","理科数学","science","national_ii","广西高考","2011年广西高考理科数学试卷原卷版.pdf","广西高考/2011年广西高考理科数学试卷原卷版.pdf","2. 北京高考数学2008-2025/2011年北京高考数学试卷（理科）（原卷版）.doc"
"广西","2011","政治","","national_ii","广西高考","2011年广西高考政治试卷原卷版.pdf","广西高考/2011年广西高考政治试卷原卷版.pdf","8. 北京高考政治2008-2025\2011年北京市高考政治试卷（原卷版）.doc"
"广西","2012","文科数学","arts","national_ii","广西高考","2012年广西高考文科数学试卷原卷版.pdf","广西高考/2012年广西高考文科数学试卷原卷版.pdf","2. 北京高考数学2008-2025\2012年北京市高考数学试卷（文科）（原卷版）.doc"
"广西","2012","理科数学","science","national_ii","广西高考","2012年广西高考理科数学试卷原卷版.pdf","广西高考/2012年广西高考理科数学试卷原卷版.pdf","2. 北京高考数学2008-2025/2012年北京高考数学试卷（理科）（原卷版）.doc"
"广西","2012","政治","","national_ii","广西高考","2012年广西高考政治试卷原卷版.pdf","广西高考/2012年广西高考政治试卷原卷版.pdf","8. 北京高考政治2008-2025\2012年北京市高考政治试卷（原卷版）.doc"
"广西","2013","文科数学","arts","national_ii","广西高考","2013年广西高考文科数学试卷原卷版.pdf","广西高考/2013年广西高考文科数学试卷原卷版.pdf","2. 北京高考数学2008-2025/2013年全国II卷高考数学试卷（文科）（原卷版）.doc"
"广西","2013","理科数学","science","national_ii","广西高考","2013年广西高考理科数学试卷原卷版.pdf","广西高考/2013年广西高考理科数学试卷原卷版.pdf","2. 北京高考数学2008-2025/2013年北京高考数学试卷（理科）（原卷版）.doc"
"广西","2013","政治","","national_ii","广西高考","2013年广西高考政治试卷原卷版.pdf","广西高考/2013年广西高考政治试卷原卷版.pdf","8. 北京高考政治2008-2025\2013年北京市高考政治试卷（原卷版）.doc"
"广西","2014","文科数学","arts","national_ii","广西高考","2014年广西高考文科数学试卷原卷版.pdf","广西高考/2014年广西高考文科数学试卷原卷版.pdf","2. 北京高考数学2008-2025/2014年全国II卷高考数学试卷（文科）（原卷版）.doc"
"广西","2014","理科数学","science","national_ii","广西高考","2014年广西高考理科数学试卷原卷版.pdf","广西高考/2014年广西高考理科数学试卷原卷版.pdf","2. 北京高考数学2008-2025/2014年北京高考数学试卷（理科）（原卷版）.doc"
"广西","2014","政治","","national_ii","广西高考","2014年广西高考政治试卷原卷版.pdf","广西高考/2014年广西高考政治试卷原卷版.pdf","8. 北京高考政治2008-2025\2014年北京市高考政治试卷（原卷版）.doc"
"广西","2015","文科数学","arts","national_ii","广西高考","2015年广西高考文科数学试卷原卷版.pdf","广西高考/2015年广西高考文科数学试卷原卷版.pdf","2. 北京高考数学2008-2025\2015年北京市高考数学试卷（文科）（原卷版）.doc"
"广西","2015","理科数学","science","national_ii","广西高考","2015年广西高考理科数学试卷原卷版.pdf","广西高考/2015年广西高考理科数学试卷原卷版.pdf","2. 北京高考数学2008-2025/2015年北京高考数学试卷（理科）（原卷版）.doc"
"广西","2015","政治","","national_ii","广西高考","2015年广西高考政治试卷原卷版.pdf","广西高考/2015年广西高考政治试卷原卷版.pdf","8. 北京高考政治2008-2025\2015年北京市高考政治试卷（原卷版）.doc"
"广西","2016","文科数学","arts","national_iii","广西高考","2016年广西高考文科数学试卷原卷版.pdf","广西高考/2016年广西高考文科数学试卷原卷版.pdf","2. 北京高考数学2008-2025/2016年全国III卷高考数学试卷（文科）（原卷版）.doc"
"广西","2016","理科数学","science","national_iii","广西高考","2016年广西高考理科数学试卷原卷版.pdf","广西高考/2016年广西高考理科数学试卷原卷版.pdf","2. 北京高考数学2008-2025/2016年北京高考数学试卷（理科）（原卷版）.doc"
"广西","2016","政治","","national_iii","广西高考","2016年广西高考政治试卷原卷版.pdf","广西高考/2016年广西高考政治试卷原卷版.pdf","8. 北京高考政治2008-2025\2016年北京市高考政治试卷（原卷版）.doc"
"广西","2017","文科数学","arts","national_iii","广西高考","2017年广西高考文科数学试卷原卷版.pdf","广西高考/2017年广西高考文科数学试卷原卷版.pdf","2. 北京高考数学2008-2025/2017年全国III卷高考数学试卷（文科）（原卷版）.doc"
"广西","2017","理科数学","science","national_iii","广西高考","2017年广西高考理科数学试卷原卷版.pdf","广西高考/2017年广西高考理科数学试卷原卷版.pdf","2. 北京高考数学2008-2025/2017年北京高考数学试卷（理科）（原卷版）.doc"
"广西","2017","政治","","national_iii","广西高考","2017年广西高考政治试卷原卷版.pdf","广西高考/2017年广西高考政治试卷原卷版.pdf","8. 北京高考政治2008-2025\2017年北京市高考政治试卷（原卷版）.doc"
"广西","2018","文科数学","arts","national_iii","广西高考","2018年广西高考文科数学试卷原卷版.pdf","广西高考/2018年广西高考文科数学试卷原卷版.pdf","2. 北京高考数学2008-2025/2018年全国III卷高考数学试卷（文科）（原卷版）.doc"
"广西","2018","理科数学","science","national_iii","广西高考","2018年广西高考理科数学试卷原卷版.pdf","广西高考/2018年广西高考理科数学试卷原卷版.pdf","2. 北京高考数学2008-2025/2018年北京高考数学试卷（理科）（原卷版）.doc"
"广西","2018","政治","","national_iii","广西高考","2018年广西高考政治试卷原卷版.pdf","广西高考/2018年广西高考政治试卷原卷版.pdf","8. 北京高考政治2008-2025\2018年北京市高考政治试卷（原卷版）.doc"
"广西","2019","文科数学","arts","national_iii","广西高考","2019年广西高考文科数学试卷原卷版.pdf","广西高考/2019年广西高考文科数学试卷原卷版.pdf","2. 北京高考数学2008-2025/2019年全国III卷高考数学试卷（文科）（原卷版）.doc"
"广西","2019","理科数学","science","national_iii","广西高考","2019年广西高考理科数学试卷原卷版.pdf","广西高考/2019年广西高考理科数学试卷原卷版.pdf","2. 北京高考数学2008-2025/2019年北京高考数学试卷（理科）（原卷版）.doc"
"广西","2019","政治","","national_iii","广西高考","2019年广西高考政治试卷原卷版.pdf","广西高考/2019年广西高考政治试卷原卷版.pdf","8. 北京高考政治2008-2025\2019年北京市高考政治试卷（原卷版）.doc"
"广西","2020","文科数学","arts","national_iii","广西高考","2020年广西高考文科数学试卷原卷版.pdf","广西高考/2020年广西高考文科数学试卷原卷版.pdf","2. 北京高考数学2008-2025\2020年北京市高考数学试卷（原卷版）.doc"
"广西","2020","理科数学","science","national_iii","广西高考","2020年广西高考理科数学试卷原卷版.pdf","广西高考/2020年广西高考理科数学试卷原卷版.pdf",""
"广西","2020","政治","","national_iii","广西高考","2020年广西高考政治试卷原卷版.pdf","广西高考/2020年广西高考政治试卷原卷版.pdf","8. 北京高考政治2008-2025\2020年北京市高考政治试卷（原卷版）.doc"
"广西","2021","文科数学","arts","national_iii","广西高考","2021年广西高考文科数学试卷原卷版.pdf","广西高考/2021年广西高考文科数学试卷原卷版.pdf","2. 北京高考数学2008-2025\2021年北京市高考数学试卷（原卷版）.docx"
"广西","2021","理科数学","science","national_iii","广西高考","2021年广西高考理科数学试卷原卷版.pdf","广西高考/2021年广西高考理科数学试卷原卷版.pdf",""
"广西","2021","政治","","national_iii","广西高考","2021年广西高考政治试卷原卷版.pdf","广西高考/2021年广西高考政治试卷原卷版.pdf","8. 北京高考政治2008-2025\.cache.2021年北京市高考政治试卷（原卷版）.pdf"
"广西","2022","文科数学","arts","national_a","广西高考","2022年广西高考文科数学试卷原卷版.pdf","广西高考/2022年广西高考文科数学试卷原卷版.pdf","2. 北京高考数学2008-2025\2022年新高考北京数学高考真题（原卷版）.docx"
"广西","2022","理科数学","science","national_a","广西高考","2022年广西高考理科数学试卷原卷版.pdf","广西高考/2022年广西高考理科数学试卷原卷版.pdf",""
"广西","2022","政治","","national_a","广西高考","2022年广西高考政治试卷原卷版.pdf","广西高考/2022年广西高考政治试卷原卷版.pdf","8. 北京高考政治2008-2025\2022年新高考北京政治高考真题（原卷版）.docx"
"广西","2023","文科数学","arts","national_a","广西高考","2023年广西高考文科数学试卷原卷版.pdf","广西高考/2023年广西高考文科数学试卷原卷版.pdf","2. 北京高考数学2008-2025\2023年北京高考数学真题（原卷版）.docx"
"广西","2023","理科数学","science","national_a","广西高考","2023年广西高考理科数学试卷原卷版.pdf","广西高考/2023年广西高考理科数学试卷原卷版.pdf",""
"广西","2023","政治","","national_a","广西高考","2023年广西高考政治试卷原卷版.pdf","广西高考/2023年广西高考政治试卷原卷版.pdf","8. 北京高考政治2008-2025\2023年高考北京政治真题（原卷版）.docx"
"广西","2024","生物","","independent","广西高考","2024年广西高考生物试卷原卷版.pdf","广西高考/2024年广西高考生物试卷原卷版.pdf","6. 内蒙古高考生物2008-2025\2024年高考生物试卷（全国甲卷）（空白卷）.pdf"
"广西","2024","化学","","independent","广西高考","2024年广西高考化学试卷原卷版.pdf","广西高考/2024年广西高考化学试卷原卷版.pdf","5. 内蒙古高考化学2008-2025/2024年内蒙古高考化学试卷（原卷版）.pdf"
"广西","2024","地理","","independent","广西高考","2024年广西高考地理试卷原卷版.pdf","广西高考/2024年广西高考地理试卷原卷版.pdf","9. 内蒙古高考地理2008-2025\2024年高考地理试卷（全国甲卷）（空白卷）.pdf"
"广西","2024","历史","","independent","广西高考","2024年广西高考历史试卷原卷版.pdf","广西高考/2024年广西高考历史试卷原卷版.pdf","7. 内蒙古高考历史2008-2025\2024年高考历史试卷（全国甲卷）（空白卷）.pdf"
"广西","2024","数学","unified","new_gaokao_ii","广西高考","2024年广西高考数学试卷原卷版.pdf","广西高考/2024年广西高考数学试卷原卷版.pdf","2. 北京高考数学2008-2025/2024年新高考II卷高考数学试卷（原卷版）.docx"
"广西","2024","政治","","independent","广西高考","2024年广西高考政治试卷原卷版.pdf","广西高考/2024年广西高考政治试卷原卷版.pdf","8. 北京高考政治2008-2025\2024年北京高考政治试题（原卷版）.docx"
"广西","2025","生物","","independent","广西高考","2025年广西高考生物试卷原卷版.pdf","广西高考/2025年广西高考生物试卷原卷版.pdf","6. 北京高考生物2008-2025\.cache.2025高考北京卷生物真题试卷（原卷版）.pdf"
"广西","2025","化学","","independent","广西高考","2025年广西高考化学试卷原卷版.pdf","广西高考/2025年广西高考化学试卷原卷版.pdf","5. 北京高考化学2008-2025\.cache.2025年北京高考真题化学试题（原卷版）.pdf"
"广西","2025","地理","","independent","广西高考","2025年广西高考地理试卷原卷版.pdf","广西高考/2025年广西高考地理试卷原卷版.pdf","9. 北京高考地理2008-2025\2025年北京高考地理真题（原卷版）.docx"
"广西","2025","历史","","independent","广西高考","2025年广西高考历史试卷原卷版.pdf","广西高考/2025年广西高考历史试卷原卷版.pdf","7. 北京高考历史2008-2025/2025年北京高考历史试卷（原卷版）.docx"
"广西","2025","数学","unified","new_gaokao_ii","广西高考","2025年广西高考数学试卷原卷版.pdf","广西高考/2025年广西高考数学试卷原卷版.pdf","2. 北京高考数学2008-2025/2025年新高考II卷高考数学试卷（原卷版）.docx"
"广西","2025","政治","","independent","广西高考","2025年广西高考政治试卷原卷版.pdf","广西高考/2025年广西高考政治试卷原卷版.pdf","8. 北京高考政治2008-2025\2025北京高考政治试题（原卷版）.docx"
"贵州","2008","文科数学","arts","national_ii","贵州高考","2008年贵州高考文科数学试卷原卷版.pdf","贵州高考/2008年贵州高考文科数学试卷原卷版.pdf","2. 北京高考数学2008-2025\2008年北京市高考数学试卷（文科）（原卷版）.doc"
"贵州","2008","理科数学","science","national_ii","贵州高考","2008年贵州高考理科数学试卷原卷版.pdf","贵州高考/2008年贵州高考理科数学试卷原卷版.pdf","2. 北京高考数学2008-2025/2008年北京高考数学试卷（理科）（原卷版）.doc"
"贵州","2008","政治","","national_ii","贵州高考","2008年贵州高考政治试卷原卷版.pdf","贵州高考/2008年贵州高考政治试卷原卷版.pdf","8. 北京高考政治2008-2025\2008年高考生物试卷（北京）（空白卷）.doc"
"贵州","2009","文科数学","arts","national_ii","贵州高考","2009年贵州高考文科数学试卷原卷版.pdf","贵州高考/2009年贵州高考文科数学试卷原卷版.pdf","2. 北京高考数学2008-2025\2009年北京市高考数学试卷（文科）（原卷版）.doc"
"贵州","2009","理科数学","science","national_ii","贵州高考","2009年贵州高考理科数学试卷原卷版.pdf","贵州高考/2009年贵州高考理科数学试卷原卷版.pdf","2. 北京高考数学2008-2025/2009年北京高考数学试卷（理科）（原卷版）.doc"
"贵州","2009","政治","","national_ii","贵州高考","2009年贵州高考政治试卷原卷版.pdf","贵州高考/2009年贵州高考政治试卷原卷版.pdf","8. 北京高考政治2008-2025\2009年北京市高考政治试卷（原卷版）.doc"
"贵州","2010","文科数学","arts","national_ii","贵州高考","2010年贵州高考文科数学试卷原卷版.pdf","贵州高考/2010年贵州高考文科数学试卷原卷版.pdf","2. 北京高考数学2008-2025\2010年北京市高考数学试卷（文科）（原卷版）.doc"
"贵州","2010","理科数学","science","national_ii","贵州高考","2010年贵州高考理科数学试卷原卷版.pdf","贵州高考/2010年贵州高考理科数学试卷原卷版.pdf","2. 北京高考数学2008-2025/2010年北京高考数学试卷（理科）（原卷版）.doc"
"贵州","2010","政治","","national_ii","贵州高考","2010年贵州高考政治试卷原卷版.pdf","贵州高考/2010年贵州高考政治试卷原卷版.pdf","8. 北京高考政治2008-2025\2010年北京市高考政治试卷（原卷版）.doc"
"贵州","2011","文科数学","arts","national_ii","贵州高考","2011年贵州高考文科数学试卷原卷版.pdf","贵州高考/2011年贵州高考文科数学试卷原卷版.pdf","2. 北京高考数学2008-2025\2011年北京市高考数学试卷（文科）（原卷版）.doc"
"贵州","2011","理科数学","science","national_ii","贵州高考","2011年贵州高考理科数学试卷原卷版.pdf","贵州高考/2011年贵州高考理科数学试卷原卷版.pdf","2. 北京高考数学2008-2025/2011年北京高考数学试卷（理科）（原卷版）.doc"
"贵州","2011","政治","","national_ii","贵州高考","2011年贵州高考政治试卷原卷版.pdf","贵州高考/2011年贵州高考政治试卷原卷版.pdf","8. 北京高考政治2008-2025\2011年北京市高考政治试卷（原卷版）.doc"
"贵州","2012","文科数学","arts","national_ii","贵州高考","2012年贵州高考文科数学试卷原卷版.pdf","贵州高考/2012年贵州高考文科数学试卷原卷版.pdf","2. 北京高考数学2008-2025\2012年北京市高考数学试卷（文科）（原卷版）.doc"
"贵州","2012","理科数学","science","national_ii","贵州高考","2012年贵州高考理科数学试卷原卷版.pdf","贵州高考/2012年贵州高考理科数学试卷原卷版.pdf","2. 北京高考数学2008-2025/2012年北京高考数学试卷（理科）（原卷版）.doc"
"贵州","2012","政治","","national_ii","贵州高考","2012年贵州高考政治试卷原卷版.pdf","贵州高考/2012年贵州高考政治试卷原卷版.pdf","8. 北京高考政治2008-2025\2012年北京市高考政治试卷（原卷版）.doc"
"贵州","2013","文科数学","arts","national_ii","贵州高考","2013年贵州高考文科数学试卷原卷版.pdf","贵州高考/2013年贵州高考文科数学试卷原卷版.pdf","2. 北京高考数学2008-2025\2013年北京市高考数学试卷（文科）（原卷版）.doc"
"贵州","2013","理科数学","science","national_ii","贵州高考","2013年贵州高考理科数学试卷原卷版.pdf","贵州高考/2013年贵州高考理科数学试卷原卷版.pdf","2. 北京高考数学2008-2025/2013年北京高考数学试卷（理科）（原卷版）.doc"
"贵州","2013","政治","","national_ii","贵州高考","2013年贵州高考政治试卷原卷版.pdf","贵州高考/2013年贵州高考政治试卷原卷版.pdf","8. 北京高考政治2008-2025\2013年北京市高考政治试卷（原卷版）.doc"
"贵州","2014","文科数学","arts","national_ii","贵州高考","2014年贵州高考文科数学试卷原卷版.pdf","贵州高考/2014年贵州高考文科数学试卷原卷版.pdf","2. 北京高考数学2008-2025\2014年北京市高考数学试卷（文科）（原卷版）.doc"
"贵州","2014","理科数学","science","national_ii","贵州高考","2014年贵州高考理科数学试卷原卷版.pdf","贵州高考/2014年贵州高考理科数学试卷原卷版.pdf","2. 北京高考数学2008-2025/2014年北京高考数学试卷（理科）（原卷版）.doc"
"贵州","2014","政治","","national_ii","贵州高考","2014年贵州高考政治试卷原卷版.pdf","贵州高考/2014年贵州高考政治试卷原卷版.pdf","8. 北京高考政治2008-2025\2014年北京市高考政治试卷（原卷版）.doc"
"贵州","2015","文科数学","arts","national_ii","贵州高考","2015年贵州高考文科数学试卷原卷版.pdf","贵州高考/2015年贵州高考文科数学试卷原卷版.pdf","2. 北京高考数学2008-2025\2015年北京市高考数学试卷（文科）（原卷版）.doc"
"贵州","2015","理科数学","science","national_ii","贵州高考","2015年贵州高考理科数学试卷原卷版.pdf","贵州高考/2015年贵州高考理科数学试卷原卷版.pdf","2. 北京高考数学2008-2025/2015年北京高考数学试卷（理科）（原卷版）.doc"
"贵州","2015","政治","","national_ii","贵州高考","2015年贵州高考政治试卷原卷版.pdf","贵州高考/2015年贵州高考政治试卷原卷版.pdf","8. 北京高考政治2008-2025\2015年北京市高考政治试卷（原卷版）.doc"
"贵州","2016","文科数学","arts","national_iii","贵州高考","2016年贵州高考文科数学试卷原卷版.pdf","贵州高考/2016年贵州高考文科数学试卷原卷版.pdf","2. 北京高考数学2008-2025\2016年北京市高考数学试卷（文科）（原卷版）.doc"
"贵州","2016","理科数学","science","national_iii","贵州高考","2016年贵州高考理科数学试卷原卷版.pdf","贵州高考/2016年贵州高考理科数学试卷原卷版.pdf","2. 北京高考数学2008-2025/2016年北京高考数学试卷（理科）（原卷版）.doc"
"贵州","2016","政治","","national_iii","贵州高考","2016年贵州高考政治试卷原卷版.pdf","贵州高考/2016年贵州高考政治试卷原卷版.pdf","8. 北京高考政治2008-2025\2016年北京市高考政治试卷（原卷版）.doc"
"贵州","2017","文科数学","arts","national_iii","贵州高考","2017年贵州高考文科数学试卷原卷版.pdf","贵州高考/2017年贵州高考文科数学试卷原卷版.pdf","2. 北京高考数学2008-2025\2017年北京市高考数学试卷（文科）（原卷版）.doc"
"贵州","2017","理科数学","science","national_iii","贵州高考","2017年贵州高考理科数学试卷原卷版.pdf","贵州高考/2017年贵州高考理科数学试卷原卷版.pdf","2. 北京高考数学2008-2025/2017年北京高考数学试卷（理科）（原卷版）.doc"
"贵州","2017","政治","","national_iii","贵州高考","2017年贵州高考政治试卷原卷版.pdf","贵州高考/2017年贵州高考政治试卷原卷版.pdf","8. 北京高考政治2008-2025\2017年北京市高考政治试卷（原卷版）.doc"
"贵州","2018","文科数学","arts","national_iii","贵州高考","2018年贵州高考文科数学试卷原卷版.pdf","贵州高考/2018年贵州高考文科数学试卷原卷版.pdf","2. 北京高考数学2008-2025\2018年北京市高考数学试卷（文科）（原卷版）.doc"
"贵州","2018","理科数学","science","national_iii","贵州高考","2018年贵州高考理科数学试卷原卷版.pdf","贵州高考/2018年贵州高考理科数学试卷原卷版.pdf","2. 北京高考数学2008-2025/2018年北京高考数学试卷（理科）（原卷版）.doc"
"贵州","2018","政治","","national_iii","贵州高考","2018年贵州高考政治试卷原卷版.pdf","贵州高考/2018年贵州高考政治试卷原卷版.pdf","8. 北京高考政治2008-2025\2018年北京市高考政治试卷（原卷版）.doc"
"贵州","2019","文科数学","arts","national_iii","贵州高考","2019年贵州高考文科数学试卷原卷版.pdf","贵州高考/2019年贵州高考文科数学试卷原卷版.pdf","2. 北京高考数学2008-2025\2019年北京市高考数学试卷（文科）（原卷版）.doc"
"贵州","2019","理科数学","science","national_iii","贵州高考","2019年贵州高考理科数学试卷原卷版.pdf","贵州高考/2019年贵州高考理科数学试卷原卷版.pdf","2. 北京高考数学2008-2025/2019年北京高考数学试卷（理科）（原卷版）.doc"
"贵州","2019","政治","","national_iii","贵州高考","2019年贵州高考政治试卷原卷版.pdf","贵州高考/2019年贵州高考政治试卷原卷版.pdf","8. 北京高考政治2008-2025\2019年北京市高考政治试卷（原卷版）.doc"
"贵州","2020","文科数学","arts","national_iii","贵州高考","2020年贵州高考文科数学试卷原卷版.pdf","贵州高考/2020年贵州高考文科数学试卷原卷版.pdf","2. 北京高考数学2008-2025\2020年北京市高考数学试卷（原卷版）.doc"
"贵州","2020","理科数学","science","national_iii","贵州高考","2020年贵州高考理科数学试卷原卷版.pdf","贵州高考/2020年贵州高考理科数学试卷原卷版.pdf",""
"贵州","2020","政治","","national_iii","贵州高考","2020年贵州高考政治试卷原卷版.pdf","贵州高考/2020年贵州高考政治试卷原卷版.pdf","8. 北京高考政治2008-2025\2020年北京市高考政治试卷（原卷版）.doc"
"贵州","2021","文科数学","arts","national_iii","贵州高考","2021年贵州高考文科数学试卷原卷版.pdf","贵州高考/2021年贵州高考文科数学试卷原卷版.pdf","2. 北京高考数学2008-2025\2021年北京市高考数学试卷（原卷版）.docx"
"贵州","2021","理科数学","science","national_iii","贵州高考","2021年贵州高考理科数学试卷原卷版.pdf","贵州高考/2021年贵州高考理科数学试卷原卷版.pdf",""
"贵州","2021","政治","","national_iii","贵州高考","2021年贵州高考政治试卷原卷版.pdf","贵州高考/2021年贵州高考政治试卷原卷版.pdf","8. 北京高考政治2008-2025\.cache.2021年北京市高考政治试卷（原卷版）.pdf"
"贵州","2022","文科数学","arts","national_a","贵州高考","2022年贵州高考文科数学试卷原卷版.pdf","贵州高考/2022年贵州高考文科数学试卷原卷版.pdf","2. 北京高考数学2008-2025\2022年新高考北京数学高考真题（原卷版）.docx"
"贵州","2022","理科数学","science","national_a","贵州高考","2022年贵州高考理科数学试卷原卷版.pdf","贵州高考/2022年贵州高考理科数学试卷原卷版.pdf",""
"贵州","2022","政治","","national_a","贵州高考","2022年贵州高考政治试卷原卷版.pdf","贵州高考/2022年贵州高考政治试卷原卷版.pdf","8. 北京高考政治2008-2025\2022年新高考北京政治高考真题（原卷版）.docx"
"贵州","2023","文科数学","arts","national_a","贵州高考","2023年贵州高考文科数学试卷原卷版.pdf","贵州高考/2023年贵州高考文科数学试卷原卷版.pdf","2. 北京高考数学2008-2025\2023年北京高考数学真题（原卷版）.docx"
"贵州","2023","理科数学","science","national_a","贵州高考","2023年贵州高考理科数学试卷原卷版.pdf","贵州高考/2023年贵州高考理科数学试卷原卷版.pdf",""
"贵州","2023","政治","","national_a","贵州高考","2023年贵州高考政治试卷原卷版.pdf","贵州高考/2023年贵州高考政治试卷原卷版.pdf","8. 北京高考政治2008-2025\2023年高考北京政治真题（原卷版）.docx"
"贵州","2024","生物","","independent","贵州高考","2024年贵州高考生物试卷原卷版.pdf","贵州高考/2024年贵州高考生物试卷原卷版.pdf","6. 内蒙古高考生物2008-2025/2024年内蒙古高考生物试卷（原卷版）.pdf"
"贵州","2024","化学","","independent","贵州高考","2024年贵州高考化学试卷原卷版.pdf","贵州高考/2024年贵州高考化学试卷原卷版.pdf","5. 内蒙古高考化学2008-2025\2024年高考化学试卷（全国甲卷）（空白卷）.pdf"
"贵州","2024","地理","","independent","贵州高考","2024年贵州高考地理试卷原卷版.pdf","贵州高考/2024年贵州高考地理试卷原卷版.pdf","9. 内蒙古高考地理2008-2025/2024年内蒙古高考地理试卷（原卷版）.pdf"
"贵州","2024","历史","","independent","贵州高考","2024年贵州高考历史试卷原卷版.pdf","贵州高考/2024年贵州高考历史试卷原卷版.pdf","7. 内蒙古高考历史2008-2025/2024年内蒙古高考历史试卷（原卷版）.pdf"
"贵州","2024","数学","unified","new_gaokao_ii","贵州高考","2024年贵州高考数学试卷原卷版.pdf","贵州高考/2024年贵州高考数学试卷原卷版.pdf","2. 北京高考数学2008-2025\2024年北京高考数学真题（原卷版）.docx"
"贵州","2024","物理","","independent","贵州高考","2024年贵州高考物理试卷原卷版.pdf","贵州高考/2024年贵州高考物理试卷原卷版.pdf","4. 内蒙古高考物理2008-2025/2024年内蒙古高考物理试卷（原卷版）.pdf"
"贵州","2024","政治","","independent","贵州高考","2024年贵州高考政治试卷原卷版.pdf","贵州高考/2024年贵州高考政治试卷原卷版.pdf","8. 北京高考政治2008-2025\2024年北京高考政治试题（原卷版）.docx"
"贵州","2025","生物","","independent","贵州高考","2025年贵州高考生物试卷原卷版.pdf","贵州高考/2025年贵州高考生物试卷原卷版.pdf","6. 北京高考生物2008-2025\.cache.2025高考北京卷生物真题试卷（原卷版）.pdf"
"贵州","2025","化学","","independent","贵州高考","2025年贵州高考化学试卷原卷版.pdf","贵州高考/2025年贵州高考化学试卷原卷版.pdf","5. 北京高考化学2008-2025\.cache.2025年北京高考真题化学试题（原卷版）.pdf"
"贵州","2025","历史","","independent","贵州高考","2025年贵州高考历史试卷原卷版.pdf","贵州高考/2025年贵州高考历史试卷原卷版.pdf","7. 北京高考历史2008-2025\2025年北京高考历史真题（原卷版）.docx"
"贵州","2025","数学","unified","new_gaokao_ii","贵州高考","2025年贵州高考数学试卷原卷版.pdf","贵州高考/2025年贵州高考数学试卷原卷版.pdf","2. 北京高考数学2008-2025\2025年高考北京数学真题（原卷版）.docx"
"贵州","2025","物理","","independent","贵州高考","2025年贵州高考物理试卷原卷版.pdf","贵州高考/2025年贵州高考物理试卷原卷版.pdf","4. 四川高考物理2008-2025\2025年普通高中学业水平选择性考试(四川）物理部分试题-183d16c6fa24.pdf"
"贵州","2025","政治","","independent","贵州高考","2025年贵州高考政治试卷原卷版.pdf","贵州高考/2025年贵州高考政治试卷原卷版.pdf","8. 北京高考政治2008-2025\2025北京高考政治试题（原卷版）.docx"
"海南","2008","文科数学","arts","national_ii","海南高考","2008年海南高考文科数学试卷原卷版.pdf","海南高考/2008年海南高考文科数学试卷原卷版.pdf","2. 北京高考数学2008-2025/2008年全国II卷高考数学试卷（文科）（原卷版）.doc"
"海南","2008","理科数学","science","national_ii","海南高考","2008年海南高考理科数学试卷原卷版.pdf","海南高考/2008年海南高考理科数学试卷原卷版.pdf","2. 北京高考数学2008-2025/2008年北京高考数学试卷（理科）（原卷版）.doc"
"海南","2008","政治","","national_ii","海南高考","2008年海南高考政治试卷原卷版.pdf","海南高考/2008年海南高考政治试卷原卷版.pdf","8. 北京高考政治2008-2025/2008年全国II卷高考生物试卷（原卷版）.doc"
"海南","2009","文科数学","arts","national_ii","海南高考","2009年海南高考文科数学试卷原卷版.pdf","海南高考/2009年海南高考文科数学试卷原卷版.pdf","2. 北京高考数学2008-2025/2009年全国II卷高考数学试卷（文科）（原卷版）.doc"
"海南","2009","理科数学","science","national_ii","海南高考","2009年海南高考理科数学试卷原卷版.pdf","海南高考/2009年海南高考理科数学试卷原卷版.pdf","2. 北京高考数学2008-2025/2009年北京高考数学试卷（理科）（原卷版）.doc"
"海南","2009","政治","","national_ii","海南高考","2009年海南高考政治试卷原卷版.pdf","海南高考/2009年海南高考政治试卷原卷版.pdf","8. 北京高考政治2008-2025\2009年北京市高考政治试卷（原卷版）.doc"
"海南","2010","文科数学","arts","national_ii","海南高考","2010年海南高考文科数学试卷原卷版.pdf","海南高考/2010年海南高考文科数学试卷原卷版.pdf","2. 北京高考数学2008-2025\2010年北京市高考数学试卷（文科）（原卷版）.doc"
"海南","2010","理科数学","science","national_ii","海南高考","2010年海南高考理科数学试卷原卷版.pdf","海南高考/2010年海南高考理科数学试卷原卷版.pdf","2. 北京高考数学2008-2025/2010年北京高考数学试卷（理科）（原卷版）.doc"
"海南","2010","政治","","national_ii","海南高考","2010年海南高考政治试卷原卷版.pdf","海南高考/2010年海南高考政治试卷原卷版.pdf","8. 北京高考政治2008-2025/2010年全国II卷高考政治试卷（原卷版）.doc"
"海南","2011","文科数学","arts","national_ii","海南高考","2011年海南高考文科数学试卷原卷版.pdf","海南高考/2011年海南高考文科数学试卷原卷版.pdf","2. 北京高考数学2008-2025/2011年全国II卷高考数学试卷（文科）（原卷版）.doc"
"海南","2011","理科数学","science","national_ii","海南高考","2011年海南高考理科数学试卷原卷版.pdf","海南高考/2011年海南高考理科数学试卷原卷版.pdf","2. 北京高考数学2008-2025/2011年北京高考数学试卷（理科）（原卷版）.doc"
"海南","2011","政治","","national_ii","海南高考","2011年海南高考政治试卷原卷版.pdf","海南高考/2011年海南高考政治试卷原卷版.pdf","8. 北京高考政治2008-2025\2011年北京市高考政治试卷（原卷版）.doc"
"海南","2012","文科数学","arts","national_ii","海南高考","2012年海南高考文科数学试卷原卷版.pdf","海南高考/2012年海南高考文科数学试卷原卷版.pdf","2. 北京高考数学2008-2025/2012年全国II卷高考数学试卷（文科）（原卷版）.doc"
"海南","2012","理科数学","science","national_ii","海南高考","2012年海南高考理科数学试卷原卷版.pdf","海南高考/2012年海南高考理科数学试卷原卷版.pdf","2. 北京高考数学2008-2025/2012年北京高考数学试卷（理科）（原卷版）.doc"
"海南","2012","政治","","national_ii","海南高考","2012年海南高考政治试卷原卷版.pdf","海南高考/2012年海南高考政治试卷原卷版.pdf","8. 北京高考政治2008-2025\2012年北京市高考政治试卷（原卷版）.doc"
"海南","2013","文科数学","arts","national_ii","海南高考","2013年海南高考文科数学试卷原卷版.pdf","海南高考/2013年海南高考文科数学试卷原卷版.pdf","2. 北京高考数学2008-2025\2013年北京市高考数学试卷（文科）（原卷版）.doc"
"海南","2013","理科数学","science","national_ii","海南高考","2013年海南高考理科数学试卷原卷版.pdf","海南高考/2013年海南高考理科数学试卷原卷版.pdf","2. 北京高考数学2008-2025/2013年北京高考数学试卷（理科）（原卷版）.doc"
"海南","2013","政治","","national_ii","海南高考","2013年海南高考政治试卷原卷版.pdf","海南高考/2013年海南高考政治试卷原卷版.pdf","8. 北京高考政治2008-2025\2013年北京市高考政治试卷（原卷版）.doc"
"海南","2014","文科数学","arts","national_ii","海南高考","2014年海南高考文科数学试卷原卷版.pdf","海南高考/2014年海南高考文科数学试卷原卷版.pdf","2. 北京高考数学2008-2025\2014年北京市高考数学试卷（文科）（原卷版）.doc"
"海南","2014","理科数学","science","national_ii","海南高考","2014年海南高考理科数学试卷原卷版.pdf","海南高考/2014年海南高考理科数学试卷原卷版.pdf","2. 北京高考数学2008-2025/2014年北京高考数学试卷（理科）（原卷版）.doc"
"海南","2014","政治","","national_ii","海南高考","2014年海南高考政治试卷原卷版.pdf","海南高考/2014年海南高考政治试卷原卷版.pdf","8. 北京高考政治2008-2025\2014年北京市高考政治试卷（原卷版）.doc"
"海南","2015","文科数学","arts","national_ii","海南高考","2015年海南高考文科数学试卷原卷版.pdf","海南高考/2015年海南高考文科数学试卷原卷版.pdf","2. 北京高考数学2008-2025\2015年北京市高考数学试卷（文科）（原卷版）.doc"
"海南","2015","理科数学","science","national_ii","海南高考","2015年海南高考理科数学试卷原卷版.pdf","海南高考/2015年海南高考理科数学试卷原卷版.pdf","2. 北京高考数学2008-2025/2015年北京高考数学试卷（理科）（原卷版）.doc"
"海南","2015","政治","","national_ii","海南高考","2015年海南高考政治试卷原卷版.pdf","海南高考/2015年海南高考政治试卷原卷版.pdf","8. 北京高考政治2008-2025\2015年北京市高考政治试卷（原卷版）.doc"
"海南","2016","文科数学","arts","national_ii","海南高考","2016年海南高考文科数学试卷原卷版.pdf","海南高考/2016年海南高考文科数学试卷原卷版.pdf","2. 北京高考数学2008-2025\2016年北京市高考数学试卷（文科）（原卷版）.doc"
"海南","2016","理科数学","science","national_ii","海南高考","2016年海南高考理科数学试卷原卷版.pdf","海南高考/2016年海南高考理科数学试卷原卷版.pdf","2. 北京高考数学2008-2025/2016年北京高考数学试卷（理科）（原卷版）.doc"
"海南","2016","政治","","national_ii","海南高考","2016年海南高考政治试卷原卷版.pdf","海南高考/2016年海南高考政治试卷原卷版.pdf","8. 北京高考政治2008-2025\2016年北京市高考政治试卷（原卷版）.doc"
"海南","2017","文科数学","arts","national_ii","海南高考","2017年海南高考文科数学试卷原卷版.pdf","海南高考/2017年海南高考文科数学试卷原卷版.pdf","2. 北京高考数学2008-2025\2017年北京市高考数学试卷（文科）（原卷版）.doc"
"海南","2017","理科数学","science","national_ii","海南高考","2017年海南高考理科数学试卷原卷版.pdf","海南高考/2017年海南高考理科数学试卷原卷版.pdf","2. 北京高考数学2008-2025/2017年北京高考数学试卷（理科）（原卷版）.doc"
"海南","2017","政治","","national_ii","海南高考","2017年海南高考政治试卷原卷版.pdf","海南高考/2017年海南高考政治试卷原卷版.pdf","8. 北京高考政治2008-2025\2017年北京市高考政治试卷（原卷版）.doc"
"海南","2018","文科数学","arts","national_ii","海南高考","2018年海南高考文科数学试卷原卷版.pdf","海南高考/2018年海南高考文科数学试卷原卷版.pdf","2. 北京高考数学2008-2025\2018年北京市高考数学试卷（文科）（原卷版）.doc"
"海南","2018","理科数学","science","national_ii","海南高考","2018年海南高考理科数学试卷原卷版.pdf","海南高考/2018年海南高考理科数学试卷原卷版.pdf","2. 北京高考数学2008-2025/2018年北京高考数学试卷（理科）（原卷版）.doc"
"海南","2018","政治","","national_ii","海南高考","2018年海南高考政治试卷原卷版.pdf","海南高考/2018年海南高考政治试卷原卷版.pdf","8. 北京高考政治2008-2025/2018年全国II卷高考政治试卷（原卷版）.doc"
"海南","2019","文科数学","arts","national_ii","海南高考","2019年海南高考文科数学试卷原卷版.pdf","海南高考/2019年海南高考文科数学试卷原卷版.pdf","2. 北京高考数学2008-2025\2019年北京市高考数学试卷（文科）（原卷版）.doc"
"海南","2019","理科数学","science","national_ii","海南高考","2019年海南高考理科数学试卷原卷版.pdf","海南高考/2019年海南高考理科数学试卷原卷版.pdf","2. 北京高考数学2008-2025/2019年北京高考数学试卷（理科）（原卷版）.doc"
"海南","2019","政治","","national_ii","海南高考","2019年海南高考政治试卷原卷版.pdf","海南高考/2019年海南高考政治试卷原卷版.pdf","8. 北京高考政治2008-2025\2019年北京市高考政治试卷（原卷版）.doc"
"海南","2020","数学","unified","new_gaokao_ii","海南高考","2020年海南高考数学试卷原卷版.pdf","海南高考/2020年海南高考数学试卷原卷版.pdf","2. 北京高考数学2008-2025/2020年新高考II卷高考数学试卷（原卷版）.doc"
"海南","2020","政治","","independent","海南高考","2020年海南高考政治试卷原卷版.pdf","海南高考/2020年海南高考政治试卷原卷版.pdf","8. 北京高考政治2008-2025\2020年北京市高考政治试卷（原卷版）.doc"
"海南","2021","数学","unified","new_gaokao_ii","海南高考","2021年海南高考数学试卷原卷版.pdf","海南高考/2021年海南高考数学试卷原卷版.pdf","2. 北京高考数学2008-2025\2021年北京市高考数学试卷（原卷版）.docx"
"海南","2021","政治","","independent","海南高考","2021年海南高考政治试卷原卷版.pdf","海南高考/2021年海南高考政治试卷原卷版.pdf","8. 北京高考政治2008-2025\.cache.2021年北京市高考政治试卷（原卷版）.pdf"
"海南","2022","数学","unified","new_gaokao_ii","海南高考","2022年海南高考数学试卷原卷版.pdf","海南高考/2022年海南高考数学试卷原卷版.pdf","2. 北京高考数学2008-2025\2022年新高考北京数学高考真题（原卷版）.docx"
"海南","2022","政治","","independent","海南高考","2022年海南高考政治试卷原卷版.pdf","海南高考/2022年海南高考政治试卷原卷版.pdf","8. 北京高考政治2008-2025\2022年新高考北京政治高考真题（原卷版）.docx"
"海南","2023","数学","unified","new_gaokao_ii","海南高考","2023年海南高考数学试卷原卷版.pdf","海南高考/2023年海南高考数学试卷原卷版.pdf","2. 北京高考数学2008-2025/2023年新高考II卷高考数学试卷（原卷版）.docx"
"海南","2023","政治","","independent","海南高考","2023年海南高考政治试卷原卷版.pdf","海南高考/2023年海南高考政治试卷原卷版.pdf","8. 北京高考政治2008-2025\2023年高考北京政治真题（原卷版）.docx"
"海南","2024","生物","","independent","海南高考","2024年海南高考生物试卷原卷版.pdf","海南高考/2024年海南高考生物试卷原卷版.pdf","6. 北京高考生物2008-2025\2024年北京高考真题生物试卷（原卷版）.docx"
"海南","2024","化学","","independent","海南高考","2024年海南高考化学试卷原卷版.pdf","海南高考/2024年海南高考化学试卷原卷版.pdf","5. 北京高考化学2008-2025\2024年北京高考真题化学试题（原卷版）.docx"
"海南","2024","地理","","independent","海南高考","2024年海南高考地理试卷原卷版.pdf","海南高考/2024年海南高考地理试卷原卷版.pdf","9. 北京高考地理2008-2025/2024年北京高考地理试卷（原卷版）.docx"
"海南","2024","历史","","independent","海南高考","2024年海南高考历史试卷原卷版.pdf","海南高考/2024年海南高考历史试卷原卷版.pdf","7. 重庆高考历史2008-2025\2024年高考历史试卷（重庆）（选择题部分）（空白卷）.pdf"
"海南","2024","数学","unified","new_gaokao_ii","海南高考","2024年海南高考数学试卷原卷版.pdf","海南高考/2024年海南高考数学试卷原卷版.pdf","2. 北京高考数学2008-2025\2024年北京高考数学真题（原卷版）.docx"
"海南","2024","政治","","independent","海南高考","2024年海南高考政治试卷原卷版.pdf","海南高考/2024年海南高考政治试卷原卷版.pdf","8. 北京高考政治2008-2025\2024年北京高考政治试题（原卷版）.docx"
"海南","2025","生物","","independent","海南高考","2025年海南高考生物试卷原卷版.pdf","海南高考/2025年海南高考生物试卷原卷版.pdf","6. 重庆高考生物2008-2025\2025年高考生物真题及答案.pdf"
"海南","2025","化学","","independent","海南高考","2025年海南高考化学试卷原卷版.pdf","海南高考/2025年海南高考化学试卷原卷版.pdf","5. 重庆高考化学2008-2025\2025年高考化学真题及答案.pdf"
"海南","2025","地理","","independent","海南高考","2025年海南高考地理试卷原卷版.pdf","海南高考/2025年海南高考地理试卷原卷版.pdf","9. 北京高考地理2008-2025\2025年北京高考地理真题（原卷版）.docx"
"海南","2025","历史","","independent","海南高考","2025年海南高考历史试卷原卷版.pdf","海南高考/2025年海南高考历史试卷原卷版.pdf","7. 北京高考历史2008-2025\2025年北京高考历史真题（原卷版）.docx"
"海南","2025","政治","","independent","海南高考","2025年海南高考政治试卷原卷版.pdf","海南高考/2025年海南高考政治试卷原卷版.pdf","8. 北京高考政治2008-2025\2025北京高考政治试题（原卷版）.docx"
"河北","2008","文科数学","arts","national_i","河北高考","2008年河北高考文科数学试卷原卷版.pdf","河北高考/2008年河北高考文科数学试卷原卷版.pdf","2. 北京高考数学2008-2025\2008年北京市高考数学试卷（文科）（原卷版）.doc"
"河北","2008","理科数学","science","national_i","河北高考","2008年河北高考理科数学试卷原卷版.pdf","河北高考/2008年河北高考理科数学试卷原卷版.pdf","2. 北京高考数学2008-2025/2008年北京高考数学试卷（理科）（原卷版）.doc"
"河北","2008","政治","","national_i","河北高考","2008年河北高考政治试卷原卷版.pdf","河北高考/2008年河北高考政治试卷原卷版.pdf","8. 北京高考政治2008-2025\2008年高考生物试卷（北京）（空白卷）.doc"
"河北","2009","文科数学","arts","national_i","河北高考","2009年河北高考文科数学试卷原卷版.pdf","河北高考/2009年河北高考文科数学试卷原卷版.pdf","2. 北京高考数学2008-2025\2009年北京市高考数学试卷（文科）（原卷版）.doc"
"河北","2009","理科数学","science","national_i","河北高考","2009年河北高考理科数学试卷原卷版.pdf","河北高考/2009年河北高考理科数学试卷原卷版.pdf","2. 北京高考数学2008-2025/2009年北京高考数学试卷（理科）（原卷版）.doc"
"河北","2009","政治","","national_i","河北高考","2009年河北高考政治试卷原卷版.pdf","河北高考/2009年河北高考政治试卷原卷版.pdf","8. 北京高考政治2008-2025\2009年北京市高考政治试卷（原卷版）.doc"
"河北","2010","文科数学","arts","national_i","河北高考","2010年河北高考文科数学试卷原卷版.pdf","河北高考/2010年河北高考文科数学试卷原卷版.pdf","2. 北京高考数学2008-2025\2010年北京市高考数学试卷（文科）（原卷版）.doc"
"河北","2010","理科数学","science","national_i","河北高考","2010年河北高考理科数学试卷原卷版.pdf","河北高考/2010年河北高考理科数学试卷原卷版.pdf","2. 北京高考数学2008-2025/2010年北京高考数学试卷（理科）（原卷版）.doc"
"河北","2010","政治","","national_i","河北高考","2010年河北高考政治试卷原卷版.pdf","河北高考/2010年河北高考政治试卷原卷版.pdf","8. 北京高考政治2008-2025\2010年北京市高考政治试卷（原卷版）.doc"
"河北","2011","文科数学","arts","national_i","河北高考","2011年河北高考文科数学试卷原卷版.pdf","河北高考/2011年河北高考文科数学试卷原卷版.pdf","2. 北京高考数学2008-2025\2011年北京市高考数学试卷（文科）（原卷版）.doc"
"河北","2011","理科数学","science","national_i","河北高考","2011年河北高考理科数学试卷原卷版.pdf","河北高考/2011年河北高考理科数学试卷原卷版.pdf","2. 北京高考数学2008-2025/2011年北京高考数学试卷（理科）（原卷版）.doc"
"河北","2011","政治","","national_i","河北高考","2011年河北高考政治试卷原卷版.pdf","河北高考/2011年河北高考政治试卷原卷版.pdf","8. 北京高考政治2008-2025\2011年北京市高考政治试卷（原卷版）.doc"
"河北","2012","文科数学","arts","national_i","河北高考","2012年河北高考文科数学试卷原卷版.pdf","河北高考/2012年河北高考文科数学试卷原卷版.pdf","2. 北京高考数学2008-2025\2012年北京市高考数学试卷（文科）（原卷版）.doc"
"河北","2012","理科数学","science","national_i","河北高考","2012年河北高考理科数学试卷原卷版.pdf","河北高考/2012年河北高考理科数学试卷原卷版.pdf","2. 北京高考数学2008-2025/2012年北京高考数学试卷（理科）（原卷版）.doc"
"河北","2012","政治","","national_i","河北高考","2012年河北高考政治试卷原卷版.pdf","河北高考/2012年河北高考政治试卷原卷版.pdf","8. 北京高考政治2008-2025\2012年北京市高考政治试卷（原卷版）.doc"
"河北","2013","文科数学","arts","national_i","河北高考","2013年河北高考文科数学试卷原卷版.pdf","河北高考/2013年河北高考文科数学试卷原卷版.pdf","2. 北京高考数学2008-2025\2013年北京市高考数学试卷（文科）（原卷版）.doc"
"河北","2013","理科数学","science","national_i","河北高考","2013年河北高考理科数学试卷原卷版.pdf","河北高考/2013年河北高考理科数学试卷原卷版.pdf","2. 北京高考数学2008-2025/2013年北京高考数学试卷（理科）（原卷版）.doc"
"河北","2013","政治","","national_i","河北高考","2013年河北高考政治试卷原卷版.pdf","河北高考/2013年河北高考政治试卷原卷版.pdf","8. 北京高考政治2008-2025\2013年北京市高考政治试卷（原卷版）.doc"
"河北","2014","文科数学","arts","national_i","河北高考","2014年河北高考文科数学试卷原卷版.pdf","河北高考/2014年河北高考文科数学试卷原卷版.pdf","2. 北京高考数学2008-2025\2014年北京市高考数学试卷（文科）（原卷版）.doc"
"河北","2014","理科数学","science","national_i","河北高考","2014年河北高考理科数学试卷原卷版.pdf","河北高考/2014年河北高考理科数学试卷原卷版.pdf","2. 北京高考数学2008-2025/2014年北京高考数学试卷（理科）（原卷版）.doc"
"河北","2014","政治","","national_i","河北高考","2014年河北高考政治试卷原卷版.pdf","河北高考/2014年河北高考政治试卷原卷版.pdf","8. 北京高考政治2008-2025\2014年北京市高考政治试卷（原卷版）.doc"
"河北","2015","文科数学","arts","national_i","河北高考","2015年河北高考文科数学试卷原卷版.pdf","河北高考/2015年河北高考文科数学试卷原卷版.pdf","2. 北京高考数学2008-2025\2015年北京市高考数学试卷（文科）（原卷版）.doc"
"河北","2015","理科数学","science","national_i","河北高考","2015年河北高考理科数学试卷原卷版.pdf","河北高考/2015年河北高考理科数学试卷原卷版.pdf","2. 北京高考数学2008-2025/2015年北京高考数学试卷（理科）（原卷版）.doc"
"河北","2015","政治","","national_i","河北高考","2015年河北高考政治试卷原卷版.pdf","河北高考/2015年河北高考政治试卷原卷版.pdf","8. 北京高考政治2008-2025\2015年北京市高考政治试卷（原卷版）.doc"
"河北","2016","文科数学","arts","national_i","河北高考","2016年河北高考文科数学试卷原卷版.pdf","河北高考/2016年河北高考文科数学试卷原卷版.pdf","2. 北京高考数学2008-2025\2016年北京市高考数学试卷（文科）（原卷版）.doc"
"河北","2016","理科数学","science","national_i","河北高考","2016年河北高考理科数学试卷原卷版.pdf","河北高考/2016年河北高考理科数学试卷原卷版.pdf","2. 北京高考数学2008-2025/2016年北京高考数学试卷（理科）（原卷版）.doc"
"河北","2016","政治","","national_i","河北高考","2016年河北高考政治试卷原卷版.pdf","河北高考/2016年河北高考政治试卷原卷版.pdf","8. 北京高考政治2008-2025\2016年北京市高考政治试卷（原卷版）.doc"
"河北","2017","文科数学","arts","national_i","河北高考","2017年河北高考文科数学试卷原卷版.pdf","河北高考/2017年河北高考文科数学试卷原卷版.pdf","2. 北京高考数学2008-2025\2017年北京市高考数学试卷（文科）（原卷版）.doc"
"河北","2017","理科数学","science","national_i","河北高考","2017年河北高考理科数学试卷原卷版.pdf","河北高考/2017年河北高考理科数学试卷原卷版.pdf","2. 北京高考数学2008-2025/2017年北京高考数学试卷（理科）（原卷版）.doc"
"河北","2017","政治","","national_i","河北高考","2017年河北高考政治试卷原卷版.pdf","河北高考/2017年河北高考政治试卷原卷版.pdf","8. 北京高考政治2008-2025\2017年北京市高考政治试卷（原卷版）.doc"
"河北","2018","文科数学","arts","national_i","河北高考","2018年河北高考文科数学试卷原卷版.pdf","河北高考/2018年河北高考文科数学试卷原卷版.pdf","2. 北京高考数学2008-2025\2018年北京市高考数学试卷（文科）（原卷版）.doc"
"河北","2018","理科数学","science","national_i","河北高考","2018年河北高考理科数学试卷原卷版.pdf","河北高考/2018年河北高考理科数学试卷原卷版.pdf","2. 北京高考数学2008-2025/2018年北京高考数学试卷（理科）（原卷版）.doc"
"河北","2018","政治","","national_i","河北高考","2018年河北高考政治试卷原卷版.pdf","河北高考/2018年河北高考政治试卷原卷版.pdf","8. 北京高考政治2008-2025\2018年北京市高考政治试卷（原卷版）.doc"
"河北","2019","文科数学","arts","national_i","河北高考","2019年河北高考文科数学试卷原卷版.pdf","河北高考/2019年河北高考文科数学试卷原卷版.pdf","2. 北京高考数学2008-2025\2019年北京市高考数学试卷（文科）（原卷版）.doc"
"河北","2019","理科数学","science","national_i","河北高考","2019年河北高考理科数学试卷原卷版.pdf","河北高考/2019年河北高考理科数学试卷原卷版.pdf","2. 北京高考数学2008-2025/2019年北京高考数学试卷（理科）（原卷版）.doc"
"河北","2019","政治","","national_i","河北高考","2019年河北高考政治试卷原卷版.pdf","河北高考/2019年河北高考政治试卷原卷版.pdf","8. 北京高考政治2008-2025\2019年北京市高考政治试卷（原卷版）.doc"
"河北","2020","文科数学","arts","national_i","河北高考","2020年河北高考文科数学试卷原卷版.pdf","河北高考/2020年河北高考文科数学试卷原卷版.pdf","2. 北京高考数学2008-2025\2020年北京市高考数学试卷（原卷版）.doc"
"河北","2020","理科数学","science","national_i","河北高考","2020年河北高考理科数学试卷原卷版.pdf","河北高考/2020年河北高考理科数学试卷原卷版.pdf",""
"河北","2020","政治","","national_i","河北高考","2020年河北高考政治试卷原卷版.pdf","河北高考/2020年河北高考政治试卷原卷版.pdf","8. 北京高考政治2008-2025\2020年北京市高考政治试卷（原卷版）.doc"
"河北","2021","数学","unified","new_gaokao_i","河北高考","2021年河北高考数学试卷原卷版.pdf","河北高考/2021年河北高考数学试卷原卷版.pdf","2. 北京高考数学2008-2025\2021年北京市高考数学试卷（原卷版）.docx"
"河北","2021","政治","","independent","河北高考","2021年河北高考政治试卷原卷版.pdf","河北高考/2021年河北高考政治试卷原卷版.pdf","8. 北京高考政治2008-2025\.cache.2021年北京市高考政治试卷（原卷版）.pdf"
"河北","2022","数学","unified","new_gaokao_i","河北高考","2022年河北高考数学试卷原卷版.pdf","河北高考/2022年河北高考数学试卷原卷版.pdf","2. 北京高考数学2008-2025\2022年新高考北京数学高考真题（原卷版）.docx"
"河北","2022","政治","","independent","河北高考","2022年河北高考政治试卷原卷版.pdf","河北高考/2022年河北高考政治试卷原卷版.pdf","8. 北京高考政治2008-2025\2022年新高考北京政治高考真题（原卷版）.docx"
"河北","2023","数学","unified","new_gaokao_i","河北高考","2023年河北高考数学试卷原卷版.pdf","河北高考/2023年河北高考数学试卷原卷版.pdf","2. 北京高考数学2008-2025\2023年北京高考数学真题（原卷版）.docx"
"河北","2023","政治","","independent","河北高考","2023年河北高考政治试卷原卷版.pdf","河北高考/2023年河北高考政治试卷原卷版.pdf","8. 北京高考政治2008-2025\2023年高考北京政治真题（原卷版）.docx"
"河北","2024","地理","","independent","河北高考","2024年河北高考地理试卷原卷版.pdf","河北高考/2024年河北高考地理试卷原卷版.pdf","9. 山东高考地理2008-2025\2024年高考地理试卷（山东）（空白卷）.pdf"
"河北","2024","历史","","independent","河北高考","2024年河北高考历史试卷原卷版.pdf","河北高考/2024年河北高考历史试卷原卷版.pdf","7. 山东高考历史2008-2025\2024年高考历史试卷（山东）（空白卷）.pdf"
"河北","2024","数学","unified","new_gaokao_i","河北高考","2024年河北高考数学试卷原卷版.pdf","河北高考/2024年河北高考数学试卷原卷版.pdf","2. 北京高考数学2008-2025\2024年北京高考数学真题（原卷版）.docx"
"河北","2024","政治","","independent","河北高考","2024年河北高考政治试卷原卷版.pdf","河北高考/2024年河北高考政治试卷原卷版.pdf","8. 北京高考政治2008-2025\2024年北京高考政治试题（原卷版）.docx"
"黑龙江","2008","文科数学","arts","national_ii","黑龙江高考","2008年黑龙江高考文科数学试卷原卷版.pdf","黑龙江高考/2008年黑龙江高考文科数学试卷原卷版.pdf","2. 北京高考数学2008-2025\2008年北京市高考数学试卷（文科）（原卷版）.doc"
"黑龙江","2008","理科数学","science","national_ii","黑龙江高考","2008年黑龙江高考理科数学试卷原卷版.pdf","黑龙江高考/2008年黑龙江高考理科数学试卷原卷版.pdf","2. 北京高考数学2008-2025/2008年北京高考数学试卷（理科）（原卷版）.doc"
"黑龙江","2008","政治","","national_ii","黑龙江高考","2008年黑龙江高考政治试卷原卷版.pdf","黑龙江高考/2008年黑龙江高考政治试卷原卷版.pdf","8. 北京高考政治2008-2025\2008年高考生物试卷（北京）（空白卷）.doc"
"黑龙江","2009","文科数学","arts","national_ii","黑龙江高考","2009年黑龙江高考文科数学试卷原卷版.pdf","黑龙江高考/2009年黑龙江高考文科数学试卷原卷版.pdf","2. 北京高考数学2008-2025\2009年北京市高考数学试卷（文科）（原卷版）.doc"
"黑龙江","2009","理科数学","science","national_ii","黑龙江高考","2009年黑龙江高考理科数学试卷原卷版.pdf","黑龙江高考/2009年黑龙江高考理科数学试卷原卷版.pdf","2. 北京高考数学2008-2025/2009年北京高考数学试卷（理科）（原卷版）.doc"
"黑龙江","2009","政治","","national_ii","黑龙江高考","2009年黑龙江高考政治试卷原卷版.pdf","黑龙江高考/2009年黑龙江高考政治试卷原卷版.pdf","8. 北京高考政治2008-2025\2009年北京市高考政治试卷（原卷版）.doc"
"黑龙江","2010","文科数学","arts","national_ii","黑龙江高考","2010年黑龙江高考文科数学试卷原卷版.pdf","黑龙江高考/2010年黑龙江高考文科数学试卷原卷版.pdf","2. 北京高考数学2008-2025\2010年北京市高考数学试卷（文科）（原卷版）.doc"
"黑龙江","2010","理科数学","science","national_ii","黑龙江高考","2010年黑龙江高考理科数学试卷原卷版.pdf","黑龙江高考/2010年黑龙江高考理科数学试卷原卷版.pdf","2. 北京高考数学2008-2025/2010年北京高考数学试卷（理科）（原卷版）.doc"
"黑龙江","2010","政治","","national_ii","黑龙江高考","2010年黑龙江高考政治试卷原卷版.pdf","黑龙江高考/2010年黑龙江高考政治试卷原卷版.pdf","8. 北京高考政治2008-2025\2010年北京市高考政治试卷（原卷版）.doc"
"黑龙江","2011","文科数学","arts","national_ii","黑龙江高考","2011年黑龙江高考文科数学试卷原卷版.pdf","黑龙江高考/2011年黑龙江高考文科数学试卷原卷版.pdf","2. 北京高考数学2008-2025\2011年北京市高考数学试卷（文科）（原卷版）.doc"
"黑龙江","2011","理科数学","science","national_ii","黑龙江高考","2011年黑龙江高考理科数学试卷原卷版.pdf","黑龙江高考/2011年黑龙江高考理科数学试卷原卷版.pdf","2. 北京高考数学2008-2025/2011年北京高考数学试卷（理科）（原卷版）.doc"
"黑龙江","2011","政治","","national_ii","黑龙江高考","2011年黑龙江高考政治试卷原卷版.pdf","黑龙江高考/2011年黑龙江高考政治试卷原卷版.pdf","8. 北京高考政治2008-2025\2011年北京市高考政治试卷（原卷版）.doc"
"黑龙江","2012","文科数学","arts","national_ii","黑龙江高考","2012年黑龙江高考文科数学试卷原卷版.pdf","黑龙江高考/2012年黑龙江高考文科数学试卷原卷版.pdf","2. 北京高考数学2008-2025\2012年北京市高考数学试卷（文科）（原卷版）.doc"
"黑龙江","2012","理科数学","science","national_ii","黑龙江高考","2012年黑龙江高考理科数学试卷原卷版.pdf","黑龙江高考/2012年黑龙江高考理科数学试卷原卷版.pdf","2. 北京高考数学2008-2025/2012年北京高考数学试卷（理科）（原卷版）.doc"
"黑龙江","2012","政治","","national_ii","黑龙江高考","2012年黑龙江高考政治试卷原卷版.pdf","黑龙江高考/2012年黑龙江高考政治试卷原卷版.pdf","8. 北京高考政治2008-2025\2012年北京市高考政治试卷（原卷版）.doc"
"黑龙江","2013","文科数学","arts","national_ii","黑龙江高考","2013年黑龙江高考文科数学试卷原卷版.pdf","黑龙江高考/2013年黑龙江高考文科数学试卷原卷版.pdf","2. 北京高考数学2008-2025\2013年北京市高考数学试卷（文科）（原卷版）.doc"
"黑龙江","2013","理科数学","science","national_ii","黑龙江高考","2013年黑龙江高考理科数学试卷原卷版.pdf","黑龙江高考/2013年黑龙江高考理科数学试卷原卷版.pdf","2. 北京高考数学2008-2025/2013年北京高考数学试卷（理科）（原卷版）.doc"
"黑龙江","2013","政治","","national_ii","黑龙江高考","2013年黑龙江高考政治试卷原卷版.pdf","黑龙江高考/2013年黑龙江高考政治试卷原卷版.pdf","8. 北京高考政治2008-2025\2013年北京市高考政治试卷（原卷版）.doc"
"黑龙江","2014","文科数学","arts","national_ii","黑龙江高考","2014年黑龙江高考文科数学试卷原卷版.pdf","黑龙江高考/2014年黑龙江高考文科数学试卷原卷版.pdf","2. 北京高考数学2008-2025\2014年北京市高考数学试卷（文科）（原卷版）.doc"
"黑龙江","2014","理科数学","science","national_ii","黑龙江高考","2014年黑龙江高考理科数学试卷原卷版.pdf","黑龙江高考/2014年黑龙江高考理科数学试卷原卷版.pdf","2. 北京高考数学2008-2025/2014年北京高考数学试卷（理科）（原卷版）.doc"
"黑龙江","2014","政治","","national_ii","黑龙江高考","2014年黑龙江高考政治试卷原卷版.pdf","黑龙江高考/2014年黑龙江高考政治试卷原卷版.pdf","8. 北京高考政治2008-2025\2014年北京市高考政治试卷（原卷版）.doc"
"黑龙江","2015","文科数学","arts","national_ii","黑龙江高考","2015年黑龙江高考文科数学试卷原卷版.pdf","黑龙江高考/2015年黑龙江高考文科数学试卷原卷版.pdf","2. 北京高考数学2008-2025\2015年北京市高考数学试卷（文科）（原卷版）.doc"
"黑龙江","2015","理科数学","science","national_ii","黑龙江高考","2015年黑龙江高考理科数学试卷原卷版.pdf","黑龙江高考/2015年黑龙江高考理科数学试卷原卷版.pdf","2. 北京高考数学2008-2025/2015年北京高考数学试卷（理科）（原卷版）.doc"
"黑龙江","2015","政治","","national_ii","黑龙江高考","2015年黑龙江高考政治试卷原卷版.pdf","黑龙江高考/2015年黑龙江高考政治试卷原卷版.pdf","8. 北京高考政治2008-2025\2015年北京市高考政治试卷（原卷版）.doc"
"黑龙江","2016","文科数学","arts","national_ii","黑龙江高考","2016年黑龙江高考文科数学试卷原卷版.pdf","黑龙江高考/2016年黑龙江高考文科数学试卷原卷版.pdf","2. 北京高考数学2008-2025\2016年北京市高考数学试卷（文科）（原卷版）.doc"
"黑龙江","2016","理科数学","science","national_ii","黑龙江高考","2016年黑龙江高考理科数学试卷原卷版.pdf","黑龙江高考/2016年黑龙江高考理科数学试卷原卷版.pdf","2. 北京高考数学2008-2025/2016年北京高考数学试卷（理科）（原卷版）.doc"
"黑龙江","2016","政治","","national_ii","黑龙江高考","2016年黑龙江高考政治试卷原卷版.pdf","黑龙江高考/2016年黑龙江高考政治试卷原卷版.pdf","8. 北京高考政治2008-2025\2016年北京市高考政治试卷（原卷版）.doc"
"黑龙江","2017","文科数学","arts","national_ii","黑龙江高考","2017年黑龙江高考文科数学试卷原卷版.pdf","黑龙江高考/2017年黑龙江高考文科数学试卷原卷版.pdf","2. 北京高考数学2008-2025\2017年北京市高考数学试卷（文科）（原卷版）.doc"
"黑龙江","2017","理科数学","science","national_ii","黑龙江高考","2017年黑龙江高考理科数学试卷原卷版.pdf","黑龙江高考/2017年黑龙江高考理科数学试卷原卷版.pdf","2. 北京高考数学2008-2025/2017年北京高考数学试卷（理科）（原卷版）.doc"
"黑龙江","2017","政治","","national_ii","黑龙江高考","2017年黑龙江高考政治试卷原卷版.pdf","黑龙江高考/2017年黑龙江高考政治试卷原卷版.pdf","8. 北京高考政治2008-2025\2017年北京市高考政治试卷（原卷版）.doc"
"黑龙江","2018","文科数学","arts","national_ii","黑龙江高考","2018年黑龙江高考文科数学试卷原卷版.pdf","黑龙江高考/2018年黑龙江高考文科数学试卷原卷版.pdf","2. 北京高考数学2008-2025\2018年北京市高考数学试卷（文科）（原卷版）.doc"
"黑龙江","2018","理科数学","science","national_ii","黑龙江高考","2018年黑龙江高考理科数学试卷原卷版.pdf","黑龙江高考/2018年黑龙江高考理科数学试卷原卷版.pdf","2. 北京高考数学2008-2025/2018年北京高考数学试卷（理科）（原卷版）.doc"
"黑龙江","2018","政治","","national_ii","黑龙江高考","2018年黑龙江高考政治试卷原卷版.pdf","黑龙江高考/2018年黑龙江高考政治试卷原卷版.pdf","8. 北京高考政治2008-2025\2018年北京市高考政治试卷（原卷版）.doc"
"黑龙江","2019","文科数学","arts","national_ii","黑龙江高考","2019年黑龙江高考文科数学试卷原卷版.pdf","黑龙江高考/2019年黑龙江高考文科数学试卷原卷版.pdf","2. 北京高考数学2008-2025\2019年北京市高考数学试卷（文科）（原卷版）.doc"
"黑龙江","2019","理科数学","science","national_ii","黑龙江高考","2019年黑龙江高考理科数学试卷原卷版.pdf","黑龙江高考/2019年黑龙江高考理科数学试卷原卷版.pdf","2. 北京高考数学2008-2025/2019年北京高考数学试卷（理科）（原卷版）.doc"
"黑龙江","2019","政治","","national_ii","黑龙江高考","2019年黑龙江高考政治试卷原卷版.pdf","黑龙江高考/2019年黑龙江高考政治试卷原卷版.pdf","8. 北京高考政治2008-2025\2019年北京市高考政治试卷（原卷版）.doc"
"黑龙江","2020","文科数学","arts","national_ii","黑龙江高考","2020年黑龙江高考文科数学试卷原卷版.pdf","黑龙江高考/2020年黑龙江高考文科数学试卷原卷版.pdf","2. 北京高考数学2008-2025\2020年北京市高考数学试卷（原卷版）.doc"
"黑龙江","2020","理科数学","science","national_ii","黑龙江高考","2020年黑龙江高考理科数学试卷原卷版.pdf","黑龙江高考/2020年黑龙江高考理科数学试卷原卷版.pdf",""
"黑龙江","2020","政治","","national_ii","黑龙江高考","2020年黑龙江高考政治试卷原卷版.pdf","黑龙江高考/2020年黑龙江高考政治试卷原卷版.pdf","8. 北京高考政治2008-2025\2020年北京市高考政治试卷（原卷版）.doc"
"黑龙江","2021","文科数学","arts","national_ii","黑龙江高考","2021年黑龙江高考文科数学试卷原卷版.pdf","黑龙江高考/2021年黑龙江高考文科数学试卷原卷版.pdf","2. 北京高考数学2008-2025\2021年北京市高考数学试卷（原卷版）.docx"
"黑龙江","2021","理科数学","science","national_ii","黑龙江高考","2021年黑龙江高考理科数学试卷原卷版.pdf","黑龙江高考/2021年黑龙江高考理科数学试卷原卷版.pdf",""
"黑龙江","2021","政治","","national_ii","黑龙江高考","2021年黑龙江高考政治试卷原卷版.pdf","黑龙江高考/2021年黑龙江高考政治试卷原卷版.pdf","8. 北京高考政治2008-2025\.cache.2021年北京市高考政治试卷（原卷版）.pdf"
"黑龙江","2022","文科数学","arts","national_b","黑龙江高考","2022年黑龙江高考文科数学试卷原卷版.pdf","黑龙江高考/2022年黑龙江高考文科数学试卷原卷版.pdf","2. 北京高考数学2008-2025\2022年新高考北京数学高考真题（原卷版）.docx"
"黑龙江","2022","理科数学","science","national_b","黑龙江高考","2022年黑龙江高考理科数学试卷原卷版.pdf","黑龙江高考/2022年黑龙江高考理科数学试卷原卷版.pdf",""
"黑龙江","2022","政治","","national_b","黑龙江高考","2022年黑龙江高考政治试卷原卷版.pdf","黑龙江高考/2022年黑龙江高考政治试卷原卷版.pdf","8. 北京高考政治2008-2025\2022年新高考北京政治高考真题（原卷版）.docx"
"黑龙江","2023","文科数学","arts","national_b","黑龙江高考","2023年黑龙江高考文科数学试卷原卷版.pdf","黑龙江高考/2023年黑龙江高考文科数学试卷原卷版.pdf","2. 北京高考数学2008-2025\2023年北京高考数学真题（原卷版）.docx"
"黑龙江","2023","理科数学","science","national_b","黑龙江高考","2023年黑龙江高考理科数学试卷原卷版.pdf","黑龙江高考/2023年黑龙江高考理科数学试卷原卷版.pdf",""
"黑龙江","2023","政治","","national_b","黑龙江高考","2023年黑龙江高考政治试卷原卷版.pdf","黑龙江高考/2023年黑龙江高考政治试卷原卷版.pdf","8. 北京高考政治2008-2025\2023年高考北京政治真题（原卷版）.docx"
"黑龙江","2024","数学","unified","new_gaokao_ii","黑龙江高考","2024年黑龙江高考数学试卷原卷版.pdf","黑龙江高考/2024年黑龙江高考数学试卷原卷版.pdf","2. 北京高考数学2008-2025\2024年北京高考数学真题（原卷版）.docx"
"黑龙江","2024","政治","","independent","黑龙江高考","2024年黑龙江高考政治试卷原卷版.pdf","黑龙江高考/2024年黑龙江高考政治试卷原卷版.pdf","8. 北京高考政治2008-2025\2024年北京高考政治试题（原卷版）.docx"
"黑龙江","2025","生物","","independent","黑龙江高考","2025年黑龙江高考生物试卷原卷版.pdf","黑龙江高考/2025年黑龙江高考生物试卷原卷版.pdf","6. 北京高考生物2008-2025\.cache.2025高考北京卷生物真题试卷（原卷版）.pdf"
"黑龙江","2025","地理","","independent","黑龙江高考","2025年黑龙江高考地理试卷原卷版.pdf","黑龙江高考/2025年黑龙江高考地理试卷原卷版.pdf","9. 北京高考地理2008-2025\2025年北京高考地理真题（原卷版）.docx"
"黑龙江","2025","历史","","independent","黑龙江高考","2025年黑龙江高考历史试卷原卷版.pdf","黑龙江高考/2025年黑龙江高考历史试卷原卷版.pdf","7. 北京高考历史2008-2025\2025年北京高考历史真题（原卷版）.docx"
"黑龙江","2025","政治","","independent","黑龙江高考","2025年黑龙江高考政治试卷原卷版.pdf","黑龙江高考/2025年黑龙江高考政治试卷原卷版.pdf","8. 北京高考政治2008-2025\2025北京高考政治试题（原卷版）.docx"
"河南","2008","文科数学","arts","national_i","河南高考","2008年河南高考文科数学试卷原卷版.pdf","河南高考/2008年河南高考文科数学试卷原卷版.pdf","2. 北京高考数学2008-2025\2008年北京市高考数学试卷（文科）（原卷版）.doc"
"河南","2008","理科数学","science","national_i","河南高考","2008年河南高考理科数学试卷原卷版.pdf","河南高考/2008年河南高考理科数学试卷原卷版.pdf","2. 北京高考数学2008-2025/2008年北京高考数学试卷（理科）（原卷版）.doc"
"河南","2008","政治","","national_i","河南高考","2008年河南高考政治试卷原卷版.pdf","河南高考/2008年河南高考政治试卷原卷版.pdf","8. 北京高考政治2008-2025\2008年高考生物试卷（北京）（空白卷）.doc"
"河南","2009","文科数学","arts","national_i","河南高考","2009年河南高考文科数学试卷原卷版.pdf","河南高考/2009年河南高考文科数学试卷原卷版.pdf","2. 北京高考数学2008-2025\2009年北京市高考数学试卷（文科）（原卷版）.doc"
"河南","2009","理科数学","science","national_i","河南高考","2009年河南高考理科数学试卷原卷版.pdf","河南高考/2009年河南高考理科数学试卷原卷版.pdf","2. 北京高考数学2008-2025/2009年北京高考数学试卷（理科）（原卷版）.doc"
"河南","2009","政治","","national_i","河南高考","2009年河南高考政治试卷原卷版.pdf","河南高考/2009年河南高考政治试卷原卷版.pdf","8. 北京高考政治2008-2025\2009年北京市高考政治试卷（原卷版）.doc"
"河南","2010","文科数学","arts","national_i","河南高考","2010年河南高考文科数学试卷原卷版.pdf","河南高考/2010年河南高考文科数学试卷原卷版.pdf","2. 北京高考数学2008-2025\2010年北京市高考数学试卷（文科）（原卷版）.doc"
"河南","2010","理科数学","science","national_i","河南高考","2010年河南高考理科数学试卷原卷版.pdf","河南高考/2010年河南高考理科数学试卷原卷版.pdf","2. 北京高考数学2008-2025/2010年北京高考数学试卷（理科）（原卷版）.doc"
"河南","2010","政治","","national_i","河南高考","2010年河南高考政治试卷原卷版.pdf","河南高考/2010年河南高考政治试卷原卷版.pdf","8. 北京高考政治2008-2025\2010年北京市高考政治试卷（原卷版）.doc"
"河南","2011","文科数学","arts","national_i","河南高考","2011年河南高考文科数学试卷原卷版.pdf","河南高考/2011年河南高考文科数学试卷原卷版.pdf","2. 北京高考数学2008-2025\2011年北京市高考数学试卷（文科）（原卷版）.doc"
"河南","2011","理科数学","science","national_i","河南高考","2011年河南高考理科数学试卷原卷版.pdf","河南高考/2011年河南高考理科数学试卷原卷版.pdf","2. 北京高考数学2008-2025/2011年北京高考数学试卷（理科）（原卷版）.doc"
"河南","2011","政治","","national_i","河南高考","2011年河南高考政治试卷原卷版.pdf","河南高考/2011年河南高考政治试卷原卷版.pdf","8. 北京高考政治2008-2025\2011年北京市高考政治试卷（原卷版）.doc"
"河南","2012","文科数学","arts","national_i","河南高考","2012年河南高考文科数学试卷原卷版.pdf","河南高考/2012年河南高考文科数学试卷原卷版.pdf","2. 北京高考数学2008-2025\2012年北京市高考数学试卷（文科）（原卷版）.doc"
"河南","2012","理科数学","science","national_i","河南高考","2012年河南高考理科数学试卷原卷版.pdf","河南高考/2012年河南高考理科数学试卷原卷版.pdf","2. 北京高考数学2008-2025/2012年北京高考数学试卷（理科）（原卷版）.doc"
"河南","2012","政治","","national_i","河南高考","2012年河南高考政治试卷原卷版.pdf","河南高考/2012年河南高考政治试卷原卷版.pdf","8. 北京高考政治2008-2025\2012年北京市高考政治试卷（原卷版）.doc"
"河南","2013","文科数学","arts","national_i","河南高考","2013年河南高考文科数学试卷原卷版.pdf","河南高考/2013年河南高考文科数学试卷原卷版.pdf","2. 北京高考数学2008-2025\2013年北京市高考数学试卷（文科）（原卷版）.doc"
"河南","2013","理科数学","science","national_i","河南高考","2013年河南高考理科数学试卷原卷版.pdf","河南高考/2013年河南高考理科数学试卷原卷版.pdf","2. 北京高考数学2008-2025/2013年北京高考数学试卷（理科）（原卷版）.doc"
"河南","2013","政治","","national_i","河南高考","2013年河南高考政治试卷原卷版.pdf","河南高考/2013年河南高考政治试卷原卷版.pdf","8. 北京高考政治2008-2025\2013年北京市高考政治试卷（原卷版）.doc"
"河南","2014","文科数学","arts","national_i","河南高考","2014年河南高考文科数学试卷原卷版.pdf","河南高考/2014年河南高考文科数学试卷原卷版.pdf","2. 北京高考数学2008-2025\2014年北京市高考数学试卷（文科）（原卷版）.doc"
"河南","2014","理科数学","science","national_i","河南高考","2014年河南高考理科数学试卷原卷版.pdf","河南高考/2014年河南高考理科数学试卷原卷版.pdf","2. 北京高考数学2008-2025/2014年北京高考数学试卷（理科）（原卷版）.doc"
"河南","2014","政治","","national_i","河南高考","2014年河南高考政治试卷原卷版.pdf","河南高考/2014年河南高考政治试卷原卷版.pdf","8. 北京高考政治2008-2025\2014年北京市高考政治试卷（原卷版）.doc"
"河南","2015","文科数学","arts","national_i","河南高考","2015年河南高考文科数学试卷原卷版.pdf","河南高考/2015年河南高考文科数学试卷原卷版.pdf","2. 北京高考数学2008-2025\2015年北京市高考数学试卷（文科）（原卷版）.doc"
"河南","2015","理科数学","science","national_i","河南高考","2015年河南高考理科数学试卷原卷版.pdf","河南高考/2015年河南高考理科数学试卷原卷版.pdf","2. 北京高考数学2008-2025/2015年北京高考数学试卷（理科）（原卷版）.doc"
"河南","2015","政治","","national_i","河南高考","2015年河南高考政治试卷原卷版.pdf","河南高考/2015年河南高考政治试卷原卷版.pdf","8. 北京高考政治2008-2025\2015年北京市高考政治试卷（原卷版）.doc"
"河南","2016","文科数学","arts","national_i","河南高考","2016年河南高考文科数学试卷原卷版.pdf","河南高考/2016年河南高考文科数学试卷原卷版.pdf","2. 北京高考数学2008-2025\2016年北京市高考数学试卷（文科）（原卷版）.doc"
"河南","2016","理科数学","science","national_i","河南高考","2016年河南高考理科数学试卷原卷版.pdf","河南高考/2016年河南高考理科数学试卷原卷版.pdf","2. 北京高考数学2008-2025/2016年北京高考数学试卷（理科）（原卷版）.doc"
"河南","2016","政治","","national_i","河南高考","2016年河南高考政治试卷原卷版.pdf","河南高考/2016年河南高考政治试卷原卷版.pdf","8. 北京高考政治2008-2025\2016年北京市高考政治试卷（原卷版）.doc"
"河南","2017","文科数学","arts","national_i","河南高考","2017年河南高考文科数学试卷原卷版.pdf","河南高考/2017年河南高考文科数学试卷原卷版.pdf","2. 北京高考数学2008-2025\2017年北京市高考数学试卷（文科）（原卷版）.doc"
"河南","2017","理科数学","science","national_i","河南高考","2017年河南高考理科数学试卷原卷版.pdf","河南高考/2017年河南高考理科数学试卷原卷版.pdf","2. 北京高考数学2008-2025/2017年北京高考数学试卷（理科）（原卷版）.doc"
"河南","2017","政治","","national_i","河南高考","2017年河南高考政治试卷原卷版.pdf","河南高考/2017年河南高考政治试卷原卷版.pdf","8. 北京高考政治2008-2025\2017年北京市高考政治试卷（原卷版）.doc"
"河南","2018","文科数学","arts","national_i","河南高考","2018年河南高考文科数学试卷原卷版.pdf","河南高考/2018年河南高考文科数学试卷原卷版.pdf","2. 北京高考数学2008-2025\2018年北京市高考数学试卷（文科）（原卷版）.doc"
"河南","2018","理科数学","science","national_i","河南高考","2018年河南高考理科数学试卷原卷版.pdf","河南高考/2018年河南高考理科数学试卷原卷版.pdf","2. 北京高考数学2008-2025/2018年北京高考数学试卷（理科）（原卷版）.doc"
"河南","2018","政治","","national_i","河南高考","2018年河南高考政治试卷原卷版.pdf","河南高考/2018年河南高考政治试卷原卷版.pdf","8. 北京高考政治2008-2025\2018年北京市高考政治试卷（原卷版）.doc"
"河南","2019","文科数学","arts","national_i","河南高考","2019年河南高考文科数学试卷原卷版.pdf","河南高考/2019年河南高考文科数学试卷原卷版.pdf","2. 北京高考数学2008-2025\2019年北京市高考数学试卷（文科）（原卷版）.doc"
"河南","2019","理科数学","science","national_i","河南高考","2019年河南高考理科数学试卷原卷版.pdf","河南高考/2019年河南高考理科数学试卷原卷版.pdf","2. 北京高考数学2008-2025/2019年北京高考数学试卷（理科）（原卷版）.doc"
"河南","2019","政治","","national_i","河南高考","2019年河南高考政治试卷原卷版.pdf","河南高考/2019年河南高考政治试卷原卷版.pdf","8. 北京高考政治2008-2025\2019年北京市高考政治试卷（原卷版）.doc"
"河南","2020","文科数学","arts","national_i","河南高考","2020年河南高考文科数学试卷原卷版.pdf","河南高考/2020年河南高考文科数学试卷原卷版.pdf","2. 北京高考数学2008-2025\2020年北京市高考数学试卷（原卷版）.doc"
"河南","2020","理科数学","science","national_i","河南高考","2020年河南高考理科数学试卷原卷版.pdf","河南高考/2020年河南高考理科数学试卷原卷版.pdf",""
"河南","2020","政治","","national_i","河南高考","2020年河南高考政治试卷原卷版.pdf","河南高考/2020年河南高考政治试卷原卷版.pdf","8. 北京高考政治2008-2025\2020年北京市高考政治试卷（原卷版）.doc"
"河南","2021","文科数学","arts","national_i","河南高考","2021年河南高考文科数学试卷原卷版.pdf","河南高考/2021年河南高考文科数学试卷原卷版.pdf","2. 北京高考数学2008-2025\2021年北京市高考数学试卷（原卷版）.docx"
"河南","2021","理科数学","science","national_i","河南高考","2021年河南高考理科数学试卷原卷版.pdf","河南高考/2021年河南高考理科数学试卷原卷版.pdf",""
"河南","2021","政治","","national_i","河南高考","2021年河南高考政治试卷原卷版.pdf","河南高考/2021年河南高考政治试卷原卷版.pdf","8. 北京高考政治2008-2025\.cache.2021年北京市高考政治试卷（原卷版）.pdf"
"河南","2022","文科数学","arts","national_b","河南高考","2022年河南高考文科数学试卷原卷版.pdf","河南高考/2022年河南高考文科数学试卷原卷版.pdf","2. 北京高考数学2008-2025\2022年新高考北京数学高考真题（原卷版）.docx"
"河南","2022","理科数学","science","national_b","河南高考","2022年河南高考理科数学试卷原卷版.pdf","河南高考/2022年河南高考理科数学试卷原卷版.pdf",""
"河南","2022","政治","","national_b","河南高考","2022年河南高考政治试卷原卷版.pdf","河南高考/2022年河南高考政治试卷原卷版.pdf","8. 北京高考政治2008-2025\2022年新高考北京政治高考真题（原卷版）.docx"
"河南","2023","文科数学","arts","national_b","河南高考","2023年河南高考文科数学试卷原卷版.pdf","河南高考/2023年河南高考文科数学试卷原卷版.pdf","2. 北京高考数学2008-2025\2023年北京高考数学真题（原卷版）.docx"
"河南","2023","理科数学","science","national_b","河南高考","2023年河南高考理科数学试卷原卷版.pdf","河南高考/2023年河南高考理科数学试卷原卷版.pdf",""
"河南","2023","政治","","national_b","河南高考","2023年河南高考政治试卷原卷版.pdf","河南高考/2023年河南高考政治试卷原卷版.pdf","8. 北京高考政治2008-2025\2023年高考北京政治真题（原卷版）.docx"
"河南","2024","文科数学","arts","national_b","河南高考","2024年河南高考文科数学试卷原卷版.pdf","河南高考/2024年河南高考文科数学试卷原卷版.pdf","2. 北京高考数学2008-2025\2024年北京高考数学真题（原卷版）.docx"
"河南","2024","理科数学","science","national_b","河南高考","2024年河南高考理科数学试卷原卷版.pdf","河南高考/2024年河南高考理科数学试卷原卷版.pdf",""
"河南","2024","政治","","national_b","河南高考","2024年河南高考政治试卷原卷版.pdf","河南高考/2024年河南高考政治试卷原卷版.pdf","8. 北京高考政治2008-2025\2024年北京高考政治试题（原卷版）.docx"
"河南","2025","生物","","independent","河南高考","2025年河南高考生物试卷原卷版.pdf","河南高考/2025年河南高考生物试卷原卷版.pdf","6. 北京高考生物2008-2025\.cache.2025高考北京卷生物真题试卷（原卷版）.pdf"
"河南","2025","地理","","independent","河南高考","2025年河南高考地理试卷原卷版.pdf","河南高考/2025年河南高考地理试卷原卷版.pdf","9. 北京高考地理2008-2025\2025年北京高考地理真题（原卷版）.docx"
"河南","2025","历史","","independent","河南高考","2025年河南高考历史试卷原卷版.pdf","河南高考/2025年河南高考历史试卷原卷版.pdf","7. 北京高考历史2008-2025\2025年北京高考历史真题（原卷版）.docx"
"河南","2025","数学","unified","new_gaokao_i","河南高考","2025年河南高考数学试卷原卷版.pdf","河南高考/2025年河南高考数学试卷原卷版.pdf","2. 北京高考数学2008-2025\2025年高考北京数学真题（原卷版）.docx"
"河南","2025","政治","","independent","河南高考","2025年河南高考政治试卷原卷版.pdf","河南高考/2025年河南高考政治试卷原卷版.pdf","8. 北京高考政治2008-2025\2025北京高考政治试题（原卷版）.docx"
"湖北","2008","文科数学","arts","independent","湖北高考","2008年湖北高考文科数学试卷原卷版.pdf","湖北高考/2008年湖北高考文科数学试卷原卷版.pdf","2. 北京高考数学2008-2025\2008年北京市高考数学试卷（文科）（原卷版）.doc"
"湖北","2008","理科数学","science","independent","湖北高考","2008年湖北高考理科数学试卷原卷版.pdf","湖北高考/2008年湖北高考理科数学试卷原卷版.pdf",""
"湖北","2008","政治","","independent","湖北高考","2008年湖北高考政治试卷原卷版.pdf","湖北高考/2008年湖北高考政治试卷原卷版.pdf","8. 北京高考政治2008-2025\2008年高考生物试卷（北京）（空白卷）.doc"
"湖北","2009","文科数学","arts","independent","湖北高考","2009年湖北高考文科数学试卷原卷版.pdf","湖北高考/2009年湖北高考文科数学试卷原卷版.pdf","2. 北京高考数学2008-2025\2009年北京市高考数学试卷（文科）（原卷版）.doc"
"湖北","2009","理科数学","science","independent","湖北高考","2009年湖北高考理科数学试卷原卷版.pdf","湖北高考/2009年湖北高考理科数学试卷原卷版.pdf",""
"湖北","2009","政治","","independent","湖北高考","2009年湖北高考政治试卷原卷版.pdf","湖北高考/2009年湖北高考政治试卷原卷版.pdf","8. 北京高考政治2008-2025\2009年北京市高考政治试卷（原卷版）.doc"
"湖北","2010","文科数学","arts","independent","湖北高考","2010年湖北高考文科数学试卷原卷版.pdf","湖北高考/2010年湖北高考文科数学试卷原卷版.pdf","2. 北京高考数学2008-2025\2010年北京市高考数学试卷（文科）（原卷版）.doc"
"湖北","2010","理科数学","science","independent","湖北高考","2010年湖北高考理科数学试卷原卷版.pdf","湖北高考/2010年湖北高考理科数学试卷原卷版.pdf",""
"湖北","2010","政治","","independent","湖北高考","2010年湖北高考政治试卷原卷版.pdf","湖北高考/2010年湖北高考政治试卷原卷版.pdf","8. 北京高考政治2008-2025\2010年北京市高考政治试卷（原卷版）.doc"
"湖北","2011","文科数学","arts","independent","湖北高考","2011年湖北高考文科数学试卷原卷版.pdf","湖北高考/2011年湖北高考文科数学试卷原卷版.pdf","2. 北京高考数学2008-2025\2011年北京市高考数学试卷（文科）（原卷版）.doc"
"湖北","2011","理科数学","science","independent","湖北高考","2011年湖北高考理科数学试卷原卷版.pdf","湖北高考/2011年湖北高考理科数学试卷原卷版.pdf",""
"湖北","2011","政治","","independent","湖北高考","2011年湖北高考政治试卷原卷版.pdf","湖北高考/2011年湖北高考政治试卷原卷版.pdf","8. 北京高考政治2008-2025\2011年北京市高考政治试卷（原卷版）.doc"
"湖北","2012","文科数学","arts","independent","湖北高考","2012年湖北高考文科数学试卷原卷版.pdf","湖北高考/2012年湖北高考文科数学试卷原卷版.pdf","2. 北京高考数学2008-2025\2012年北京市高考数学试卷（文科）（原卷版）.doc"
"湖北","2012","理科数学","science","independent","湖北高考","2012年湖北高考理科数学试卷原卷版.pdf","湖北高考/2012年湖北高考理科数学试卷原卷版.pdf",""
"湖北","2012","政治","","independent","湖北高考","2012年湖北高考政治试卷原卷版.pdf","湖北高考/2012年湖北高考政治试卷原卷版.pdf","8. 北京高考政治2008-2025\2012年北京市高考政治试卷（原卷版）.doc"
"湖北","2013","文科数学","arts","independent","湖北高考","2013年湖北高考文科数学试卷原卷版.pdf","湖北高考/2013年湖北高考文科数学试卷原卷版.pdf","2. 北京高考数学2008-2025\2013年北京市高考数学试卷（文科）（原卷版）.doc"
"湖北","2013","理科数学","science","independent","湖北高考","2013年湖北高考理科数学试卷原卷版.pdf","湖北高考/2013年湖北高考理科数学试卷原卷版.pdf",""
"湖北","2013","政治","","independent","湖北高考","2013年湖北高考政治试卷原卷版.pdf","湖北高考/2013年湖北高考政治试卷原卷版.pdf","8. 北京高考政治2008-2025\2013年北京市高考政治试卷（原卷版）.doc"
"湖北","2014","文科数学","arts","independent","湖北高考","2014年湖北高考文科数学试卷原卷版.pdf","湖北高考/2014年湖北高考文科数学试卷原卷版.pdf","2. 北京高考数学2008-2025\2014年北京市高考数学试卷（文科）（原卷版）.doc"
"湖北","2014","理科数学","science","independent","湖北高考","2014年湖北高考理科数学试卷原卷版.pdf","湖北高考/2014年湖北高考理科数学试卷原卷版.pdf",""
"湖北","2014","政治","","independent","湖北高考","2014年湖北高考政治试卷原卷版.pdf","湖北高考/2014年湖北高考政治试卷原卷版.pdf","8. 北京高考政治2008-2025\2014年北京市高考政治试卷（原卷版）.doc"
"湖北","2015","文科数学","arts","independent","湖北高考","2015年湖北高考文科数学试卷原卷版.pdf","湖北高考/2015年湖北高考文科数学试卷原卷版.pdf","2. 北京高考数学2008-2025\2015年北京市高考数学试卷（文科）（原卷版）.doc"
"湖北","2015","理科数学","science","independent","湖北高考","2015年湖北高考理科数学试卷原卷版.pdf","湖北高考/2015年湖北高考理科数学试卷原卷版.pdf",""
"湖北","2015","政治","","independent","湖北高考","2015年湖北高考政治试卷原卷版.pdf","湖北高考/2015年湖北高考政治试卷原卷版.pdf","8. 北京高考政治2008-2025\2015年北京市高考政治试卷（原卷版）.doc"
"湖北","2016","文科数学","arts","independent","湖北高考","2016年湖北高考文科数学试卷原卷版.pdf","湖北高考/2016年湖北高考文科数学试卷原卷版.pdf","2. 北京高考数学2008-2025\2016年北京市高考数学试卷（文科）（原卷版）.doc"
"湖北","2016","理科数学","science","independent","湖北高考","2016年湖北高考理科数学试卷原卷版.pdf","湖北高考/2016年湖北高考理科数学试卷原卷版.pdf",""
"湖北","2016","政治","","independent","湖北高考","2016年湖北高考政治试卷原卷版.pdf","湖北高考/2016年湖北高考政治试卷原卷版.pdf","8. 北京高考政治2008-2025\2016年北京市高考政治试卷（原卷版）.doc"
"湖北","2017","文科数学","arts","independent","湖北高考","2017年湖北高考文科数学试卷原卷版.pdf","湖北高考/2017年湖北高考文科数学试卷原卷版.pdf","2. 北京高考数学2008-2025\2017年北京市高考数学试卷（文科）（原卷版）.doc"
"湖北","2017","理科数学","science","independent","湖北高考","2017年湖北高考理科数学试卷原卷版.pdf","湖北高考/2017年湖北高考理科数学试卷原卷版.pdf",""
"湖北","2017","政治","","independent","湖北高考","2017年湖北高考政治试卷原卷版.pdf","湖北高考/2017年湖北高考政治试卷原卷版.pdf","8. 北京高考政治2008-2025\2017年北京市高考政治试卷（原卷版）.doc"
"湖北","2018","文科数学","arts","independent","湖北高考","2018年湖北高考文科数学试卷原卷版.pdf","湖北高考/2018年湖北高考文科数学试卷原卷版.pdf","2. 北京高考数学2008-2025\2018年北京市高考数学试卷（文科）（原卷版）.doc"
"湖北","2018","理科数学","science","independent","湖北高考","2018年湖北高考理科数学试卷原卷版.pdf","湖北高考/2018年湖北高考理科数学试卷原卷版.pdf",""
"湖北","2018","政治","","independent","湖北高考","2018年湖北高考政治试卷原卷版.pdf","湖北高考/2018年湖北高考政治试卷原卷版.pdf","8. 北京高考政治2008-2025\2018年北京市高考政治试卷（原卷版）.doc"
"湖北","2019","文科数学","arts","independent","湖北高考","2019年湖北高考文科数学试卷原卷版.pdf","湖北高考/2019年湖北高考文科数学试卷原卷版.pdf","2. 北京高考数学2008-2025\2019年北京市高考数学试卷（文科）（原卷版）.doc"
"湖北","2019","理科数学","science","independent","湖北高考","2019年湖北高考理科数学试卷原卷版.pdf","湖北高考/2019年湖北高考理科数学试卷原卷版.pdf",""
"湖北","2019","政治","","independent","湖北高考","2019年湖北高考政治试卷原卷版.pdf","湖北高考/2019年湖北高考政治试卷原卷版.pdf","8. 北京高考政治2008-2025\2019年北京市高考政治试卷（原卷版）.doc"
"湖北","2020","文科数学","arts","independent","湖北高考","2020年湖北高考文科数学试卷原卷版.pdf","湖北高考/2020年湖北高考文科数学试卷原卷版.pdf","2. 北京高考数学2008-2025\2020年北京市高考数学试卷（原卷版）.doc"
"湖北","2020","理科数学","science","independent","湖北高考","2020年湖北高考理科数学试卷原卷版.pdf","湖北高考/2020年湖北高考理科数学试卷原卷版.pdf",""
"湖北","2020","政治","","independent","湖北高考","2020年湖北高考政治试卷原卷版.pdf","湖北高考/2020年湖北高考政治试卷原卷版.pdf","8. 北京高考政治2008-2025\2020年北京市高考政治试卷（原卷版）.doc"
"湖北","2021","数学","unified","new_gaokao_i","湖北高考","2021年湖北高考数学试卷原卷版.pdf","湖北高考/2021年湖北高考数学试卷原卷版.pdf","2. 北京高考数学2008-2025\2021年北京市高考数学试卷（原卷版）.docx"
"湖北","2021","政治","","independent","湖北高考","2021年湖北高考政治试卷原卷版.pdf","湖北高考/2021年湖北高考政治试卷原卷版.pdf","8. 北京高考政治2008-2025\.cache.2021年北京市高考政治试卷（原卷版）.pdf"
"湖北","2022","数学","unified","new_gaokao_i","湖北高考","2022年湖北高考数学试卷原卷版.pdf","湖北高考/2022年湖北高考数学试卷原卷版.pdf","2. 北京高考数学2008-2025\2022年新高考北京数学高考真题（原卷版）.docx"
"湖北","2022","政治","","independent","湖北高考","2022年湖北高考政治试卷原卷版.pdf","湖北高考/2022年湖北高考政治试卷原卷版.pdf","8. 北京高考政治2008-2025\2022年新高考北京政治高考真题（原卷版）.docx"
"湖北","2023","数学","unified","new_gaokao_i","湖北高考","2023年湖北高考数学试卷原卷版.pdf","湖北高考/2023年湖北高考数学试卷原卷版.pdf","2. 北京高考数学2008-2025\2023年北京高考数学真题（原卷版）.docx"
"湖北","2023","政治","","independent","湖北高考","2023年湖北高考政治试卷原卷版.pdf","湖北高考/2023年湖北高考政治试卷原卷版.pdf","8. 北京高考政治2008-2025\2023年高考北京政治真题（原卷版）.docx"
"湖北","2024","数学","unified","new_gaokao_i","湖北高考","2024年湖北高考数学试卷原卷版.pdf","湖北高考/2024年湖北高考数学试卷原卷版.pdf","2. 北京高考数学2008-2025\2024年北京高考数学真题（原卷版）.docx"
"湖北","2024","政治","","independent","湖北高考","2024年湖北高考政治试卷原卷版.pdf","湖北高考/2024年湖北高考政治试卷原卷版.pdf","8. 北京高考政治2008-2025\2024年北京高考政治试题（原卷版）.docx"
"湖北","2025","化学","","independent","湖北高考","2025年湖北高考化学试卷原卷版.pdf","湖北高考/2025年湖北高考化学试卷原卷版.pdf","5. 山东高考化学2008-2025\2025年高考山东化学-146ab6b56543.pdf"
"湖北","2025","地理","","independent","湖北高考","2025年湖北高考地理试卷原卷版.pdf","湖北高考/2025年湖北高考地理试卷原卷版.pdf","9. 北京高考地理2008-2025\2025年北京高考地理真题（原卷版）.docx"
"湖北","2025","历史","","independent","湖北高考","2025年湖北高考历史试卷原卷版.pdf","湖北高考/2025年湖北高考历史试卷原卷版.pdf","7. 北京高考历史2008-2025\2025年北京高考历史真题（原卷版）.docx"
"湖北","2025","政治","","independent","湖北高考","2025年湖北高考政治试卷原卷版.pdf","湖北高考/2025年湖北高考政治试卷原卷版.pdf","8. 北京高考政治2008-2025\2025北京高考政治试题（原卷版）.docx"
"湖南","2008","文科数学","arts","independent","湖南高考","2008年湖南高考文科数学试卷原卷版.pdf","湖南高考/2008年湖南高考文科数学试卷原卷版.pdf","2. 北京高考数学2008-2025\2008年北京市高考数学试卷（文科）（原卷版）.doc"
"湖南","2008","理科数学","science","independent","湖南高考","2008年湖南高考理科数学试卷原卷版.pdf","湖南高考/2008年湖南高考理科数学试卷原卷版.pdf",""
"湖南","2008","政治","","independent","湖南高考","2008年湖南高考政治试卷原卷版.pdf","湖南高考/2008年湖南高考政治试卷原卷版.pdf","8. 北京高考政治2008-2025\2008年高考生物试卷（北京）（空白卷）.doc"
"湖南","2009","文科数学","arts","independent","湖南高考","2009年湖南高考文科数学试卷原卷版.pdf","湖南高考/2009年湖南高考文科数学试卷原卷版.pdf","2. 北京高考数学2008-2025\2009年北京市高考数学试卷（文科）（原卷版）.doc"
"湖南","2009","理科数学","science","independent","湖南高考","2009年湖南高考理科数学试卷原卷版.pdf","湖南高考/2009年湖南高考理科数学试卷原卷版.pdf",""
"湖南","2009","政治","","independent","湖南高考","2009年湖南高考政治试卷原卷版.pdf","湖南高考/2009年湖南高考政治试卷原卷版.pdf","8. 北京高考政治2008-2025\2009年北京市高考政治试卷（原卷版）.doc"
"湖南","2010","文科数学","arts","independent","湖南高考","2010年湖南高考文科数学试卷原卷版.pdf","湖南高考/2010年湖南高考文科数学试卷原卷版.pdf","2. 北京高考数学2008-2025\2010年北京市高考数学试卷（文科）（原卷版）.doc"
"湖南","2010","理科数学","science","independent","湖南高考","2010年湖南高考理科数学试卷原卷版.pdf","湖南高考/2010年湖南高考理科数学试卷原卷版.pdf",""
"湖南","2010","政治","","independent","湖南高考","2010年湖南高考政治试卷原卷版.pdf","湖南高考/2010年湖南高考政治试卷原卷版.pdf","8. 北京高考政治2008-2025\2010年北京市高考政治试卷（原卷版）.doc"
"湖南","2011","文科数学","arts","independent","湖南高考","2011年湖南高考文科数学试卷原卷版.pdf","湖南高考/2011年湖南高考文科数学试卷原卷版.pdf","2. 北京高考数学2008-2025\2011年北京市高考数学试卷（文科）（原卷版）.doc"
"湖南","2011","理科数学","science","independent","湖南高考","2011年湖南高考理科数学试卷原卷版.pdf","湖南高考/2011年湖南高考理科数学试卷原卷版.pdf",""
"湖南","2011","政治","","independent","湖南高考","2011年湖南高考政治试卷原卷版.pdf","湖南高考/2011年湖南高考政治试卷原卷版.pdf","8. 北京高考政治2008-2025\2011年北京市高考政治试卷（原卷版）.doc"
"湖南","2012","文科数学","arts","independent","湖南高考","2012年湖南高考文科数学试卷原卷版.pdf","湖南高考/2012年湖南高考文科数学试卷原卷版.pdf","2. 北京高考数学2008-2025\2012年北京市高考数学试卷（文科）（原卷版）.doc"
"湖南","2012","理科数学","science","independent","湖南高考","2012年湖南高考理科数学试卷原卷版.pdf","湖南高考/2012年湖南高考理科数学试卷原卷版.pdf",""
"湖南","2012","政治","","independent","湖南高考","2012年湖南高考政治试卷原卷版.pdf","湖南高考/2012年湖南高考政治试卷原卷版.pdf","8. 北京高考政治2008-2025\2012年北京市高考政治试卷（原卷版）.doc"
"湖南","2013","文科数学","arts","independent","湖南高考","2013年湖南高考文科数学试卷原卷版.pdf","湖南高考/2013年湖南高考文科数学试卷原卷版.pdf","2. 北京高考数学2008-2025\2013年北京市高考数学试卷（文科）（原卷版）.doc"
"湖南","2013","理科数学","science","independent","湖南高考","2013年湖南高考理科数学试卷原卷版.pdf","湖南高考/2013年湖南高考理科数学试卷原卷版.pdf",""
"湖南","2013","政治","","independent","湖南高考","2013年湖南高考政治试卷原卷版.pdf","湖南高考/2013年湖南高考政治试卷原卷版.pdf","8. 北京高考政治2008-2025\2013年北京市高考政治试卷（原卷版）.doc"
"湖南","2014","文科数学","arts","independent","湖南高考","2014年湖南高考文科数学试卷原卷版.pdf","湖南高考/2014年湖南高考文科数学试卷原卷版.pdf","2. 北京高考数学2008-2025\2014年北京市高考数学试卷（文科）（原卷版）.doc"
"湖南","2014","理科数学","science","independent","湖南高考","2014年湖南高考理科数学试卷原卷版.pdf","湖南高考/2014年湖南高考理科数学试卷原卷版.pdf",""
"湖南","2014","政治","","independent","湖南高考","2014年湖南高考政治试卷原卷版.pdf","湖南高考/2014年湖南高考政治试卷原卷版.pdf","8. 北京高考政治2008-2025\2014年北京市高考政治试卷（原卷版）.doc"
"湖南","2015","文科数学","arts","independent","湖南高考","2015年湖南高考文科数学试卷原卷版.pdf","湖南高考/2015年湖南高考文科数学试卷原卷版.pdf","2. 北京高考数学2008-2025\2015年北京市高考数学试卷（文科）（原卷版）.doc"
"湖南","2015","理科数学","science","independent","湖南高考","2015年湖南高考理科数学试卷原卷版.pdf","湖南高考/2015年湖南高考理科数学试卷原卷版.pdf",""
"湖南","2015","政治","","independent","湖南高考","2015年湖南高考政治试卷原卷版.pdf","湖南高考/2015年湖南高考政治试卷原卷版.pdf","8. 北京高考政治2008-2025\2015年北京市高考政治试卷（原卷版）.doc"
"湖南","2016","文科数学","arts","independent","湖南高考","2016年湖南高考文科数学试卷原卷版.pdf","湖南高考/2016年湖南高考文科数学试卷原卷版.pdf","2. 北京高考数学2008-2025\2016年北京市高考数学试卷（文科）（原卷版）.doc"
"湖南","2016","理科数学","science","independent","湖南高考","2016年湖南高考理科数学试卷原卷版.pdf","湖南高考/2016年湖南高考理科数学试卷原卷版.pdf",""
"湖南","2016","政治","","independent","湖南高考","2016年湖南高考政治试卷原卷版.pdf","湖南高考/2016年湖南高考政治试卷原卷版.pdf","8. 北京高考政治2008-2025\2016年北京市高考政治试卷（原卷版）.doc"
"湖南","2017","文科数学","arts","independent","湖南高考","2017年湖南高考文科数学试卷原卷版.pdf","湖南高考/2017年湖南高考文科数学试卷原卷版.pdf","2. 北京高考数学2008-2025\2017年北京市高考数学试卷（文科）（原卷版）.doc"
"湖南","2017","理科数学","science","independent","湖南高考","2017年湖南高考理科数学试卷原卷版.pdf","湖南高考/2017年湖南高考理科数学试卷原卷版.pdf",""
"湖南","2017","政治","","independent","湖南高考","2017年湖南高考政治试卷原卷版.pdf","湖南高考/2017年湖南高考政治试卷原卷版.pdf","8. 北京高考政治2008-2025\2017年北京市高考政治试卷（原卷版）.doc"
"湖南","2018","文科数学","arts","independent","湖南高考","2018年湖南高考文科数学试卷原卷版.pdf","湖南高考/2018年湖南高考文科数学试卷原卷版.pdf","2. 北京高考数学2008-2025\2018年北京市高考数学试卷（文科）（原卷版）.doc"
"湖南","2018","理科数学","science","independent","湖南高考","2018年湖南高考理科数学试卷原卷版.pdf","湖南高考/2018年湖南高考理科数学试卷原卷版.pdf",""
"湖南","2018","政治","","independent","湖南高考","2018年湖南高考政治试卷原卷版.pdf","湖南高考/2018年湖南高考政治试卷原卷版.pdf","8. 北京高考政治2008-2025\2018年北京市高考政治试卷（原卷版）.doc"
"湖南","2019","文科数学","arts","independent","湖南高考","2019年湖南高考文科数学试卷原卷版.pdf","湖南高考/2019年湖南高考文科数学试卷原卷版.pdf","2. 北京高考数学2008-2025\2019年北京市高考数学试卷（文科）（原卷版）.doc"
"湖南","2019","理科数学","science","independent","湖南高考","2019年湖南高考理科数学试卷原卷版.pdf","湖南高考/2019年湖南高考理科数学试卷原卷版.pdf",""
"湖南","2019","政治","","independent","湖南高考","2019年湖南高考政治试卷原卷版.pdf","湖南高考/2019年湖南高考政治试卷原卷版.pdf","8. 北京高考政治2008-2025\2019年北京市高考政治试卷（原卷版）.doc"
"湖南","2020","文科数学","arts","independent","湖南高考","2020年湖南高考文科数学试卷原卷版.pdf","湖南高考/2020年湖南高考文科数学试卷原卷版.pdf","2. 北京高考数学2008-2025\2020年北京市高考数学试卷（原卷版）.doc"
"湖南","2020","理科数学","science","independent","湖南高考","2020年湖南高考理科数学试卷原卷版.pdf","湖南高考/2020年湖南高考理科数学试卷原卷版.pdf",""
"湖南","2020","政治","","independent","湖南高考","2020年湖南高考政治试卷原卷版.pdf","湖南高考/2020年湖南高考政治试卷原卷版.pdf","8. 北京高考政治2008-2025\2020年北京市高考政治试卷（原卷版）.doc"
"湖南","2021","数学","unified","new_gaokao_i","湖南高考","2021年湖南高考数学试卷原卷版.pdf","湖南高考/2021年湖南高考数学试卷原卷版.pdf","2. 北京高考数学2008-2025\2021年北京市高考数学试卷（原卷版）.docx"
"湖南","2021","政治","","independent","湖南高考","2021年湖南高考政治试卷原卷版.pdf","湖南高考/2021年湖南高考政治试卷原卷版.pdf","8. 北京高考政治2008-2025\.cache.2021年北京市高考政治试卷（原卷版）.pdf"
"湖南","2022","数学","unified","new_gaokao_i","湖南高考","2022年湖南高考数学试卷原卷版.pdf","湖南高考/2022年湖南高考数学试卷原卷版.pdf","2. 北京高考数学2008-2025\2022年新高考北京数学高考真题（原卷版）.docx"
"湖南","2022","政治","","independent","湖南高考","2022年湖南高考政治试卷原卷版.pdf","湖南高考/2022年湖南高考政治试卷原卷版.pdf","8. 北京高考政治2008-2025\2022年新高考北京政治高考真题（原卷版）.docx"
"湖南","2023","数学","unified","new_gaokao_i","湖南高考","2023年湖南高考数学试卷原卷版.pdf","湖南高考/2023年湖南高考数学试卷原卷版.pdf","2. 北京高考数学2008-2025\2023年北京高考数学真题（原卷版）.docx"
"湖南","2023","政治","","independent","湖南高考","2023年湖南高考政治试卷原卷版.pdf","湖南高考/2023年湖南高考政治试卷原卷版.pdf","8. 北京高考政治2008-2025\2023年高考北京政治真题（原卷版）.docx"
"湖南","2024","数学","unified","new_gaokao_i","湖南高考","2024年湖南高考数学试卷原卷版.pdf","湖南高考/2024年湖南高考数学试卷原卷版.pdf","2. 北京高考数学2008-2025\2024年北京高考数学真题（原卷版）.docx"
"湖南","2024","政治","","independent","湖南高考","2024年湖南高考政治试卷原卷版.pdf","湖南高考/2024年湖南高考政治试卷原卷版.pdf","8. 北京高考政治2008-2025\2024年北京高考政治试题（原卷版）.docx"
"湖南","2025","生物","","independent","湖南高考","2025年湖南高考生物试卷原卷版.pdf","湖南高考/2025年湖南高考生物试卷原卷版.pdf","6. 山东高考生物2008-2025\2025年高考山东生物-a4da867a284a.pdf"
"湖南","2025","化学","","independent","湖南高考","2025年湖南高考化学试卷原卷版.pdf","湖南高考/2025年湖南高考化学试卷原卷版.pdf","5. 山东高考化学2008-2025\2025年高考山东化学-146ab6b56543.pdf"
"湖南","2025","地理","","independent","湖南高考","2025年湖南高考地理试卷原卷版.pdf","湖南高考/2025年湖南高考地理试卷原卷版.pdf","9. 北京高考地理2008-2025\2025年北京高考地理真题（原卷版）.docx"
"湖南","2025","历史","","independent","湖南高考","2025年湖南高考历史试卷原卷版.pdf","湖南高考/2025年湖南高考历史试卷原卷版.pdf","7. 北京高考历史2008-2025\2025年北京高考历史真题（原卷版）.docx"
"湖南","2025","政治","","independent","湖南高考","2025年湖南高考政治试卷原卷版.pdf","湖南高考/2025年湖南高考政治试卷原卷版.pdf","8. 北京高考政治2008-2025\2025北京高考政治试题（原卷版）.docx"
"江苏","2008","文科数学","arts","independent","江苏高考","2008年江苏高考文科数学试卷原卷版.pdf","江苏高考/2008年江苏高考文科数学试卷原卷版.pdf","2. 北京高考数学2008-2025\2008年北京市高考数学试卷（文科）（原卷版）.doc"
"江苏","2008","理科数学","science","independent","江苏高考","2008年江苏高考理科数学试卷原卷版.pdf","江苏高考/2008年江苏高考理科数学试卷原卷版.pdf",""
"江苏","2008","政治","","independent","江苏高考","2008年江苏高考政治试卷原卷版.pdf","江苏高考/2008年江苏高考政治试卷原卷版.pdf","8. 北京高考政治2008-2025\2008年高考生物试卷（北京）（空白卷）.doc"
"江苏","2009","文科数学","arts","independent","江苏高考","2009年江苏高考文科数学试卷原卷版.pdf","江苏高考/2009年江苏高考文科数学试卷原卷版.pdf","2. 北京高考数学2008-2025\2009年北京市高考数学试卷（文科）（原卷版）.doc"
"江苏","2009","理科数学","science","independent","江苏高考","2009年江苏高考理科数学试卷原卷版.pdf","江苏高考/2009年江苏高考理科数学试卷原卷版.pdf",""
"江苏","2009","政治","","independent","江苏高考","2009年江苏高考政治试卷原卷版.pdf","江苏高考/2009年江苏高考政治试卷原卷版.pdf","8. 北京高考政治2008-2025\2009年北京市高考政治试卷（原卷版）.doc"
"江苏","2010","文科数学","arts","independent","江苏高考","2010年江苏高考文科数学试卷原卷版.pdf","江苏高考/2010年江苏高考文科数学试卷原卷版.pdf","2. 北京高考数学2008-2025\2010年北京市高考数学试卷（文科）（原卷版）.doc"
"江苏","2010","理科数学","science","independent","江苏高考","2010年江苏高考理科数学试卷原卷版.pdf","江苏高考/2010年江苏高考理科数学试卷原卷版.pdf",""
"江苏","2010","政治","","independent","江苏高考","2010年江苏高考政治试卷原卷版.pdf","江苏高考/2010年江苏高考政治试卷原卷版.pdf","8. 北京高考政治2008-2025\2010年北京市高考政治试卷（原卷版）.doc"
"江苏","2011","文科数学","arts","independent","江苏高考","2011年江苏高考文科数学试卷原卷版.pdf","江苏高考/2011年江苏高考文科数学试卷原卷版.pdf","2. 北京高考数学2008-2025\2011年北京市高考数学试卷（文科）（原卷版）.doc"
"江苏","2011","理科数学","science","independent","江苏高考","2011年江苏高考理科数学试卷原卷版.pdf","江苏高考/2011年江苏高考理科数学试卷原卷版.pdf",""
"江苏","2011","政治","","independent","江苏高考","2011年江苏高考政治试卷原卷版.pdf","江苏高考/2011年江苏高考政治试卷原卷版.pdf","8. 北京高考政治2008-2025\2011年北京市高考政治试卷（原卷版）.doc"
"江苏","2012","文科数学","arts","independent","江苏高考","2012年江苏高考文科数学试卷原卷版.pdf","江苏高考/2012年江苏高考文科数学试卷原卷版.pdf","2. 北京高考数学2008-2025\2012年北京市高考数学试卷（文科）（原卷版）.doc"
"江苏","2012","理科数学","science","independent","江苏高考","2012年江苏高考理科数学试卷原卷版.pdf","江苏高考/2012年江苏高考理科数学试卷原卷版.pdf",""
"江苏","2012","政治","","independent","江苏高考","2012年江苏高考政治试卷原卷版.pdf","江苏高考/2012年江苏高考政治试卷原卷版.pdf","8. 北京高考政治2008-2025\2012年北京市高考政治试卷（原卷版）.doc"
"江苏","2013","文科数学","arts","independent","江苏高考","2013年江苏高考文科数学试卷原卷版.pdf","江苏高考/2013年江苏高考文科数学试卷原卷版.pdf","2. 北京高考数学2008-2025\2013年北京市高考数学试卷（文科）（原卷版）.doc"
"江苏","2013","理科数学","science","independent","江苏高考","2013年江苏高考理科数学试卷原卷版.pdf","江苏高考/2013年江苏高考理科数学试卷原卷版.pdf",""
"江苏","2013","政治","","independent","江苏高考","2013年江苏高考政治试卷原卷版.pdf","江苏高考/2013年江苏高考政治试卷原卷版.pdf","8. 北京高考政治2008-2025\2013年北京市高考政治试卷（原卷版）.doc"
"江苏","2014","文科数学","arts","independent","江苏高考","2014年江苏高考文科数学试卷原卷版.pdf","江苏高考/2014年江苏高考文科数学试卷原卷版.pdf","2. 北京高考数学2008-2025\2014年北京市高考数学试卷（文科）（原卷版）.doc"
"江苏","2014","理科数学","science","independent","江苏高考","2014年江苏高考理科数学试卷原卷版.pdf","江苏高考/2014年江苏高考理科数学试卷原卷版.pdf",""
"江苏","2014","政治","","independent","江苏高考","2014年江苏高考政治试卷原卷版.pdf","江苏高考/2014年江苏高考政治试卷原卷版.pdf","8. 北京高考政治2008-2025\2014年北京市高考政治试卷（原卷版）.doc"
"江苏","2015","文科数学","arts","independent","江苏高考","2015年江苏高考文科数学试卷原卷版.pdf","江苏高考/2015年江苏高考文科数学试卷原卷版.pdf","2. 北京高考数学2008-2025\2015年北京市高考数学试卷（文科）（原卷版）.doc"
"江苏","2015","理科数学","science","independent","江苏高考","2015年江苏高考理科数学试卷原卷版.pdf","江苏高考/2015年江苏高考理科数学试卷原卷版.pdf",""
"江苏","2015","政治","","independent","江苏高考","2015年江苏高考政治试卷原卷版.pdf","江苏高考/2015年江苏高考政治试卷原卷版.pdf","8. 北京高考政治2008-2025\2015年北京市高考政治试卷（原卷版）.doc"
"江苏","2016","文科数学","arts","independent","江苏高考","2016年江苏高考文科数学试卷原卷版.pdf","江苏高考/2016年江苏高考文科数学试卷原卷版.pdf","2. 北京高考数学2008-2025\2016年北京市高考数学试卷（文科）（原卷版）.doc"
"江苏","2016","理科数学","science","independent","江苏高考","2016年江苏高考理科数学试卷原卷版.pdf","江苏高考/2016年江苏高考理科数学试卷原卷版.pdf",""
"江苏","2016","政治","","independent","江苏高考","2016年江苏高考政治试卷原卷版.pdf","江苏高考/2016年江苏高考政治试卷原卷版.pdf","8. 北京高考政治2008-2025\2016年北京市高考政治试卷（原卷版）.doc"
"江苏","2017","文科数学","arts","independent","江苏高考","2017年江苏高考文科数学试卷原卷版.pdf","江苏高考/2017年江苏高考文科数学试卷原卷版.pdf","2. 北京高考数学2008-2025\2017年北京市高考数学试卷（文科）（原卷版）.doc"
"江苏","2017","理科数学","science","independent","江苏高考","2017年江苏高考理科数学试卷原卷版.pdf","江苏高考/2017年江苏高考理科数学试卷原卷版.pdf",""
"江苏","2017","政治","","independent","江苏高考","2017年江苏高考政治试卷原卷版.pdf","江苏高考/2017年江苏高考政治试卷原卷版.pdf","8. 北京高考政治2008-2025\2017年北京市高考政治试卷（原卷版）.doc"
"江苏","2018","文科数学","arts","independent","江苏高考","2018年江苏高考文科数学试卷原卷版.pdf","江苏高考/2018年江苏高考文科数学试卷原卷版.pdf","2. 北京高考数学2008-2025\2018年北京市高考数学试卷（文科）（原卷版）.doc"
"江苏","2018","理科数学","science","independent","江苏高考","2018年江苏高考理科数学试卷原卷版.pdf","江苏高考/2018年江苏高考理科数学试卷原卷版.pdf",""
"江苏","2018","政治","","independent","江苏高考","2018年江苏高考政治试卷原卷版.pdf","江苏高考/2018年江苏高考政治试卷原卷版.pdf","8. 北京高考政治2008-2025\2018年北京市高考政治试卷（原卷版）.doc"
"江苏","2019","文科数学","arts","independent","江苏高考","2019年江苏高考文科数学试卷原卷版.pdf","江苏高考/2019年江苏高考文科数学试卷原卷版.pdf","2. 北京高考数学2008-2025\2019年北京市高考数学试卷（文科）（原卷版）.doc"
"江苏","2019","理科数学","science","independent","江苏高考","2019年江苏高考理科数学试卷原卷版.pdf","江苏高考/2019年江苏高考理科数学试卷原卷版.pdf",""
"江苏","2019","政治","","independent","江苏高考","2019年江苏高考政治试卷原卷版.pdf","江苏高考/2019年江苏高考政治试卷原卷版.pdf","8. 北京高考政治2008-2025\2019年北京市高考政治试卷（原卷版）.doc"
"江苏","2020","文科数学","arts","independent","江苏高考","2020年江苏高考文科数学试卷原卷版.pdf","江苏高考/2020年江苏高考文科数学试卷原卷版.pdf","2. 北京高考数学2008-2025\2020年北京市高考数学试卷（原卷版）.doc"
"江苏","2020","理科数学","science","independent","江苏高考","2020年江苏高考理科数学试卷原卷版.pdf","江苏高考/2020年江苏高考理科数学试卷原卷版.pdf",""
"江苏","2020","政治","","independent","江苏高考","2020年江苏高考政治试卷原卷版.pdf","江苏高考/2020年江苏高考政治试卷原卷版.pdf","8. 北京高考政治2008-2025\2020年北京市高考政治试卷（原卷版）.doc"
"江苏","2021","数学","unified","new_gaokao_i","江苏高考","2021年江苏高考数学试卷原卷版.pdf","江苏高考/2021年江苏高考数学试卷原卷版.pdf","2. 北京高考数学2008-2025\2021年北京市高考数学试卷（原卷版）.docx"
"江苏","2021","政治","","independent","江苏高考","2021年江苏高考政治试卷原卷版.pdf","江苏高考/2021年江苏高考政治试卷原卷版.pdf","8. 北京高考政治2008-2025\.cache.2021年北京市高考政治试卷（原卷版）.pdf"
"江苏","2022","数学","unified","new_gaokao_i","江苏高考","2022年江苏高考数学试卷原卷版.pdf","江苏高考/2022年江苏高考数学试卷原卷版.pdf","2. 北京高考数学2008-2025\2022年新高考北京数学高考真题（原卷版）.docx"
"江苏","2022","政治","","independent","江苏高考","2022年江苏高考政治试卷原卷版.pdf","江苏高考/2022年江苏高考政治试卷原卷版.pdf","8. 北京高考政治2008-2025\2022年新高考北京政治高考真题（原卷版）.docx"
"江苏","2023","数学","unified","new_gaokao_i","江苏高考","2023年江苏高考数学试卷原卷版.pdf","江苏高考/2023年江苏高考数学试卷原卷版.pdf","2. 北京高考数学2008-2025\2023年北京高考数学真题（原卷版）.docx"
"江苏","2023","政治","","independent","江苏高考","2023年江苏高考政治试卷原卷版.pdf","江苏高考/2023年江苏高考政治试卷原卷版.pdf","8. 北京高考政治2008-2025\2023年高考北京政治真题（原卷版）.docx"
"江苏","2024","生物","","independent","江苏高考","2024年江苏高考生物试卷原卷版.pdf","江苏高考/2024年江苏高考生物试卷原卷版.pdf","6. 山东高考生物2008-2025\2024年高考生物试卷（山东）（空白卷）.pdf"
"江苏","2024","地理","","independent","江苏高考","2024年江苏高考地理试卷原卷版.pdf","江苏高考/2024年江苏高考地理试卷原卷版.pdf","9. 山东高考地理2008-2025\2024年高考地理试卷（山东）（空白卷）.pdf"
"江苏","2024","数学","unified","new_gaokao_i","江苏高考","2024年江苏高考数学试卷原卷版.pdf","江苏高考/2024年江苏高考数学试卷原卷版.pdf","2. 北京高考数学2008-2025\2024年北京高考数学真题（原卷版）.docx"
"江苏","2024","政治","","independent","江苏高考","2024年江苏高考政治试卷原卷版.pdf","江苏高考/2024年江苏高考政治试卷原卷版.pdf","8. 北京高考政治2008-2025\2024年北京高考政治试题（原卷版）.docx"
"江西","2008","文科数学","arts","national_i","江西高考","2008年江西高考文科数学试卷原卷版.pdf","江西高考/2008年江西高考文科数学试卷原卷版.pdf","2. 北京高考数学2008-2025\2008年北京市高考数学试卷（文科）（原卷版）.doc"
"江西","2008","理科数学","science","national_i","江西高考","2008年江西高考理科数学试卷原卷版.pdf","江西高考/2008年江西高考理科数学试卷原卷版.pdf","2. 北京高考数学2008-2025/2008年北京高考数学试卷（理科）（原卷版）.doc"
"江西","2008","政治","","national_i","江西高考","2008年江西高考政治试卷原卷版.pdf","江西高考/2008年江西高考政治试卷原卷版.pdf","8. 北京高考政治2008-2025\2008年高考生物试卷（北京）（空白卷）.doc"
"江西","2009","文科数学","arts","national_i","江西高考","2009年江西高考文科数学试卷原卷版.pdf","江西高考/2009年江西高考文科数学试卷原卷版.pdf","2. 北京高考数学2008-2025\2009年北京市高考数学试卷（文科）（原卷版）.doc"
"江西","2009","理科数学","science","national_i","江西高考","2009年江西高考理科数学试卷原卷版.pdf","江西高考/2009年江西高考理科数学试卷原卷版.pdf","2. 北京高考数学2008-2025/2009年北京高考数学试卷（理科）（原卷版）.doc"
"江西","2009","政治","","national_i","江西高考","2009年江西高考政治试卷原卷版.pdf","江西高考/2009年江西高考政治试卷原卷版.pdf","8. 北京高考政治2008-2025\2009年北京市高考政治试卷（原卷版）.doc"
"江西","2010","文科数学","arts","national_i","江西高考","2010年江西高考文科数学试卷原卷版.pdf","江西高考/2010年江西高考文科数学试卷原卷版.pdf","2. 北京高考数学2008-2025\2010年北京市高考数学试卷（文科）（原卷版）.doc"
"江西","2010","理科数学","science","national_i","江西高考","2010年江西高考理科数学试卷原卷版.pdf","江西高考/2010年江西高考理科数学试卷原卷版.pdf","2. 北京高考数学2008-2025/2010年北京高考数学试卷（理科）（原卷版）.doc"
"江西","2010","政治","","national_i","江西高考","2010年江西高考政治试卷原卷版.pdf","江西高考/2010年江西高考政治试卷原卷版.pdf","8. 北京高考政治2008-2025\2010年北京市高考政治试卷（原卷版）.doc"
"江西","2011","文科数学","arts","national_i","江西高考","2011年江西高考文科数学试卷原卷版.pdf","江西高考/2011年江西高考文科数学试卷原卷版.pdf","2. 北京高考数学2008-2025\2011年北京市高考数学试卷（文科）（原卷版）.doc"
"江西","2011","理科数学","science","national_i","江西高考","2011年江西高考理科数学试卷原卷版.pdf","江西高考/2011年江西高考理科数学试卷原卷版.pdf","2. 北京高考数学2008-2025/2011年北京高考数学试卷（理科）（原卷版）.doc"
"江西","2011","政治","","national_i","江西高考","2011年江西高考政治试卷原卷版.pdf","江西高考/2011年江西高考政治试卷原卷版.pdf","8. 北京高考政治2008-2025\2011年北京市高考政治试卷（原卷版）.doc"
"江西","2012","文科数学","arts","national_i","江西高考","2012年江西高考文科数学试卷原卷版.pdf","江西高考/2012年江西高考文科数学试卷原卷版.pdf","2. 北京高考数学2008-2025\2012年北京市高考数学试卷（文科）（原卷版）.doc"
"江西","2012","理科数学","science","national_i","江西高考","2012年江西高考理科数学试卷原卷版.pdf","江西高考/2012年江西高考理科数学试卷原卷版.pdf","2. 北京高考数学2008-2025/2012年北京高考数学试卷（理科）（原卷版）.doc"
"江西","2012","政治","","national_i","江西高考","2012年江西高考政治试卷原卷版.pdf","江西高考/2012年江西高考政治试卷原卷版.pdf","8. 北京高考政治2008-2025\2012年北京市高考政治试卷（原卷版）.doc"
"江西","2013","文科数学","arts","national_i","江西高考","2013年江西高考文科数学试卷原卷版.pdf","江西高考/2013年江西高考文科数学试卷原卷版.pdf","2. 北京高考数学2008-2025\2013年北京市高考数学试卷（文科）（原卷版）.doc"
"江西","2013","理科数学","science","national_i","江西高考","2013年江西高考理科数学试卷原卷版.pdf","江西高考/2013年江西高考理科数学试卷原卷版.pdf","2. 北京高考数学2008-2025/2013年北京高考数学试卷（理科）（原卷版）.doc"
"江西","2013","政治","","national_i","江西高考","2013年江西高考政治试卷原卷版.pdf","江西高考/2013年江西高考政治试卷原卷版.pdf","8. 北京高考政治2008-2025\2013年北京市高考政治试卷（原卷版）.doc"
"江西","2014","文科数学","arts","national_i","江西高考","2014年江西高考文科数学试卷原卷版.pdf","江西高考/2014年江西高考文科数学试卷原卷版.pdf","2. 北京高考数学2008-2025\2014年北京市高考数学试卷（文科）（原卷版）.doc"
"江西","2014","理科数学","science","national_i","江西高考","2014年江西高考理科数学试卷原卷版.pdf","江西高考/2014年江西高考理科数学试卷原卷版.pdf","2. 北京高考数学2008-2025/2014年北京高考数学试卷（理科）（原卷版）.doc"
"江西","2014","政治","","national_i","江西高考","2014年江西高考政治试卷原卷版.pdf","江西高考/2014年江西高考政治试卷原卷版.pdf","8. 北京高考政治2008-2025\2014年北京市高考政治试卷（原卷版）.doc"
"江西","2015","文科数学","arts","national_i","江西高考","2015年江西高考文科数学试卷原卷版.pdf","江西高考/2015年江西高考文科数学试卷原卷版.pdf","2. 北京高考数学2008-2025\2015年北京市高考数学试卷（文科）（原卷版）.doc"
"江西","2015","理科数学","science","national_i","江西高考","2015年江西高考理科数学试卷原卷版.pdf","江西高考/2015年江西高考理科数学试卷原卷版.pdf","2. 北京高考数学2008-2025/2015年北京高考数学试卷（理科）（原卷版）.doc"
"江西","2015","政治","","national_i","江西高考","2015年江西高考政治试卷原卷版.pdf","江西高考/2015年江西高考政治试卷原卷版.pdf","8. 北京高考政治2008-2025\2015年北京市高考政治试卷（原卷版）.doc"
"江西","2016","文科数学","arts","national_i","江西高考","2016年江西高考文科数学试卷原卷版.pdf","江西高考/2016年江西高考文科数学试卷原卷版.pdf","2. 北京高考数学2008-2025\2016年北京市高考数学试卷（文科）（原卷版）.doc"
"江西","2016","理科数学","science","national_i","江西高考","2016年江西高考理科数学试卷原卷版.pdf","江西高考/2016年江西高考理科数学试卷原卷版.pdf","2. 北京高考数学2008-2025/2016年北京高考数学试卷（理科）（原卷版）.doc"
"江西","2016","政治","","national_i","江西高考","2016年江西高考政治试卷原卷版.pdf","江西高考/2016年江西高考政治试卷原卷版.pdf","8. 北京高考政治2008-2025\2016年北京市高考政治试卷（原卷版）.doc"
"江西","2017","文科数学","arts","national_i","江西高考","2017年江西高考文科数学试卷原卷版.pdf","江西高考/2017年江西高考文科数学试卷原卷版.pdf","2. 北京高考数学2008-2025\2017年北京市高考数学试卷（文科）（原卷版）.doc"
"江西","2017","理科数学","science","national_i","江西高考","2017年江西高考理科数学试卷原卷版.pdf","江西高考/2017年江西高考理科数学试卷原卷版.pdf","2. 北京高考数学2008-2025/2017年北京高考数学试卷（理科）（原卷版）.doc"
"江西","2017","政治","","national_i","江西高考","2017年江西高考政治试卷原卷版.pdf","江西高考/2017年江西高考政治试卷原卷版.pdf","8. 北京高考政治2008-2025\2017年北京市高考政治试卷（原卷版）.doc"
"江西","2018","文科数学","arts","national_i","江西高考","2018年江西高考文科数学试卷原卷版.pdf","江西高考/2018年江西高考文科数学试卷原卷版.pdf","2. 北京高考数学2008-2025\2018年北京市高考数学试卷（文科）（原卷版）.doc"
"江西","2018","理科数学","science","national_i","江西高考","2018年江西高考理科数学试卷原卷版.pdf","江西高考/2018年江西高考理科数学试卷原卷版.pdf","2. 北京高考数学2008-2025/2018年北京高考数学试卷（理科）（原卷版）.doc"
"江西","2018","政治","","national_i","江西高考","2018年江西高考政治试卷原卷版.pdf","江西高考/2018年江西高考政治试卷原卷版.pdf","8. 北京高考政治2008-2025\2018年北京市高考政治试卷（原卷版）.doc"
"江西","2019","文科数学","arts","national_i","江西高考","2019年江西高考文科数学试卷原卷版.pdf","江西高考/2019年江西高考文科数学试卷原卷版.pdf","2. 北京高考数学2008-2025\2019年北京市高考数学试卷（文科）（原卷版）.doc"
"江西","2019","理科数学","science","national_i","江西高考","2019年江西高考理科数学试卷原卷版.pdf","江西高考/2019年江西高考理科数学试卷原卷版.pdf","2. 北京高考数学2008-2025/2019年北京高考数学试卷（理科）（原卷版）.doc"
"江西","2019","政治","","national_i","江西高考","2019年江西高考政治试卷原卷版.pdf","江西高考/2019年江西高考政治试卷原卷版.pdf","8. 北京高考政治2008-2025\2019年北京市高考政治试卷（原卷版）.doc"
"江西","2020","文科数学","arts","national_i","江西高考","2020年江西高考文科数学试卷原卷版.pdf","江西高考/2020年江西高考文科数学试卷原卷版.pdf","2. 北京高考数学2008-2025\2020年北京市高考数学试卷（原卷版）.doc"
"江西","2020","理科数学","science","national_i","江西高考","2020年江西高考理科数学试卷原卷版.pdf","江西高考/2020年江西高考理科数学试卷原卷版.pdf",""
"江西","2020","政治","","national_i","江西高考","2020年江西高考政治试卷原卷版.pdf","江西高考/2020年江西高考政治试卷原卷版.pdf","8. 北京高考政治2008-2025\2020年北京市高考政治试卷（原卷版）.doc"
"江西","2021","文科数学","arts","national_i","江西高考","2021年江西高考文科数学试卷原卷版.pdf","江西高考/2021年江西高考文科数学试卷原卷版.pdf","2. 北京高考数学2008-2025\2021年北京市高考数学试卷（原卷版）.docx"
"江西","2021","理科数学","science","national_i","江西高考","2021年江西高考理科数学试卷原卷版.pdf","江西高考/2021年江西高考理科数学试卷原卷版.pdf",""
"江西","2021","政治","","national_i","江西高考","2021年江西高考政治试卷原卷版.pdf","江西高考/2021年江西高考政治试卷原卷版.pdf","8. 北京高考政治2008-2025\.cache.2021年北京市高考政治试卷（原卷版）.pdf"
"江西","2022","文科数学","arts","national_b","江西高考","2022年江西高考文科数学试卷原卷版.pdf","江西高考/2022年江西高考文科数学试卷原卷版.pdf","2. 北京高考数学2008-2025\2022年新高考北京数学高考真题（原卷版）.docx"
"江西","2022","理科数学","science","national_b","江西高考","2022年江西高考理科数学试卷原卷版.pdf","江西高考/2022年江西高考理科数学试卷原卷版.pdf",""
"江西","2022","政治","","national_b","江西高考","2022年江西高考政治试卷原卷版.pdf","江西高考/2022年江西高考政治试卷原卷版.pdf","8. 北京高考政治2008-2025\2022年新高考北京政治高考真题（原卷版）.docx"
"江西","2023","文科数学","arts","national_b","江西高考","2023年江西高考文科数学试卷原卷版.pdf","江西高考/2023年江西高考文科数学试卷原卷版.pdf","2. 北京高考数学2008-2025\2023年北京高考数学真题（原卷版）.docx"
"江西","2023","理科数学","science","national_b","江西高考","2023年江西高考理科数学试卷原卷版.pdf","江西高考/2023年江西高考理科数学试卷原卷版.pdf",""
"江西","2023","政治","","national_b","江西高考","2023年江西高考政治试卷原卷版.pdf","江西高考/2023年江西高考政治试卷原卷版.pdf","8. 北京高考政治2008-2025\2023年高考北京政治真题（原卷版）.docx"
"江西","2024","化学","","independent","江西高考","2024年江西高考化学试卷原卷版.pdf","江西高考/2024年江西高考化学试卷原卷版.pdf","5. 山东高考化学2008-2025\2024年高考化学试卷（山东）（空白卷）.pdf"
"江西","2024","历史","","independent","江西高考","2024年江西高考历史试卷原卷版.pdf","江西高考/2024年江西高考历史试卷原卷版.pdf","7. 山东高考历史2008-2025\2024年高考历史试卷（山东）（空白卷）.pdf"
"江西","2024","数学","unified","new_gaokao_i","江西高考","2024年江西高考数学试卷原卷版.pdf","江西高考/2024年江西高考数学试卷原卷版.pdf","2. 北京高考数学2008-2025\2024年北京高考数学真题（原卷版）.docx"
"江西","2024","政治","","independent","江西高考","2024年江西高考政治试卷原卷版.pdf","江西高考/2024年江西高考政治试卷原卷版.pdf","8. 北京高考政治2008-2025\2024年北京高考政治试题（原卷版）.docx"
"江西","2025","生物","","independent","江西高考","2025年江西高考生物试卷原卷版.pdf","江西高考/2025年江西高考生物试卷原卷版.pdf","6. 山东高考生物2008-2025/2025年山东高考生物试卷（原卷版）.pdf"
"江西","2025","化学","","independent","江西高考","2025年江西高考化学试卷原卷版.pdf","江西高考/2025年江西高考化学试卷原卷版.pdf","5. 山东高考化学2008-2025\2025年高考山东化学-146ab6b56543.pdf"
"江西","2025","地理","","independent","江西高考","2025年江西高考地理试卷原卷版.pdf","江西高考/2025年江西高考地理试卷原卷版.pdf","9. 北京高考地理2008-2025\2025年北京高考地理真题（原卷版）.docx"
"江西","2025","历史","","independent","江西高考","2025年江西高考历史试卷原卷版.pdf","江西高考/2025年江西高考历史试卷原卷版.pdf","7. 北京高考历史2008-2025\2025年北京高考历史真题（原卷版）.docx"
"江西","2025","数学","unified","new_gaokao_i","江西高考","2025年江西高考数学试卷原卷版.pdf","江西高考/2025年江西高考数学试卷原卷版.pdf","2. 山东高考数学2008-2025/2025年新高考I卷高考数学试卷（答案版）.pdf"
"江西","2025","政治","","independent","江西高考","2025年江西高考政治试卷原卷版.pdf","江西高考/2025年江西高考政治试卷原卷版.pdf","8. 北京高考政治2008-2025\2025北京高考政治试题（原卷版）.docx"
"吉林","2008","文科数学","arts","national_ii","吉林高考","2008年吉林高考文科数学试卷原卷版.pdf","吉林高考/2008年吉林高考文科数学试卷原卷版.pdf","2. 北京高考数学2008-2025\2008年北京市高考数学试卷（文科）（原卷版）.doc"
"吉林","2008","理科数学","science","national_ii","吉林高考","2008年吉林高考理科数学试卷原卷版.pdf","吉林高考/2008年吉林高考理科数学试卷原卷版.pdf","2. 北京高考数学2008-2025/2008年北京高考数学试卷（理科）（原卷版）.doc"
"吉林","2008","政治","","national_ii","吉林高考","2008年吉林高考政治试卷原卷版.pdf","吉林高考/2008年吉林高考政治试卷原卷版.pdf","8. 北京高考政治2008-2025\2008年高考生物试卷（北京）（空白卷）.doc"
"吉林","2009","文科数学","arts","national_ii","吉林高考","2009年吉林高考文科数学试卷原卷版.pdf","吉林高考/2009年吉林高考文科数学试卷原卷版.pdf","2. 北京高考数学2008-2025\2009年北京市高考数学试卷（文科）（原卷版）.doc"
"吉林","2009","理科数学","science","national_ii","吉林高考","2009年吉林高考理科数学试卷原卷版.pdf","吉林高考/2009年吉林高考理科数学试卷原卷版.pdf","2. 北京高考数学2008-2025/2009年北京高考数学试卷（理科）（原卷版）.doc"
"吉林","2009","政治","","national_ii","吉林高考","2009年吉林高考政治试卷原卷版.pdf","吉林高考/2009年吉林高考政治试卷原卷版.pdf","8. 北京高考政治2008-2025\2009年北京市高考政治试卷（原卷版）.doc"
"吉林","2010","文科数学","arts","national_ii","吉林高考","2010年吉林高考文科数学试卷原卷版.pdf","吉林高考/2010年吉林高考文科数学试卷原卷版.pdf","2. 北京高考数学2008-2025\2010年北京市高考数学试卷（文科）（原卷版）.doc"
"吉林","2010","理科数学","science","national_ii","吉林高考","2010年吉林高考理科数学试卷原卷版.pdf","吉林高考/2010年吉林高考理科数学试卷原卷版.pdf","2. 北京高考数学2008-2025/2010年北京高考数学试卷（理科）（原卷版）.doc"
"吉林","2010","政治","","national_ii","吉林高考","2010年吉林高考政治试卷原卷版.pdf","吉林高考/2010年吉林高考政治试卷原卷版.pdf","8. 北京高考政治2008-2025\2010年北京市高考政治试卷（原卷版）.doc"
"吉林","2011","文科数学","arts","national_ii","吉林高考","2011年吉林高考文科数学试卷原卷版.pdf","吉林高考/2011年吉林高考文科数学试卷原卷版.pdf","2. 北京高考数学2008-2025\2011年北京市高考数学试卷（文科）（原卷版）.doc"
"吉林","2011","理科数学","science","national_ii","吉林高考","2011年吉林高考理科数学试卷原卷版.pdf","吉林高考/2011年吉林高考理科数学试卷原卷版.pdf","2. 北京高考数学2008-2025/2011年北京高考数学试卷（理科）（原卷版）.doc"
"吉林","2011","政治","","national_ii","吉林高考","2011年吉林高考政治试卷原卷版.pdf","吉林高考/2011年吉林高考政治试卷原卷版.pdf","8. 北京高考政治2008-2025\2011年北京市高考政治试卷（原卷版）.doc"
"吉林","2012","文科数学","arts","national_ii","吉林高考","2012年吉林高考文科数学试卷原卷版.pdf","吉林高考/2012年吉林高考文科数学试卷原卷版.pdf","2. 北京高考数学2008-2025\2012年北京市高考数学试卷（文科）（原卷版）.doc"
"吉林","2012","理科数学","science","national_ii","吉林高考","2012年吉林高考理科数学试卷原卷版.pdf","吉林高考/2012年吉林高考理科数学试卷原卷版.pdf","2. 北京高考数学2008-2025/2012年北京高考数学试卷（理科）（原卷版）.doc"
"吉林","2012","政治","","national_ii","吉林高考","2012年吉林高考政治试卷原卷版.pdf","吉林高考/2012年吉林高考政治试卷原卷版.pdf","8. 北京高考政治2008-2025\2012年北京市高考政治试卷（原卷版）.doc"
"吉林","2013","文科数学","arts","national_ii","吉林高考","2013年吉林高考文科数学试卷原卷版.pdf","吉林高考/2013年吉林高考文科数学试卷原卷版.pdf","2. 北京高考数学2008-2025\2013年北京市高考数学试卷（文科）（原卷版）.doc"
"吉林","2013","理科数学","science","national_ii","吉林高考","2013年吉林高考理科数学试卷原卷版.pdf","吉林高考/2013年吉林高考理科数学试卷原卷版.pdf","2. 北京高考数学2008-2025/2013年北京高考数学试卷（理科）（原卷版）.doc"
"吉林","2013","政治","","national_ii","吉林高考","2013年吉林高考政治试卷原卷版.pdf","吉林高考/2013年吉林高考政治试卷原卷版.pdf","8. 北京高考政治2008-2025\2013年北京市高考政治试卷（原卷版）.doc"
"吉林","2014","文科数学","arts","national_ii","吉林高考","2014年吉林高考文科数学试卷原卷版.pdf","吉林高考/2014年吉林高考文科数学试卷原卷版.pdf","2. 北京高考数学2008-2025\2014年北京市高考数学试卷（文科）（原卷版）.doc"
"吉林","2014","理科数学","science","national_ii","吉林高考","2014年吉林高考理科数学试卷原卷版.pdf","吉林高考/2014年吉林高考理科数学试卷原卷版.pdf","2. 北京高考数学2008-2025/2014年北京高考数学试卷（理科）（原卷版）.doc"
"吉林","2014","政治","","national_ii","吉林高考","2014年吉林高考政治试卷原卷版.pdf","吉林高考/2014年吉林高考政治试卷原卷版.pdf","8. 北京高考政治2008-2025\2014年北京市高考政治试卷（原卷版）.doc"
"吉林","2015","文科数学","arts","national_ii","吉林高考","2015年吉林高考文科数学试卷原卷版.pdf","吉林高考/2015年吉林高考文科数学试卷原卷版.pdf","2. 北京高考数学2008-2025\2015年北京市高考数学试卷（文科）（原卷版）.doc"
"吉林","2015","理科数学","science","national_ii","吉林高考","2015年吉林高考理科数学试卷原卷版.pdf","吉林高考/2015年吉林高考理科数学试卷原卷版.pdf","2. 北京高考数学2008-2025/2015年北京高考数学试卷（理科）（原卷版）.doc"
"吉林","2015","政治","","national_ii","吉林高考","2015年吉林高考政治试卷原卷版.pdf","吉林高考/2015年吉林高考政治试卷原卷版.pdf","8. 北京高考政治2008-2025\2015年北京市高考政治试卷（原卷版）.doc"
"吉林","2016","文科数学","arts","national_ii","吉林高考","2016年吉林高考文科数学试卷原卷版.pdf","吉林高考/2016年吉林高考文科数学试卷原卷版.pdf","2. 北京高考数学2008-2025\2016年北京市高考数学试卷（文科）（原卷版）.doc"
"吉林","2016","理科数学","science","national_ii","吉林高考","2016年吉林高考理科数学试卷原卷版.pdf","吉林高考/2016年吉林高考理科数学试卷原卷版.pdf","2. 北京高考数学2008-2025/2016年北京高考数学试卷（理科）（原卷版）.doc"
"吉林","2016","政治","","national_ii","吉林高考","2016年吉林高考政治试卷原卷版.pdf","吉林高考/2016年吉林高考政治试卷原卷版.pdf","8. 北京高考政治2008-2025\2016年北京市高考政治试卷（原卷版）.doc"
"吉林","2017","文科数学","arts","national_ii","吉林高考","2017年吉林高考文科数学试卷原卷版.pdf","吉林高考/2017年吉林高考文科数学试卷原卷版.pdf","2. 北京高考数学2008-2025\2017年北京市高考数学试卷（文科）（原卷版）.doc"
"吉林","2017","理科数学","science","national_ii","吉林高考","2017年吉林高考理科数学试卷原卷版.pdf","吉林高考/2017年吉林高考理科数学试卷原卷版.pdf","2. 北京高考数学2008-2025/2017年北京高考数学试卷（理科）（原卷版）.doc"
"吉林","2017","政治","","national_ii","吉林高考","2017年吉林高考政治试卷原卷版.pdf","吉林高考/2017年吉林高考政治试卷原卷版.pdf","8. 北京高考政治2008-2025\2017年北京市高考政治试卷（原卷版）.doc"
"吉林","2018","文科数学","arts","national_ii","吉林高考","2018年吉林高考文科数学试卷原卷版.pdf","吉林高考/2018年吉林高考文科数学试卷原卷版.pdf","2. 北京高考数学2008-2025\2018年北京市高考数学试卷（文科）（原卷版）.doc"
"吉林","2018","理科数学","science","national_ii","吉林高考","2018年吉林高考理科数学试卷原卷版.pdf","吉林高考/2018年吉林高考理科数学试卷原卷版.pdf","2. 北京高考数学2008-2025/2018年北京高考数学试卷（理科）（原卷版）.doc"
"吉林","2018","政治","","national_ii","吉林高考","2018年吉林高考政治试卷原卷版.pdf","吉林高考/2018年吉林高考政治试卷原卷版.pdf","8. 北京高考政治2008-2025\2018年北京市高考政治试卷（原卷版）.doc"
"吉林","2019","文科数学","arts","national_ii","吉林高考","2019年吉林高考文科数学试卷原卷版.pdf","吉林高考/2019年吉林高考文科数学试卷原卷版.pdf","2. 北京高考数学2008-2025\2019年北京市高考数学试卷（文科）（原卷版）.doc"
"吉林","2019","理科数学","science","national_ii","吉林高考","2019年吉林高考理科数学试卷原卷版.pdf","吉林高考/2019年吉林高考理科数学试卷原卷版.pdf","2. 北京高考数学2008-2025/2019年北京高考数学试卷（理科）（原卷版）.doc"
"吉林","2019","政治","","national_ii","吉林高考","2019年吉林高考政治试卷原卷版.pdf","吉林高考/2019年吉林高考政治试卷原卷版.pdf","8. 北京高考政治2008-2025\2019年北京市高考政治试卷（原卷版）.doc"
"吉林","2020","文科数学","arts","national_ii","吉林高考","2020年吉林高考文科数学试卷原卷版.pdf","吉林高考/2020年吉林高考文科数学试卷原卷版.pdf","2. 北京高考数学2008-2025\2020年北京市高考数学试卷（原卷版）.doc"
"吉林","2020","理科数学","science","national_ii","吉林高考","2020年吉林高考理科数学试卷原卷版.pdf","吉林高考/2020年吉林高考理科数学试卷原卷版.pdf",""
"吉林","2020","政治","","national_ii","吉林高考","2020年吉林高考政治试卷原卷版.pdf","吉林高考/2020年吉林高考政治试卷原卷版.pdf","8. 北京高考政治2008-2025\2020年北京市高考政治试卷（原卷版）.doc"
"吉林","2021","文科数学","arts","national_ii","吉林高考","2021年吉林高考文科数学试卷原卷版.pdf","吉林高考/2021年吉林高考文科数学试卷原卷版.pdf","2. 北京高考数学2008-2025\2021年北京市高考数学试卷（原卷版）.docx"
"吉林","2021","理科数学","science","national_ii","吉林高考","2021年吉林高考理科数学试卷原卷版.pdf","吉林高考/2021年吉林高考理科数学试卷原卷版.pdf",""
"吉林","2021","政治","","national_ii","吉林高考","2021年吉林高考政治试卷原卷版.pdf","吉林高考/2021年吉林高考政治试卷原卷版.pdf","8. 北京高考政治2008-2025\.cache.2021年北京市高考政治试卷（原卷版）.pdf"
"吉林","2022","文科数学","arts","national_b","吉林高考","2022年吉林高考文科数学试卷原卷版.pdf","吉林高考/2022年吉林高考文科数学试卷原卷版.pdf","2. 北京高考数学2008-2025\2022年新高考北京数学高考真题（原卷版）.docx"
"吉林","2022","理科数学","science","national_b","吉林高考","2022年吉林高考理科数学试卷原卷版.pdf","吉林高考/2022年吉林高考理科数学试卷原卷版.pdf",""
"吉林","2022","政治","","national_b","吉林高考","2022年吉林高考政治试卷原卷版.pdf","吉林高考/2022年吉林高考政治试卷原卷版.pdf","8. 北京高考政治2008-2025\2022年新高考北京政治高考真题（原卷版）.docx"
"吉林","2023","文科数学","arts","national_b","吉林高考","2023年吉林高考文科数学试卷原卷版.pdf","吉林高考/2023年吉林高考文科数学试卷原卷版.pdf","2. 北京高考数学2008-2025\2023年北京高考数学真题（原卷版）.docx"
"吉林","2023","理科数学","science","national_b","吉林高考","2023年吉林高考理科数学试卷原卷版.pdf","吉林高考/2023年吉林高考理科数学试卷原卷版.pdf",""
"吉林","2023","政治","","national_b","吉林高考","2023年吉林高考政治试卷原卷版.pdf","吉林高考/2023年吉林高考政治试卷原卷版.pdf","8. 北京高考政治2008-2025\2023年高考北京政治真题（原卷版）.docx"
"吉林","2024","数学","unified","new_gaokao_ii","吉林高考","2024年吉林高考数学试卷原卷版.pdf","吉林高考/2024年吉林高考数学试卷原卷版.pdf","2. 北京高考数学2008-2025\2024年北京高考数学真题（原卷版）.docx"
"吉林","2024","政治","","independent","吉林高考","2024年吉林高考政治试卷原卷版.pdf","吉林高考/2024年吉林高考政治试卷原卷版.pdf","8. 北京高考政治2008-2025\2024年北京高考政治试题（原卷版）.docx"
"吉林","2025","生物","","independent","吉林高考","2025年吉林高考生物试卷原卷版.pdf","吉林高考/2025年吉林高考生物试卷原卷版.pdf","6. 北京高考生物2008-2025\.cache.2025高考北京卷生物真题试卷（原卷版）.pdf"
"吉林","2025","地理","","independent","吉林高考","2025年吉林高考地理试卷原卷版.pdf","吉林高考/2025年吉林高考地理试卷原卷版.pdf","9. 北京高考地理2008-2025\2025年北京高考地理真题（原卷版）.docx"
"吉林","2025","历史","","independent","吉林高考","2025年吉林高考历史试卷原卷版.pdf","吉林高考/2025年吉林高考历史试卷原卷版.pdf","7. 北京高考历史2008-2025\2025年北京高考历史真题（原卷版）.docx"
"吉林","2025","政治","","independent","吉林高考","2025年吉林高考政治试卷原卷版.pdf","吉林高考/2025年吉林高考政治试卷原卷版.pdf","8. 北京高考政治2008-2025\2025北京高考政治试题（原卷版）.docx"
"辽宁","2008","文科数学","arts","national_ii","辽宁高考","2008年辽宁高考文科数学试卷原卷版.pdf","辽宁高考/2008年辽宁高考文科数学试卷原卷版.pdf","2. 北京高考数学2008-2025\2008年北京市高考数学试卷（文科）（原卷版）.doc"
"辽宁","2008","理科数学","science","national_ii","辽宁高考","2008年辽宁高考理科数学试卷原卷版.pdf","辽宁高考/2008年辽宁高考理科数学试卷原卷版.pdf","2. 北京高考数学2008-2025/2008年北京高考数学试卷（理科）（原卷版）.doc"
"辽宁","2008","政治","","national_ii","辽宁高考","2008年辽宁高考政治试卷原卷版.pdf","辽宁高考/2008年辽宁高考政治试卷原卷版.pdf","8. 北京高考政治2008-2025\2008年高考生物试卷（北京）（空白卷）.doc"
"辽宁","2009","文科数学","arts","national_ii","辽宁高考","2009年辽宁高考文科数学试卷原卷版.pdf","辽宁高考/2009年辽宁高考文科数学试卷原卷版.pdf","2. 北京高考数学2008-2025\2009年北京市高考数学试卷（文科）（原卷版）.doc"
"辽宁","2009","理科数学","science","national_ii","辽宁高考","2009年辽宁高考理科数学试卷原卷版.pdf","辽宁高考/2009年辽宁高考理科数学试卷原卷版.pdf","2. 北京高考数学2008-2025/2009年北京高考数学试卷（理科）（原卷版）.doc"
"辽宁","2009","政治","","national_ii","辽宁高考","2009年辽宁高考政治试卷原卷版.pdf","辽宁高考/2009年辽宁高考政治试卷原卷版.pdf","8. 北京高考政治2008-2025\2009年北京市高考政治试卷（原卷版）.doc"
"辽宁","2010","文科数学","arts","national_ii","辽宁高考","2010年辽宁高考文科数学试卷原卷版.pdf","辽宁高考/2010年辽宁高考文科数学试卷原卷版.pdf","2. 北京高考数学2008-2025\2010年北京市高考数学试卷（文科）（原卷版）.doc"
"辽宁","2010","理科数学","science","national_ii","辽宁高考","2010年辽宁高考理科数学试卷原卷版.pdf","辽宁高考/2010年辽宁高考理科数学试卷原卷版.pdf","2. 北京高考数学2008-2025/2010年北京高考数学试卷（理科）（原卷版）.doc"
"辽宁","2010","政治","","national_ii","辽宁高考","2010年辽宁高考政治试卷原卷版.pdf","辽宁高考/2010年辽宁高考政治试卷原卷版.pdf","8. 北京高考政治2008-2025\2010年北京市高考政治试卷（原卷版）.doc"
"辽宁","2011","文科数学","arts","national_ii","辽宁高考","2011年辽宁高考文科数学试卷原卷版.pdf","辽宁高考/2011年辽宁高考文科数学试卷原卷版.pdf","2. 北京高考数学2008-2025\2011年北京市高考数学试卷（文科）（原卷版）.doc"
"辽宁","2011","理科数学","science","national_ii","辽宁高考","2011年辽宁高考理科数学试卷原卷版.pdf","辽宁高考/2011年辽宁高考理科数学试卷原卷版.pdf","2. 北京高考数学2008-2025/2011年北京高考数学试卷（理科）（原卷版）.doc"
"辽宁","2011","政治","","national_ii","辽宁高考","2011年辽宁高考政治试卷原卷版.pdf","辽宁高考/2011年辽宁高考政治试卷原卷版.pdf","8. 北京高考政治2008-2025\2011年北京市高考政治试卷（原卷版）.doc"
"辽宁","2012","文科数学","arts","national_ii","辽宁高考","2012年辽宁高考文科数学试卷原卷版.pdf","辽宁高考/2012年辽宁高考文科数学试卷原卷版.pdf","2. 北京高考数学2008-2025\2012年北京市高考数学试卷（文科）（原卷版）.doc"
"辽宁","2012","理科数学","science","national_ii","辽宁高考","2012年辽宁高考理科数学试卷原卷版.pdf","辽宁高考/2012年辽宁高考理科数学试卷原卷版.pdf","2. 北京高考数学2008-2025/2012年北京高考数学试卷（理科）（原卷版）.doc"
"辽宁","2012","政治","","national_ii","辽宁高考","2012年辽宁高考政治试卷原卷版.pdf","辽宁高考/2012年辽宁高考政治试卷原卷版.pdf","8. 北京高考政治2008-2025\2012年北京市高考政治试卷（原卷版）.doc"
"辽宁","2013","文科数学","arts","national_ii","辽宁高考","2013年辽宁高考文科数学试卷原卷版.pdf","辽宁高考/2013年辽宁高考文科数学试卷原卷版.pdf","2. 北京高考数学2008-2025\2013年北京市高考数学试卷（文科）（原卷版）.doc"
"辽宁","2013","理科数学","science","national_ii","辽宁高考","2013年辽宁高考理科数学试卷原卷版.pdf","辽宁高考/2013年辽宁高考理科数学试卷原卷版.pdf","2. 北京高考数学2008-2025/2013年北京高考数学试卷（理科）（原卷版）.doc"
"辽宁","2013","政治","","national_ii","辽宁高考","2013年辽宁高考政治试卷原卷版.pdf","辽宁高考/2013年辽宁高考政治试卷原卷版.pdf","8. 北京高考政治2008-2025\2013年北京市高考政治试卷（原卷版）.doc"
"辽宁","2014","文科数学","arts","national_ii","辽宁高考","2014年辽宁高考文科数学试卷原卷版.pdf","辽宁高考/2014年辽宁高考文科数学试卷原卷版.pdf","2. 北京高考数学2008-2025\2014年北京市高考数学试卷（文科）（原卷版）.doc"
"辽宁","2014","理科数学","science","national_ii","辽宁高考","2014年辽宁高考理科数学试卷原卷版.pdf","辽宁高考/2014年辽宁高考理科数学试卷原卷版.pdf","2. 北京高考数学2008-2025/2014年北京高考数学试卷（理科）（原卷版）.doc"
"辽宁","2014","政治","","national_ii","辽宁高考","2014年辽宁高考政治试卷原卷版.pdf","辽宁高考/2014年辽宁高考政治试卷原卷版.pdf","8. 北京高考政治2008-2025\2014年北京市高考政治试卷（原卷版）.doc"
"辽宁","2015","文科数学","arts","national_ii","辽宁高考","2015年辽宁高考文科数学试卷原卷版.pdf","辽宁高考/2015年辽宁高考文科数学试卷原卷版.pdf","2. 北京高考数学2008-2025\2015年北京市高考数学试卷（文科）（原卷版）.doc"
"辽宁","2015","理科数学","science","national_ii","辽宁高考","2015年辽宁高考理科数学试卷原卷版.pdf","辽宁高考/2015年辽宁高考理科数学试卷原卷版.pdf","2. 北京高考数学2008-2025/2015年北京高考数学试卷（理科）（原卷版）.doc"
"辽宁","2015","政治","","national_ii","辽宁高考","2015年辽宁高考政治试卷原卷版.pdf","辽宁高考/2015年辽宁高考政治试卷原卷版.pdf","8. 北京高考政治2008-2025\2015年北京市高考政治试卷（原卷版）.doc"
"辽宁","2016","文科数学","arts","national_ii","辽宁高考","2016年辽宁高考文科数学试卷原卷版.pdf","辽宁高考/2016年辽宁高考文科数学试卷原卷版.pdf","2. 北京高考数学2008-2025\2016年北京市高考数学试卷（文科）（原卷版）.doc"
"辽宁","2016","理科数学","science","national_ii","辽宁高考","2016年辽宁高考理科数学试卷原卷版.pdf","辽宁高考/2016年辽宁高考理科数学试卷原卷版.pdf","2. 北京高考数学2008-2025/2016年北京高考数学试卷（理科）（原卷版）.doc"
"辽宁","2016","政治","","national_ii","辽宁高考","2016年辽宁高考政治试卷原卷版.pdf","辽宁高考/2016年辽宁高考政治试卷原卷版.pdf","8. 北京高考政治2008-2025\2016年北京市高考政治试卷（原卷版）.doc"
"辽宁","2017","文科数学","arts","national_ii","辽宁高考","2017年辽宁高考文科数学试卷原卷版.pdf","辽宁高考/2017年辽宁高考文科数学试卷原卷版.pdf","2. 北京高考数学2008-2025\2017年北京市高考数学试卷（文科）（原卷版）.doc"
"辽宁","2017","理科数学","science","national_ii","辽宁高考","2017年辽宁高考理科数学试卷原卷版.pdf","辽宁高考/2017年辽宁高考理科数学试卷原卷版.pdf","2. 北京高考数学2008-2025/2017年北京高考数学试卷（理科）（原卷版）.doc"
"辽宁","2017","政治","","national_ii","辽宁高考","2017年辽宁高考政治试卷原卷版.pdf","辽宁高考/2017年辽宁高考政治试卷原卷版.pdf","8. 北京高考政治2008-2025\2017年北京市高考政治试卷（原卷版）.doc"
"辽宁","2018","文科数学","arts","national_ii","辽宁高考","2018年辽宁高考文科数学试卷原卷版.pdf","辽宁高考/2018年辽宁高考文科数学试卷原卷版.pdf","2. 北京高考数学2008-2025\2018年北京市高考数学试卷（文科）（原卷版）.doc"
"辽宁","2018","理科数学","science","national_ii","辽宁高考","2018年辽宁高考理科数学试卷原卷版.pdf","辽宁高考/2018年辽宁高考理科数学试卷原卷版.pdf","2. 北京高考数学2008-2025/2018年北京高考数学试卷（理科）（原卷版）.doc"
"辽宁","2018","政治","","national_ii","辽宁高考","2018年辽宁高考政治试卷原卷版.pdf","辽宁高考/2018年辽宁高考政治试卷原卷版.pdf","8. 北京高考政治2008-2025\2018年北京市高考政治试卷（原卷版）.doc"
"辽宁","2019","文科数学","arts","national_ii","辽宁高考","2019年辽宁高考文科数学试卷原卷版.pdf","辽宁高考/2019年辽宁高考文科数学试卷原卷版.pdf","2. 北京高考数学2008-2025\2019年北京市高考数学试卷（文科）（原卷版）.doc"
"辽宁","2019","理科数学","science","national_ii","辽宁高考","2019年辽宁高考理科数学试卷原卷版.pdf","辽宁高考/2019年辽宁高考理科数学试卷原卷版.pdf","2. 北京高考数学2008-2025/2019年北京高考数学试卷（理科）（原卷版）.doc"
"辽宁","2019","政治","","national_ii","辽宁高考","2019年辽宁高考政治试卷原卷版.pdf","辽宁高考/2019年辽宁高考政治试卷原卷版.pdf","8. 北京高考政治2008-2025\2019年北京市高考政治试卷（原卷版）.doc"
"辽宁","2020","文科数学","arts","national_ii","辽宁高考","2020年辽宁高考文科数学试卷原卷版.pdf","辽宁高考/2020年辽宁高考文科数学试卷原卷版.pdf","2. 北京高考数学2008-2025\2020年北京市高考数学试卷（原卷版）.doc"
"辽宁","2020","理科数学","science","national_ii","辽宁高考","2020年辽宁高考理科数学试卷原卷版.pdf","辽宁高考/2020年辽宁高考理科数学试卷原卷版.pdf",""
"辽宁","2020","政治","","national_ii","辽宁高考","2020年辽宁高考政治试卷原卷版.pdf","辽宁高考/2020年辽宁高考政治试卷原卷版.pdf","8. 北京高考政治2008-2025\2020年北京市高考政治试卷（原卷版）.doc"
"辽宁","2021","数学","unified","new_gaokao_ii","辽宁高考","2021年辽宁高考数学试卷原卷版.pdf","辽宁高考/2021年辽宁高考数学试卷原卷版.pdf","2. 北京高考数学2008-2025\2021年北京市高考数学试卷（原卷版）.docx"
"辽宁","2021","政治","","independent","辽宁高考","2021年辽宁高考政治试卷原卷版.pdf","辽宁高考/2021年辽宁高考政治试卷原卷版.pdf","8. 北京高考政治2008-2025\.cache.2021年北京市高考政治试卷（原卷版）.pdf"
"辽宁","2022","数学","unified","new_gaokao_ii","辽宁高考","2022年辽宁高考数学试卷原卷版.pdf","辽宁高考/2022年辽宁高考数学试卷原卷版.pdf","2. 北京高考数学2008-2025\2022年新高考北京数学高考真题（原卷版）.docx"
"辽宁","2022","政治","","independent","辽宁高考","2022年辽宁高考政治试卷原卷版.pdf","辽宁高考/2022年辽宁高考政治试卷原卷版.pdf","8. 北京高考政治2008-2025\2022年新高考北京政治高考真题（原卷版）.docx"
"辽宁","2023","数学","unified","new_gaokao_ii","辽宁高考","2023年辽宁高考数学试卷原卷版.pdf","辽宁高考/2023年辽宁高考数学试卷原卷版.pdf","2. 北京高考数学2008-2025\2023年北京高考数学真题（原卷版）.docx"
"辽宁","2023","政治","","independent","辽宁高考","2023年辽宁高考政治试卷原卷版.pdf","辽宁高考/2023年辽宁高考政治试卷原卷版.pdf","8. 北京高考政治2008-2025\2023年高考北京政治真题（原卷版）.docx"
"辽宁","2024","数学","unified","new_gaokao_ii","辽宁高考","2024年辽宁高考数学试卷原卷版.pdf","辽宁高考/2024年辽宁高考数学试卷原卷版.pdf","2. 北京高考数学2008-2025\2024年北京高考数学真题（原卷版）.docx"
"辽宁","2024","政治","","independent","辽宁高考","2024年辽宁高考政治试卷原卷版.pdf","辽宁高考/2024年辽宁高考政治试卷原卷版.pdf","8. 北京高考政治2008-2025\2024年北京高考政治试题（原卷版）.docx"
"辽宁","2025","生物","","independent","辽宁高考","2025年辽宁高考生物试卷原卷版.pdf","辽宁高考/2025年辽宁高考生物试卷原卷版.pdf","6. 重庆高考生物2008-2025\2025年高考生物真题及答案.pdf"
"辽宁","2025","地理","","independent","辽宁高考","2025年辽宁高考地理试卷原卷版.pdf","辽宁高考/2025年辽宁高考地理试卷原卷版.pdf","9. 北京高考地理2008-2025\2025年北京高考地理真题（原卷版）.docx"
"辽宁","2025","历史","","independent","辽宁高考","2025年辽宁高考历史试卷原卷版.pdf","辽宁高考/2025年辽宁高考历史试卷原卷版.pdf","7. 北京高考历史2008-2025\2025年北京高考历史真题（原卷版）.docx"
"辽宁","2025","政治","","independent","辽宁高考","2025年辽宁高考政治试卷原卷版.pdf","辽宁高考/2025年辽宁高考政治试卷原卷版.pdf","8. 北京高考政治2008-2025\2025北京高考政治试题（原卷版）.docx"
"内蒙古","2008","文科数学","arts","national_ii","内蒙古高考","2008年内蒙古高考文科数学试卷原卷版.pdf","内蒙古高考/2008年内蒙古高考文科数学试卷原卷版.pdf","2. 北京高考数学2008-2025\2008年北京市高考数学试卷（文科）（原卷版）.doc"
"内蒙古","2008","理科数学","science","national_ii","内蒙古高考","2008年内蒙古高考理科数学试卷原卷版.pdf","内蒙古高考/2008年内蒙古高考理科数学试卷原卷版.pdf","2. 北京高考数学2008-2025/2008年北京高考数学试卷（理科）（原卷版）.doc"
"内蒙古","2008","政治","","national_ii","内蒙古高考","2008年内蒙古高考政治试卷原卷版.pdf","内蒙古高考/2008年内蒙古高考政治试卷原卷版.pdf","8. 北京高考政治2008-2025\2008年高考生物试卷（北京）（空白卷）.doc"
"内蒙古","2009","文科数学","arts","national_ii","内蒙古高考","2009年内蒙古高考文科数学试卷原卷版.pdf","内蒙古高考/2009年内蒙古高考文科数学试卷原卷版.pdf","2. 北京高考数学2008-2025\2009年北京市高考数学试卷（文科）（原卷版）.doc"
"内蒙古","2009","理科数学","science","national_ii","内蒙古高考","2009年内蒙古高考理科数学试卷原卷版.pdf","内蒙古高考/2009年内蒙古高考理科数学试卷原卷版.pdf","2. 北京高考数学2008-2025/2009年北京高考数学试卷（理科）（原卷版）.doc"
"内蒙古","2009","政治","","national_ii","内蒙古高考","2009年内蒙古高考政治试卷原卷版.pdf","内蒙古高考/2009年内蒙古高考政治试卷原卷版.pdf","8. 北京高考政治2008-2025\2009年北京市高考政治试卷（原卷版）.doc"
"内蒙古","2010","文科数学","arts","national_ii","内蒙古高考","2010年内蒙古高考文科数学试卷原卷版.pdf","内蒙古高考/2010年内蒙古高考文科数学试卷原卷版.pdf","2. 北京高考数学2008-2025\2010年北京市高考数学试卷（文科）（原卷版）.doc"
"内蒙古","2010","理科数学","science","national_ii","内蒙古高考","2010年内蒙古高考理科数学试卷原卷版.pdf","内蒙古高考/2010年内蒙古高考理科数学试卷原卷版.pdf","2. 北京高考数学2008-2025/2010年北京高考数学试卷（理科）（原卷版）.doc"
"内蒙古","2010","政治","","national_ii","内蒙古高考","2010年内蒙古高考政治试卷原卷版.pdf","内蒙古高考/2010年内蒙古高考政治试卷原卷版.pdf","8. 北京高考政治2008-2025\2010年北京市高考政治试卷（原卷版）.doc"
"内蒙古","2011","文科数学","arts","national_ii","内蒙古高考","2011年内蒙古高考文科数学试卷原卷版.pdf","内蒙古高考/2011年内蒙古高考文科数学试卷原卷版.pdf","2. 北京高考数学2008-2025\2011年北京市高考数学试卷（文科）（原卷版）.doc"
"内蒙古","2011","理科数学","science","national_ii","内蒙古高考","2011年内蒙古高考理科数学试卷原卷版.pdf","内蒙古高考/2011年内蒙古高考理科数学试卷原卷版.pdf","2. 北京高考数学2008-2025/2011年北京高考数学试卷（理科）（原卷版）.doc"
"内蒙古","2011","政治","","national_ii","内蒙古高考","2011年内蒙古高考政治试卷原卷版.pdf","内蒙古高考/2011年内蒙古高考政治试卷原卷版.pdf","8. 北京高考政治2008-2025\2011年北京市高考政治试卷（原卷版）.doc"
"内蒙古","2012","文科数学","arts","national_ii","内蒙古高考","2012年内蒙古高考文科数学试卷原卷版.pdf","内蒙古高考/2012年内蒙古高考文科数学试卷原卷版.pdf","2. 北京高考数学2008-2025\2012年北京市高考数学试卷（文科）（原卷版）.doc"
"内蒙古","2012","理科数学","science","national_ii","内蒙古高考","2012年内蒙古高考理科数学试卷原卷版.pdf","内蒙古高考/2012年内蒙古高考理科数学试卷原卷版.pdf","2. 北京高考数学2008-2025/2012年北京高考数学试卷（理科）（原卷版）.doc"
"内蒙古","2012","政治","","national_ii","内蒙古高考","2012年内蒙古高考政治试卷原卷版.pdf","内蒙古高考/2012年内蒙古高考政治试卷原卷版.pdf","8. 北京高考政治2008-2025\2012年北京市高考政治试卷（原卷版）.doc"
"内蒙古","2013","文科数学","arts","national_ii","内蒙古高考","2013年内蒙古高考文科数学试卷原卷版.pdf","内蒙古高考/2013年内蒙古高考文科数学试卷原卷版.pdf","2. 北京高考数学2008-2025\2013年北京市高考数学试卷（文科）（原卷版）.doc"
"内蒙古","2013","理科数学","science","national_ii","内蒙古高考","2013年内蒙古高考理科数学试卷原卷版.pdf","内蒙古高考/2013年内蒙古高考理科数学试卷原卷版.pdf","2. 北京高考数学2008-2025/2013年北京高考数学试卷（理科）（原卷版）.doc"
"内蒙古","2013","政治","","national_ii","内蒙古高考","2013年内蒙古高考政治试卷原卷版.pdf","内蒙古高考/2013年内蒙古高考政治试卷原卷版.pdf","8. 北京高考政治2008-2025\2013年北京市高考政治试卷（原卷版）.doc"
"内蒙古","2014","文科数学","arts","national_ii","内蒙古高考","2014年内蒙古高考文科数学试卷原卷版.pdf","内蒙古高考/2014年内蒙古高考文科数学试卷原卷版.pdf","2. 北京高考数学2008-2025\2014年北京市高考数学试卷（文科）（原卷版）.doc"
"内蒙古","2014","理科数学","science","national_ii","内蒙古高考","2014年内蒙古高考理科数学试卷原卷版.pdf","内蒙古高考/2014年内蒙古高考理科数学试卷原卷版.pdf","2. 北京高考数学2008-2025/2014年北京高考数学试卷（理科）（原卷版）.doc"
"内蒙古","2014","政治","","national_ii","内蒙古高考","2014年内蒙古高考政治试卷原卷版.pdf","内蒙古高考/2014年内蒙古高考政治试卷原卷版.pdf","8. 北京高考政治2008-2025\2014年北京市高考政治试卷（原卷版）.doc"
"内蒙古","2015","文科数学","arts","national_ii","内蒙古高考","2015年内蒙古高考文科数学试卷原卷版.pdf","内蒙古高考/2015年内蒙古高考文科数学试卷原卷版.pdf","2. 北京高考数学2008-2025\2015年北京市高考数学试卷（文科）（原卷版）.doc"
"内蒙古","2015","理科数学","science","national_ii","内蒙古高考","2015年内蒙古高考理科数学试卷原卷版.pdf","内蒙古高考/2015年内蒙古高考理科数学试卷原卷版.pdf","2. 北京高考数学2008-2025/2015年北京高考数学试卷（理科）（原卷版）.doc"
"内蒙古","2015","政治","","national_ii","内蒙古高考","2015年内蒙古高考政治试卷原卷版.pdf","内蒙古高考/2015年内蒙古高考政治试卷原卷版.pdf","8. 北京高考政治2008-2025\2015年北京市高考政治试卷（原卷版）.doc"
"内蒙古","2016","文科数学","arts","national_ii","内蒙古高考","2016年内蒙古高考文科数学试卷原卷版.pdf","内蒙古高考/2016年内蒙古高考文科数学试卷原卷版.pdf","2. 北京高考数学2008-2025\2016年北京市高考数学试卷（文科）（原卷版）.doc"
"内蒙古","2016","理科数学","science","national_ii","内蒙古高考","2016年内蒙古高考理科数学试卷原卷版.pdf","内蒙古高考/2016年内蒙古高考理科数学试卷原卷版.pdf","2. 北京高考数学2008-2025/2016年北京高考数学试卷（理科）（原卷版）.doc"
"内蒙古","2016","政治","","national_ii","内蒙古高考","2016年内蒙古高考政治试卷原卷版.pdf","内蒙古高考/2016年内蒙古高考政治试卷原卷版.pdf","8. 北京高考政治2008-2025\2016年北京市高考政治试卷（原卷版）.doc"
"内蒙古","2017","文科数学","arts","national_ii","内蒙古高考","2017年内蒙古高考文科数学试卷原卷版.pdf","内蒙古高考/2017年内蒙古高考文科数学试卷原卷版.pdf","2. 北京高考数学2008-2025\2017年北京市高考数学试卷（文科）（原卷版）.doc"
"内蒙古","2017","理科数学","science","national_ii","内蒙古高考","2017年内蒙古高考理科数学试卷原卷版.pdf","内蒙古高考/2017年内蒙古高考理科数学试卷原卷版.pdf","2. 北京高考数学2008-2025/2017年北京高考数学试卷（理科）（原卷版）.doc"
"内蒙古","2017","政治","","national_ii","内蒙古高考","2017年内蒙古高考政治试卷原卷版.pdf","内蒙古高考/2017年内蒙古高考政治试卷原卷版.pdf","8. 北京高考政治2008-2025\2017年北京市高考政治试卷（原卷版）.doc"
"内蒙古","2018","文科数学","arts","national_ii","内蒙古高考","2018年内蒙古高考文科数学试卷原卷版.pdf","内蒙古高考/2018年内蒙古高考文科数学试卷原卷版.pdf","2. 北京高考数学2008-2025\2018年北京市高考数学试卷（文科）（原卷版）.doc"
"内蒙古","2018","理科数学","science","national_ii","内蒙古高考","2018年内蒙古高考理科数学试卷原卷版.pdf","内蒙古高考/2018年内蒙古高考理科数学试卷原卷版.pdf","2. 北京高考数学2008-2025/2018年北京高考数学试卷（理科）（原卷版）.doc"
"内蒙古","2018","政治","","national_ii","内蒙古高考","2018年内蒙古高考政治试卷原卷版.pdf","内蒙古高考/2018年内蒙古高考政治试卷原卷版.pdf","8. 北京高考政治2008-2025\2018年北京市高考政治试卷（原卷版）.doc"
"内蒙古","2019","文科数学","arts","national_ii","内蒙古高考","2019年内蒙古高考文科数学试卷原卷版.pdf","内蒙古高考/2019年内蒙古高考文科数学试卷原卷版.pdf","2. 北京高考数学2008-2025\2019年北京市高考数学试卷（文科）（原卷版）.doc"
"内蒙古","2019","理科数学","science","national_ii","内蒙古高考","2019年内蒙古高考理科数学试卷原卷版.pdf","内蒙古高考/2019年内蒙古高考理科数学试卷原卷版.pdf","2. 北京高考数学2008-2025/2019年北京高考数学试卷（理科）（原卷版）.doc"
"内蒙古","2019","政治","","national_ii","内蒙古高考","2019年内蒙古高考政治试卷原卷版.pdf","内蒙古高考/2019年内蒙古高考政治试卷原卷版.pdf","8. 北京高考政治2008-2025\2019年北京市高考政治试卷（原卷版）.doc"
"内蒙古","2020","文科数学","arts","national_ii","内蒙古高考","2020年内蒙古高考文科数学试卷原卷版.pdf","内蒙古高考/2020年内蒙古高考文科数学试卷原卷版.pdf","2. 北京高考数学2008-2025\2020年北京市高考数学试卷（原卷版）.doc"
"内蒙古","2020","理科数学","science","national_ii","内蒙古高考","2020年内蒙古高考理科数学试卷原卷版.pdf","内蒙古高考/2020年内蒙古高考理科数学试卷原卷版.pdf",""
"内蒙古","2020","政治","","national_ii","内蒙古高考","2020年内蒙古高考政治试卷原卷版.pdf","内蒙古高考/2020年内蒙古高考政治试卷原卷版.pdf","8. 北京高考政治2008-2025\2020年北京市高考政治试卷（原卷版）.doc"
"内蒙古","2021","文科数学","arts","national_ii","内蒙古高考","2021年内蒙古高考文科数学试卷原卷版.pdf","内蒙古高考/2021年内蒙古高考文科数学试卷原卷版.pdf","2. 北京高考数学2008-2025\2021年北京市高考数学试卷（原卷版）.docx"
"内蒙古","2021","理科数学","science","national_ii","内蒙古高考","2021年内蒙古高考理科数学试卷原卷版.pdf","内蒙古高考/2021年内蒙古高考理科数学试卷原卷版.pdf",""
"内蒙古","2021","政治","","national_ii","内蒙古高考","2021年内蒙古高考政治试卷原卷版.pdf","内蒙古高考/2021年内蒙古高考政治试卷原卷版.pdf","8. 北京高考政治2008-2025\.cache.2021年北京市高考政治试卷（原卷版）.pdf"
"内蒙古","2022","文科数学","arts","national_b","内蒙古高考","2022年内蒙古高考文科数学试卷原卷版.pdf","内蒙古高考/2022年内蒙古高考文科数学试卷原卷版.pdf","2. 北京高考数学2008-2025\2022年新高考北京数学高考真题（原卷版）.docx"
"内蒙古","2022","理科数学","science","national_b","内蒙古高考","2022年内蒙古高考理科数学试卷原卷版.pdf","内蒙古高考/2022年内蒙古高考理科数学试卷原卷版.pdf",""
"内蒙古","2022","政治","","national_b","内蒙古高考","2022年内蒙古高考政治试卷原卷版.pdf","内蒙古高考/2022年内蒙古高考政治试卷原卷版.pdf","8. 北京高考政治2008-2025\2022年新高考北京政治高考真题（原卷版）.docx"
"内蒙古","2023","文科数学","arts","national_b","内蒙古高考","2023年内蒙古高考文科数学试卷原卷版.pdf","内蒙古高考/2023年内蒙古高考文科数学试卷原卷版.pdf","2. 北京高考数学2008-2025\2023年北京高考数学真题（原卷版）.docx"
"内蒙古","2023","理科数学","science","national_b","内蒙古高考","2023年内蒙古高考理科数学试卷原卷版.pdf","内蒙古高考/2023年内蒙古高考理科数学试卷原卷版.pdf",""
"内蒙古","2023","政治","","national_b","内蒙古高考","2023年内蒙古高考政治试卷原卷版.pdf","内蒙古高考/2023年内蒙古高考政治试卷原卷版.pdf","8. 北京高考政治2008-2025\2023年高考北京政治真题（原卷版）.docx"
"内蒙古","2024","文科数学","arts","national_b","内蒙古高考","2024年内蒙古高考文科数学试卷原卷版.pdf","内蒙古高考/2024年内蒙古高考文科数学试卷原卷版.pdf","2. 北京高考数学2008-2025\2024年北京高考数学真题（原卷版）.docx"
"内蒙古","2024","理科数学","science","national_b","内蒙古高考","2024年内蒙古高考理科数学试卷原卷版.pdf","内蒙古高考/2024年内蒙古高考理科数学试卷原卷版.pdf",""
"内蒙古","2024","政治","","national_b","内蒙古高考","2024年内蒙古高考政治试卷原卷版.pdf","内蒙古高考/2024年内蒙古高考政治试卷原卷版.pdf","8. 北京高考政治2008-2025\2024年北京高考政治试题（原卷版）.docx"
"内蒙古","2025","生物","","independent","内蒙古高考","2025年内蒙古高考生物试卷原卷版.pdf","内蒙古高考/2025年内蒙古高考生物试卷原卷版.pdf","6. 北京高考生物2008-2025\.cache.2025高考北京卷生物真题试卷（原卷版）.pdf"
"内蒙古","2025","地理","","independent","内蒙古高考","2025年内蒙古高考地理试卷原卷版.pdf","内蒙古高考/2025年内蒙古高考地理试卷原卷版.pdf","9. 北京高考地理2008-2025\2025年北京高考地理真题（原卷版）.docx"
"内蒙古","2025","历史","","independent","内蒙古高考","2025年内蒙古高考历史试卷原卷版.pdf","内蒙古高考/2025年内蒙古高考历史试卷原卷版.pdf","7. 北京高考历史2008-2025\2025年北京高考历史真题（原卷版）.docx"
"内蒙古","2025","数学","unified","new_gaokao_ii","内蒙古高考","2025年内蒙古高考数学试卷原卷版.pdf","内蒙古高考/2025年内蒙古高考数学试卷原卷版.pdf","2. 北京高考数学2008-2025\2025年高考北京数学真题（原卷版）.docx"
"内蒙古","2025","政治","","independent","内蒙古高考","2025年内蒙古高考政治试卷原卷版.pdf","内蒙古高考/2025年内蒙古高考政治试卷原卷版.pdf","8. 北京高考政治2008-2025\2025北京高考政治试题（原卷版）.docx"
"宁夏","2008","文科数学","arts","national_ii","宁夏高考","2008年宁夏高考文科数学试卷原卷版.pdf","宁夏高考/2008年宁夏高考文科数学试卷原卷版.pdf","2. 北京高考数学2008-2025\2008年北京市高考数学试卷（文科）（原卷版）.doc"
"宁夏","2008","理科数学","science","national_ii","宁夏高考","2008年宁夏高考理科数学试卷原卷版.pdf","宁夏高考/2008年宁夏高考理科数学试卷原卷版.pdf","2. 北京高考数学2008-2025/2008年北京高考数学试卷（理科）（原卷版）.doc"
"宁夏","2008","政治","","national_ii","宁夏高考","2008年宁夏高考政治试卷原卷版.pdf","宁夏高考/2008年宁夏高考政治试卷原卷版.pdf","8. 北京高考政治2008-2025\2008年高考生物试卷（北京）（空白卷）.doc"
"宁夏","2009","文科数学","arts","national_ii","宁夏高考","2009年宁夏高考文科数学试卷原卷版.pdf","宁夏高考/2009年宁夏高考文科数学试卷原卷版.pdf","2. 北京高考数学2008-2025\2009年北京市高考数学试卷（文科）（原卷版）.doc"
"宁夏","2009","理科数学","science","national_ii","宁夏高考","2009年宁夏高考理科数学试卷原卷版.pdf","宁夏高考/2009年宁夏高考理科数学试卷原卷版.pdf","2. 北京高考数学2008-2025/2009年北京高考数学试卷（理科）（原卷版）.doc"
"宁夏","2009","政治","","national_ii","宁夏高考","2009年宁夏高考政治试卷原卷版.pdf","宁夏高考/2009年宁夏高考政治试卷原卷版.pdf","8. 北京高考政治2008-2025\2009年北京市高考政治试卷（原卷版）.doc"
"宁夏","2010","文科数学","arts","national_ii","宁夏高考","2010年宁夏高考文科数学试卷原卷版.pdf","宁夏高考/2010年宁夏高考文科数学试卷原卷版.pdf","2. 北京高考数学2008-2025\2010年北京市高考数学试卷（文科）（原卷版）.doc"
"宁夏","2010","理科数学","science","national_ii","宁夏高考","2010年宁夏高考理科数学试卷原卷版.pdf","宁夏高考/2010年宁夏高考理科数学试卷原卷版.pdf","2. 北京高考数学2008-2025/2010年北京高考数学试卷（理科）（原卷版）.doc"
"宁夏","2010","政治","","national_ii","宁夏高考","2010年宁夏高考政治试卷原卷版.pdf","宁夏高考/2010年宁夏高考政治试卷原卷版.pdf","8. 北京高考政治2008-2025\2010年北京市高考政治试卷（原卷版）.doc"
"宁夏","2011","文科数学","arts","national_ii","宁夏高考","2011年宁夏高考文科数学试卷原卷版.pdf","宁夏高考/2011年宁夏高考文科数学试卷原卷版.pdf","2. 北京高考数学2008-2025\2011年北京市高考数学试卷（文科）（原卷版）.doc"
"宁夏","2011","理科数学","science","national_ii","宁夏高考","2011年宁夏高考理科数学试卷原卷版.pdf","宁夏高考/2011年宁夏高考理科数学试卷原卷版.pdf","2. 北京高考数学2008-2025/2011年北京高考数学试卷（理科）（原卷版）.doc"
"宁夏","2011","政治","","national_ii","宁夏高考","2011年宁夏高考政治试卷原卷版.pdf","宁夏高考/2011年宁夏高考政治试卷原卷版.pdf","8. 北京高考政治2008-2025\2011年北京市高考政治试卷（原卷版）.doc"
"宁夏","2012","文科数学","arts","national_ii","宁夏高考","2012年宁夏高考文科数学试卷原卷版.pdf","宁夏高考/2012年宁夏高考文科数学试卷原卷版.pdf","2. 北京高考数学2008-2025\2012年北京市高考数学试卷（文科）（原卷版）.doc"
"宁夏","2012","理科数学","science","national_ii","宁夏高考","2012年宁夏高考理科数学试卷原卷版.pdf","宁夏高考/2012年宁夏高考理科数学试卷原卷版.pdf","2. 北京高考数学2008-2025/2012年北京高考数学试卷（理科）（原卷版）.doc"
"宁夏","2012","政治","","national_ii","宁夏高考","2012年宁夏高考政治试卷原卷版.pdf","宁夏高考/2012年宁夏高考政治试卷原卷版.pdf","8. 北京高考政治2008-2025\2012年北京市高考政治试卷（原卷版）.doc"
"宁夏","2013","文科数学","arts","national_ii","宁夏高考","2013年宁夏高考文科数学试卷原卷版.pdf","宁夏高考/2013年宁夏高考文科数学试卷原卷版.pdf","2. 北京高考数学2008-2025\2013年北京市高考数学试卷（文科）（原卷版）.doc"
"宁夏","2013","理科数学","science","national_ii","宁夏高考","2013年宁夏高考理科数学试卷原卷版.pdf","宁夏高考/2013年宁夏高考理科数学试卷原卷版.pdf","2. 北京高考数学2008-2025/2013年北京高考数学试卷（理科）（原卷版）.doc"
"宁夏","2013","政治","","national_ii","宁夏高考","2013年宁夏高考政治试卷原卷版.pdf","宁夏高考/2013年宁夏高考政治试卷原卷版.pdf","8. 北京高考政治2008-2025\2013年北京市高考政治试卷（原卷版）.doc"
"宁夏","2014","文科数学","arts","national_ii","宁夏高考","2014年宁夏高考文科数学试卷原卷版.pdf","宁夏高考/2014年宁夏高考文科数学试卷原卷版.pdf","2. 北京高考数学2008-2025\2014年北京市高考数学试卷（文科）（原卷版）.doc"
"宁夏","2014","理科数学","science","national_ii","宁夏高考","2014年宁夏高考理科数学试卷原卷版.pdf","宁夏高考/2014年宁夏高考理科数学试卷原卷版.pdf","2. 北京高考数学2008-2025/2014年北京高考数学试卷（理科）（原卷版）.doc"
"宁夏","2014","政治","","national_ii","宁夏高考","2014年宁夏高考政治试卷原卷版.pdf","宁夏高考/2014年宁夏高考政治试卷原卷版.pdf","8. 北京高考政治2008-2025\2014年北京市高考政治试卷（原卷版）.doc"
"宁夏","2015","文科数学","arts","national_ii","宁夏高考","2015年宁夏高考文科数学试卷原卷版.pdf","宁夏高考/2015年宁夏高考文科数学试卷原卷版.pdf","2. 北京高考数学2008-2025\2015年北京市高考数学试卷（文科）（原卷版）.doc"
"宁夏","2015","理科数学","science","national_ii","宁夏高考","2015年宁夏高考理科数学试卷原卷版.pdf","宁夏高考/2015年宁夏高考理科数学试卷原卷版.pdf","2. 北京高考数学2008-2025/2015年北京高考数学试卷（理科）（原卷版）.doc"
"宁夏","2015","政治","","national_ii","宁夏高考","2015年宁夏高考政治试卷原卷版.pdf","宁夏高考/2015年宁夏高考政治试卷原卷版.pdf","8. 北京高考政治2008-2025\2015年北京市高考政治试卷（原卷版）.doc"
"宁夏","2016","文科数学","arts","national_ii","宁夏高考","2016年宁夏高考文科数学试卷原卷版.pdf","宁夏高考/2016年宁夏高考文科数学试卷原卷版.pdf","2. 北京高考数学2008-2025\2016年北京市高考数学试卷（文科）（原卷版）.doc"
"宁夏","2016","理科数学","science","national_ii","宁夏高考","2016年宁夏高考理科数学试卷原卷版.pdf","宁夏高考/2016年宁夏高考理科数学试卷原卷版.pdf","2. 北京高考数学2008-2025/2016年北京高考数学试卷（理科）（原卷版）.doc"
"宁夏","2016","政治","","national_ii","宁夏高考","2016年宁夏高考政治试卷原卷版.pdf","宁夏高考/2016年宁夏高考政治试卷原卷版.pdf","8. 北京高考政治2008-2025\2016年北京市高考政治试卷（原卷版）.doc"
"宁夏","2017","文科数学","arts","national_ii","宁夏高考","2017年宁夏高考文科数学试卷原卷版.pdf","宁夏高考/2017年宁夏高考文科数学试卷原卷版.pdf","2. 北京高考数学2008-2025\2017年北京市高考数学试卷（文科）（原卷版）.doc"
"宁夏","2017","理科数学","science","national_ii","宁夏高考","2017年宁夏高考理科数学试卷原卷版.pdf","宁夏高考/2017年宁夏高考理科数学试卷原卷版.pdf","2. 北京高考数学2008-2025/2017年北京高考数学试卷（理科）（原卷版）.doc"
"宁夏","2017","政治","","national_ii","宁夏高考","2017年宁夏高考政治试卷原卷版.pdf","宁夏高考/2017年宁夏高考政治试卷原卷版.pdf","8. 北京高考政治2008-2025\2017年北京市高考政治试卷（原卷版）.doc"
"宁夏","2018","文科数学","arts","national_ii","宁夏高考","2018年宁夏高考文科数学试卷原卷版.pdf","宁夏高考/2018年宁夏高考文科数学试卷原卷版.pdf","2. 北京高考数学2008-2025\2018年北京市高考数学试卷（文科）（原卷版）.doc"
"宁夏","2018","理科数学","science","national_ii","宁夏高考","2018年宁夏高考理科数学试卷原卷版.pdf","宁夏高考/2018年宁夏高考理科数学试卷原卷版.pdf","2. 北京高考数学2008-2025/2018年北京高考数学试卷（理科）（原卷版）.doc"
"宁夏","2018","政治","","national_ii","宁夏高考","2018年宁夏高考政治试卷原卷版.pdf","宁夏高考/2018年宁夏高考政治试卷原卷版.pdf","8. 北京高考政治2008-2025\2018年北京市高考政治试卷（原卷版）.doc"
"宁夏","2019","文科数学","arts","national_ii","宁夏高考","2019年宁夏高考文科数学试卷原卷版.pdf","宁夏高考/2019年宁夏高考文科数学试卷原卷版.pdf","2. 北京高考数学2008-2025\2019年北京市高考数学试卷（文科）（原卷版）.doc"
"宁夏","2019","理科数学","science","national_ii","宁夏高考","2019年宁夏高考理科数学试卷原卷版.pdf","宁夏高考/2019年宁夏高考理科数学试卷原卷版.pdf","2. 北京高考数学2008-2025/2019年北京高考数学试卷（理科）（原卷版）.doc"
"宁夏","2019","政治","","national_ii","宁夏高考","2019年宁夏高考政治试卷原卷版.pdf","宁夏高考/2019年宁夏高考政治试卷原卷版.pdf","8. 北京高考政治2008-2025\2019年北京市高考政治试卷（原卷版）.doc"
"宁夏","2020","文科数学","arts","national_ii","宁夏高考","2020年宁夏高考文科数学试卷原卷版.pdf","宁夏高考/2020年宁夏高考文科数学试卷原卷版.pdf","2. 北京高考数学2008-2025\2020年北京市高考数学试卷（原卷版）.doc"
"宁夏","2020","理科数学","science","national_ii","宁夏高考","2020年宁夏高考理科数学试卷原卷版.pdf","宁夏高考/2020年宁夏高考理科数学试卷原卷版.pdf",""
"宁夏","2020","政治","","national_ii","宁夏高考","2020年宁夏高考政治试卷原卷版.pdf","宁夏高考/2020年宁夏高考政治试卷原卷版.pdf","8. 北京高考政治2008-2025\2020年北京市高考政治试卷（原卷版）.doc"
"宁夏","2021","文科数学","arts","national_ii","宁夏高考","2021年宁夏高考文科数学试卷原卷版.pdf","宁夏高考/2021年宁夏高考文科数学试卷原卷版.pdf","2. 北京高考数学2008-2025\2021年北京市高考数学试卷（原卷版）.docx"
"宁夏","2021","理科数学","science","national_ii","宁夏高考","2021年宁夏高考理科数学试卷原卷版.pdf","宁夏高考/2021年宁夏高考理科数学试卷原卷版.pdf",""
"宁夏","2021","政治","","national_ii","宁夏高考","2021年宁夏高考政治试卷原卷版.pdf","宁夏高考/2021年宁夏高考政治试卷原卷版.pdf","8. 北京高考政治2008-2025\.cache.2021年北京市高考政治试卷（原卷版）.pdf"
"宁夏","2022","文科数学","arts","national_b","宁夏高考","2022年宁夏高考文科数学试卷原卷版.pdf","宁夏高考/2022年宁夏高考文科数学试卷原卷版.pdf","2. 北京高考数学2008-2025\2022年新高考北京数学高考真题（原卷版）.docx"
"宁夏","2022","理科数学","science","national_b","宁夏高考","2022年宁夏高考理科数学试卷原卷版.pdf","宁夏高考/2022年宁夏高考理科数学试卷原卷版.pdf",""
"宁夏","2022","政治","","national_b","宁夏高考","2022年宁夏高考政治试卷原卷版.pdf","宁夏高考/2022年宁夏高考政治试卷原卷版.pdf","8. 北京高考政治2008-2025\2022年新高考北京政治高考真题（原卷版）.docx"
"宁夏","2023","文科数学","arts","national_b","宁夏高考","2023年宁夏高考文科数学试卷原卷版.pdf","宁夏高考/2023年宁夏高考文科数学试卷原卷版.pdf","2. 北京高考数学2008-2025\2023年北京高考数学真题（原卷版）.docx"
"宁夏","2023","理科数学","science","national_b","宁夏高考","2023年宁夏高考理科数学试卷原卷版.pdf","宁夏高考/2023年宁夏高考理科数学试卷原卷版.pdf",""
"宁夏","2023","政治","","national_b","宁夏高考","2023年宁夏高考政治试卷原卷版.pdf","宁夏高考/2023年宁夏高考政治试卷原卷版.pdf","8. 北京高考政治2008-2025\2023年高考北京政治真题（原卷版）.docx"
"宁夏","2024","文科数学","arts","national_b","宁夏高考","2024年宁夏高考文科数学试卷原卷版.pdf","宁夏高考/2024年宁夏高考文科数学试卷原卷版.pdf","2. 北京高考数学2008-2025\2024年北京高考数学真题（原卷版）.docx"
"宁夏","2024","理科数学","science","national_b","宁夏高考","2024年宁夏高考理科数学试卷原卷版.pdf","宁夏高考/2024年宁夏高考理科数学试卷原卷版.pdf",""
"宁夏","2024","政治","","national_b","宁夏高考","2024年宁夏高考政治试卷原卷版.pdf","宁夏高考/2024年宁夏高考政治试卷原卷版.pdf","8. 北京高考政治2008-2025\2024年北京高考政治试题（原卷版）.docx"
"宁夏","2025","生物","","independent","宁夏高考","2025年宁夏高考生物试卷原卷版.pdf","宁夏高考/2025年宁夏高考生物试卷原卷版.pdf","6. 北京高考生物2008-2025\.cache.2025高考北京卷生物真题试卷（原卷版）.pdf"
"宁夏","2025","化学","","independent","宁夏高考","2025年宁夏高考化学试卷原卷版.pdf","宁夏高考/2025年宁夏高考化学试卷原卷版.pdf","5. 北京高考化学2008-2025\.cache.2025年北京高考真题化学试题（原卷版）.pdf"
"宁夏","2025","地理","","independent","宁夏高考","2025年宁夏高考地理试卷原卷版.pdf","宁夏高考/2025年宁夏高考地理试卷原卷版.pdf","9. 北京高考地理2008-2025\2025年北京高考地理真题（原卷版）.docx"
"宁夏","2025","历史","","independent","宁夏高考","2025年宁夏高考历史试卷原卷版.pdf","宁夏高考/2025年宁夏高考历史试卷原卷版.pdf","7. 北京高考历史2008-2025\2025年北京高考历史真题（原卷版）.docx"
"宁夏","2025","数学","unified","new_gaokao_ii","宁夏高考","2025年宁夏高考数学试卷原卷版.pdf","宁夏高考/2025年宁夏高考数学试卷原卷版.pdf","2. 北京高考数学2008-2025\2025年高考北京数学真题（原卷版）.docx"
"宁夏","2025","政治","","independent","宁夏高考","2025年宁夏高考政治试卷原卷版.pdf","宁夏高考/2025年宁夏高考政治试卷原卷版.pdf","8. 北京高考政治2008-2025\2025北京高考政治试题（原卷版）.docx"
"青海","2008","文科数学","arts","national_ii","青海高考","2008年青海高考文科数学试卷原卷版.pdf","青海高考/2008年青海高考文科数学试卷原卷版.pdf","2. 北京高考数学2008-2025\2008年北京市高考数学试卷（文科）（原卷版）.doc"
"青海","2008","理科数学","science","national_ii","青海高考","2008年青海高考理科数学试卷原卷版.pdf","青海高考/2008年青海高考理科数学试卷原卷版.pdf","2. 北京高考数学2008-2025/2008年北京高考数学试卷（理科）（原卷版）.doc"
"青海","2008","政治","","national_ii","青海高考","2008年青海高考政治试卷原卷版.pdf","青海高考/2008年青海高考政治试卷原卷版.pdf","8. 北京高考政治2008-2025\2008年高考生物试卷（北京）（空白卷）.doc"
"青海","2009","文科数学","arts","national_ii","青海高考","2009年青海高考文科数学试卷原卷版.pdf","青海高考/2009年青海高考文科数学试卷原卷版.pdf","2. 北京高考数学2008-2025\2009年北京市高考数学试卷（文科）（原卷版）.doc"
"青海","2009","理科数学","science","national_ii","青海高考","2009年青海高考理科数学试卷原卷版.pdf","青海高考/2009年青海高考理科数学试卷原卷版.pdf","2. 北京高考数学2008-2025/2009年北京高考数学试卷（理科）（原卷版）.doc"
"青海","2009","政治","","national_ii","青海高考","2009年青海高考政治试卷原卷版.pdf","青海高考/2009年青海高考政治试卷原卷版.pdf","8. 北京高考政治2008-2025\2009年北京市高考政治试卷（原卷版）.doc"
"青海","2010","文科数学","arts","national_ii","青海高考","2010年青海高考文科数学试卷原卷版.pdf","青海高考/2010年青海高考文科数学试卷原卷版.pdf","2. 北京高考数学2008-2025\2010年北京市高考数学试卷（文科）（原卷版）.doc"
"青海","2010","理科数学","science","national_ii","青海高考","2010年青海高考理科数学试卷原卷版.pdf","青海高考/2010年青海高考理科数学试卷原卷版.pdf","2. 北京高考数学2008-2025/2010年北京高考数学试卷（理科）（原卷版）.doc"
"青海","2010","政治","","national_ii","青海高考","2010年青海高考政治试卷原卷版.pdf","青海高考/2010年青海高考政治试卷原卷版.pdf","8. 北京高考政治2008-2025\2010年北京市高考政治试卷（原卷版）.doc"
"青海","2011","文科数学","arts","national_ii","青海高考","2011年青海高考文科数学试卷原卷版.pdf","青海高考/2011年青海高考文科数学试卷原卷版.pdf","2. 北京高考数学2008-2025\2011年北京市高考数学试卷（文科）（原卷版）.doc"
"青海","2011","理科数学","science","national_ii","青海高考","2011年青海高考理科数学试卷原卷版.pdf","青海高考/2011年青海高考理科数学试卷原卷版.pdf","2. 北京高考数学2008-2025/2011年北京高考数学试卷（理科）（原卷版）.doc"
"青海","2011","政治","","national_ii","青海高考","2011年青海高考政治试卷原卷版.pdf","青海高考/2011年青海高考政治试卷原卷版.pdf","8. 北京高考政治2008-2025\2011年北京市高考政治试卷（原卷版）.doc"
"青海","2012","文科数学","arts","national_ii","青海高考","2012年青海高考文科数学试卷原卷版.pdf","青海高考/2012年青海高考文科数学试卷原卷版.pdf","2. 北京高考数学2008-2025\2012年北京市高考数学试卷（文科）（原卷版）.doc"
"青海","2012","理科数学","science","national_ii","青海高考","2012年青海高考理科数学试卷原卷版.pdf","青海高考/2012年青海高考理科数学试卷原卷版.pdf","2. 北京高考数学2008-2025/2012年北京高考数学试卷（理科）（原卷版）.doc"
"青海","2012","政治","","national_ii","青海高考","2012年青海高考政治试卷原卷版.pdf","青海高考/2012年青海高考政治试卷原卷版.pdf","8. 北京高考政治2008-2025\2012年北京市高考政治试卷（原卷版）.doc"
"青海","2013","文科数学","arts","national_ii","青海高考","2013年青海高考文科数学试卷原卷版.pdf","青海高考/2013年青海高考文科数学试卷原卷版.pdf","2. 北京高考数学2008-2025\2013年北京市高考数学试卷（文科）（原卷版）.doc"
"青海","2013","理科数学","science","national_ii","青海高考","2013年青海高考理科数学试卷原卷版.pdf","青海高考/2013年青海高考理科数学试卷原卷版.pdf","2. 北京高考数学2008-2025/2013年北京高考数学试卷（理科）（原卷版）.doc"
"青海","2013","政治","","national_ii","青海高考","2013年青海高考政治试卷原卷版.pdf","青海高考/2013年青海高考政治试卷原卷版.pdf","8. 北京高考政治2008-2025\2013年北京市高考政治试卷（原卷版）.doc"
"青海","2014","文科数学","arts","national_ii","青海高考","2014年青海高考文科数学试卷原卷版.pdf","青海高考/2014年青海高考文科数学试卷原卷版.pdf","2. 北京高考数学2008-2025\2014年北京市高考数学试卷（文科）（原卷版）.doc"
"青海","2014","理科数学","science","national_ii","青海高考","2014年青海高考理科数学试卷原卷版.pdf","青海高考/2014年青海高考理科数学试卷原卷版.pdf","2. 北京高考数学2008-2025/2014年北京高考数学试卷（理科）（原卷版）.doc"
"青海","2014","政治","","national_ii","青海高考","2014年青海高考政治试卷原卷版.pdf","青海高考/2014年青海高考政治试卷原卷版.pdf","8. 北京高考政治2008-2025\2014年北京市高考政治试卷（原卷版）.doc"
"青海","2015","文科数学","arts","national_ii","青海高考","2015年青海高考文科数学试卷原卷版.pdf","青海高考/2015年青海高考文科数学试卷原卷版.pdf","2. 北京高考数学2008-2025\2015年北京市高考数学试卷（文科）（原卷版）.doc"
"青海","2015","理科数学","science","national_ii","青海高考","2015年青海高考理科数学试卷原卷版.pdf","青海高考/2015年青海高考理科数学试卷原卷版.pdf","2. 北京高考数学2008-2025/2015年北京高考数学试卷（理科）（原卷版）.doc"
"青海","2015","政治","","national_ii","青海高考","2015年青海高考政治试卷原卷版.pdf","青海高考/2015年青海高考政治试卷原卷版.pdf","8. 北京高考政治2008-2025\2015年北京市高考政治试卷（原卷版）.doc"
"青海","2016","文科数学","arts","national_ii","青海高考","2016年青海高考文科数学试卷原卷版.pdf","青海高考/2016年青海高考文科数学试卷原卷版.pdf","2. 北京高考数学2008-2025\2016年北京市高考数学试卷（文科）（原卷版）.doc"
"青海","2016","理科数学","science","national_ii","青海高考","2016年青海高考理科数学试卷原卷版.pdf","青海高考/2016年青海高考理科数学试卷原卷版.pdf","2. 北京高考数学2008-2025/2016年北京高考数学试卷（理科）（原卷版）.doc"
"青海","2016","政治","","national_ii","青海高考","2016年青海高考政治试卷原卷版.pdf","青海高考/2016年青海高考政治试卷原卷版.pdf","8. 北京高考政治2008-2025\2016年北京市高考政治试卷（原卷版）.doc"
"青海","2017","文科数学","arts","national_ii","青海高考","2017年青海高考文科数学试卷原卷版.pdf","青海高考/2017年青海高考文科数学试卷原卷版.pdf","2. 北京高考数学2008-2025\2017年北京市高考数学试卷（文科）（原卷版）.doc"
"青海","2017","理科数学","science","national_ii","青海高考","2017年青海高考理科数学试卷原卷版.pdf","青海高考/2017年青海高考理科数学试卷原卷版.pdf","2. 北京高考数学2008-2025/2017年北京高考数学试卷（理科）（原卷版）.doc"
"青海","2017","政治","","national_ii","青海高考","2017年青海高考政治试卷原卷版.pdf","青海高考/2017年青海高考政治试卷原卷版.pdf","8. 北京高考政治2008-2025\2017年北京市高考政治试卷（原卷版）.doc"
"青海","2018","文科数学","arts","national_ii","青海高考","2018年青海高考文科数学试卷原卷版.pdf","青海高考/2018年青海高考文科数学试卷原卷版.pdf","2. 北京高考数学2008-2025\2018年北京市高考数学试卷（文科）（原卷版）.doc"
"青海","2018","理科数学","science","national_ii","青海高考","2018年青海高考理科数学试卷原卷版.pdf","青海高考/2018年青海高考理科数学试卷原卷版.pdf","2. 北京高考数学2008-2025/2018年北京高考数学试卷（理科）（原卷版）.doc"
"青海","2018","政治","","national_ii","青海高考","2018年青海高考政治试卷原卷版.pdf","青海高考/2018年青海高考政治试卷原卷版.pdf","8. 北京高考政治2008-2025\2018年北京市高考政治试卷（原卷版）.doc"
"青海","2019","文科数学","arts","national_ii","青海高考","2019年青海高考文科数学试卷原卷版.pdf","青海高考/2019年青海高考文科数学试卷原卷版.pdf","2. 北京高考数学2008-2025\2019年北京市高考数学试卷（文科）（原卷版）.doc"
"青海","2019","理科数学","science","national_ii","青海高考","2019年青海高考理科数学试卷原卷版.pdf","青海高考/2019年青海高考理科数学试卷原卷版.pdf","2. 北京高考数学2008-2025/2019年北京高考数学试卷（理科）（原卷版）.doc"
"青海","2019","政治","","national_ii","青海高考","2019年青海高考政治试卷原卷版.pdf","青海高考/2019年青海高考政治试卷原卷版.pdf","8. 北京高考政治2008-2025\2019年北京市高考政治试卷（原卷版）.doc"
"青海","2020","文科数学","arts","national_ii","青海高考","2020年青海高考文科数学试卷原卷版.pdf","青海高考/2020年青海高考文科数学试卷原卷版.pdf","2. 北京高考数学2008-2025\2020年北京市高考数学试卷（原卷版）.doc"
"青海","2020","理科数学","science","national_ii","青海高考","2020年青海高考理科数学试卷原卷版.pdf","青海高考/2020年青海高考理科数学试卷原卷版.pdf",""
"青海","2020","政治","","national_ii","青海高考","2020年青海高考政治试卷原卷版.pdf","青海高考/2020年青海高考政治试卷原卷版.pdf","8. 北京高考政治2008-2025\2020年北京市高考政治试卷（原卷版）.doc"
"青海","2021","文科数学","arts","national_ii","青海高考","2021年青海高考文科数学试卷原卷版.pdf","青海高考/2021年青海高考文科数学试卷原卷版.pdf","2. 北京高考数学2008-2025\2021年北京市高考数学试卷（原卷版）.docx"
"青海","2021","理科数学","science","national_ii","青海高考","2021年青海高考理科数学试卷原卷版.pdf","青海高考/2021年青海高考理科数学试卷原卷版.pdf",""
"青海","2021","政治","","national_ii","青海高考","2021年青海高考政治试卷原卷版.pdf","青海高考/2021年青海高考政治试卷原卷版.pdf","8. 北京高考政治2008-2025\.cache.2021年北京市高考政治试卷（原卷版）.pdf"
"青海","2022","文科数学","arts","national_b","青海高考","2022年青海高考文科数学试卷原卷版.pdf","青海高考/2022年青海高考文科数学试卷原卷版.pdf","2. 北京高考数学2008-2025\2022年新高考北京数学高考真题（原卷版）.docx"
"青海","2022","理科数学","science","national_b","青海高考","2022年青海高考理科数学试卷原卷版.pdf","青海高考/2022年青海高考理科数学试卷原卷版.pdf",""
"青海","2022","政治","","national_b","青海高考","2022年青海高考政治试卷原卷版.pdf","青海高考/2022年青海高考政治试卷原卷版.pdf","8. 北京高考政治2008-2025\2022年新高考北京政治高考真题（原卷版）.docx"
"青海","2023","文科数学","arts","national_b","青海高考","2023年青海高考文科数学试卷原卷版.pdf","青海高考/2023年青海高考文科数学试卷原卷版.pdf","2. 北京高考数学2008-2025\2023年北京高考数学真题（原卷版）.docx"
"青海","2023","理科数学","science","national_b","青海高考","2023年青海高考理科数学试卷原卷版.pdf","青海高考/2023年青海高考理科数学试卷原卷版.pdf",""
"青海","2023","政治","","national_b","青海高考","2023年青海高考政治试卷原卷版.pdf","青海高考/2023年青海高考政治试卷原卷版.pdf","8. 北京高考政治2008-2025\2023年高考北京政治真题（原卷版）.docx"
"青海","2024","文科数学","arts","national_b","青海高考","2024年青海高考文科数学试卷原卷版.pdf","青海高考/2024年青海高考文科数学试卷原卷版.pdf","2. 北京高考数学2008-2025\2024年北京高考数学真题（原卷版）.docx"
"青海","2024","理科数学","science","national_b","青海高考","2024年青海高考理科数学试卷原卷版.pdf","青海高考/2024年青海高考理科数学试卷原卷版.pdf",""
"青海","2024","政治","","national_b","青海高考","2024年青海高考政治试卷原卷版.pdf","青海高考/2024年青海高考政治试卷原卷版.pdf","8. 北京高考政治2008-2025\2024年北京高考政治试题（原卷版）.docx"
"青海","2025","生物","","independent","青海高考","2025年青海高考生物试卷原卷版.pdf","青海高考/2025年青海高考生物试卷原卷版.pdf","6. 北京高考生物2008-2025\.cache.2025高考北京卷生物真题试卷（原卷版）.pdf"
"青海","2025","化学","","independent","青海高考","2025年青海高考化学试卷原卷版.pdf","青海高考/2025年青海高考化学试卷原卷版.pdf","5. 北京高考化学2008-2025\.cache.2025年北京高考真题化学试题（原卷版）.pdf"
"青海","2025","地理","","independent","青海高考","2025年青海高考地理试卷原卷版.pdf","青海高考/2025年青海高考地理试卷原卷版.pdf","9. 北京高考地理2008-2025\2025年北京高考地理真题（原卷版）.docx"
"青海","2025","历史","","independent","青海高考","2025年青海高考历史试卷原卷版.pdf","青海高考/2025年青海高考历史试卷原卷版.pdf","7. 北京高考历史2008-2025\2025年北京高考历史真题（原卷版）.docx"
"青海","2025","数学","unified","new_gaokao_ii","青海高考","2025年青海高考数学试卷原卷版.pdf","青海高考/2025年青海高考数学试卷原卷版.pdf","2. 北京高考数学2008-2025\2025年高考北京数学真题（原卷版）.docx"
"青海","2025","政治","","independent","青海高考","2025年青海高考政治试卷原卷版.pdf","青海高考/2025年青海高考政治试卷原卷版.pdf","8. 北京高考政治2008-2025\2025北京高考政治试题（原卷版）.docx"
"陕西","2008","文科数学","arts","national_ii","陕西高考","2008年陕西高考文科数学试卷原卷版.pdf","陕西高考/2008年陕西高考文科数学试卷原卷版.pdf","2. 北京高考数学2008-2025\2008年北京市高考数学试卷（文科）（原卷版）.doc"
"陕西","2008","理科数学","science","national_ii","陕西高考","2008年陕西高考理科数学试卷原卷版.pdf","陕西高考/2008年陕西高考理科数学试卷原卷版.pdf","2. 北京高考数学2008-2025/2008年北京高考数学试卷（理科）（原卷版）.doc"
"陕西","2008","政治","","national_ii","陕西高考","2008年陕西高考政治试卷原卷版.pdf","陕西高考/2008年陕西高考政治试卷原卷版.pdf","8. 北京高考政治2008-2025\2008年高考生物试卷（北京）（空白卷）.doc"
"陕西","2009","文科数学","arts","national_ii","陕西高考","2009年陕西高考文科数学试卷原卷版.pdf","陕西高考/2009年陕西高考文科数学试卷原卷版.pdf","2. 北京高考数学2008-2025\2009年北京市高考数学试卷（文科）（原卷版）.doc"
"陕西","2009","理科数学","science","national_ii","陕西高考","2009年陕西高考理科数学试卷原卷版.pdf","陕西高考/2009年陕西高考理科数学试卷原卷版.pdf","2. 北京高考数学2008-2025/2009年北京高考数学试卷（理科）（原卷版）.doc"
"陕西","2009","政治","","national_ii","陕西高考","2009年陕西高考政治试卷原卷版.pdf","陕西高考/2009年陕西高考政治试卷原卷版.pdf","8. 北京高考政治2008-2025\2009年北京市高考政治试卷（原卷版）.doc"
"陕西","2010","文科数学","arts","national_ii","陕西高考","2010年陕西高考文科数学试卷原卷版.pdf","陕西高考/2010年陕西高考文科数学试卷原卷版.pdf","2. 北京高考数学2008-2025\2010年北京市高考数学试卷（文科）（原卷版）.doc"
"陕西","2010","理科数学","science","national_ii","陕西高考","2010年陕西高考理科数学试卷原卷版.pdf","陕西高考/2010年陕西高考理科数学试卷原卷版.pdf","2. 北京高考数学2008-2025/2010年北京高考数学试卷（理科）（原卷版）.doc"
"陕西","2010","政治","","national_ii","陕西高考","2010年陕西高考政治试卷原卷版.pdf","陕西高考/2010年陕西高考政治试卷原卷版.pdf","8. 北京高考政治2008-2025\2010年北京市高考政治试卷（原卷版）.doc"
"陕西","2011","文科数学","arts","national_ii","陕西高考","2011年陕西高考文科数学试卷原卷版.pdf","陕西高考/2011年陕西高考文科数学试卷原卷版.pdf","2. 北京高考数学2008-2025\2011年北京市高考数学试卷（文科）（原卷版）.doc"
"陕西","2011","理科数学","science","national_ii","陕西高考","2011年陕西高考理科数学试卷原卷版.pdf","陕西高考/2011年陕西高考理科数学试卷原卷版.pdf","2. 北京高考数学2008-2025/2011年北京高考数学试卷（理科）（原卷版）.doc"
"陕西","2011","政治","","national_ii","陕西高考","2011年陕西高考政治试卷原卷版.pdf","陕西高考/2011年陕西高考政治试卷原卷版.pdf","8. 北京高考政治2008-2025\2011年北京市高考政治试卷（原卷版）.doc"
"陕西","2012","文科数学","arts","national_ii","陕西高考","2012年陕西高考文科数学试卷原卷版.pdf","陕西高考/2012年陕西高考文科数学试卷原卷版.pdf","2. 北京高考数学2008-2025\2012年北京市高考数学试卷（文科）（原卷版）.doc"
"陕西","2012","理科数学","science","national_ii","陕西高考","2012年陕西高考理科数学试卷原卷版.pdf","陕西高考/2012年陕西高考理科数学试卷原卷版.pdf","2. 北京高考数学2008-2025/2012年北京高考数学试卷（理科）（原卷版）.doc"
"陕西","2012","政治","","national_ii","陕西高考","2012年陕西高考政治试卷原卷版.pdf","陕西高考/2012年陕西高考政治试卷原卷版.pdf","8. 北京高考政治2008-2025\2012年北京市高考政治试卷（原卷版）.doc"
"陕西","2013","文科数学","arts","national_ii","陕西高考","2013年陕西高考文科数学试卷原卷版.pdf","陕西高考/2013年陕西高考文科数学试卷原卷版.pdf","2. 北京高考数学2008-2025\2013年北京市高考数学试卷（文科）（原卷版）.doc"
"陕西","2013","理科数学","science","national_ii","陕西高考","2013年陕西高考理科数学试卷原卷版.pdf","陕西高考/2013年陕西高考理科数学试卷原卷版.pdf","2. 北京高考数学2008-2025/2013年北京高考数学试卷（理科）（原卷版）.doc"
"陕西","2013","政治","","national_ii","陕西高考","2013年陕西高考政治试卷原卷版.pdf","陕西高考/2013年陕西高考政治试卷原卷版.pdf","8. 北京高考政治2008-2025\2013年北京市高考政治试卷（原卷版）.doc"
"陕西","2014","文科数学","arts","national_ii","陕西高考","2014年陕西高考文科数学试卷原卷版.pdf","陕西高考/2014年陕西高考文科数学试卷原卷版.pdf","2. 北京高考数学2008-2025\2014年北京市高考数学试卷（文科）（原卷版）.doc"
"陕西","2014","理科数学","science","national_ii","陕西高考","2014年陕西高考理科数学试卷原卷版.pdf","陕西高考/2014年陕西高考理科数学试卷原卷版.pdf","2. 北京高考数学2008-2025/2014年北京高考数学试卷（理科）（原卷版）.doc"
"陕西","2014","政治","","national_ii","陕西高考","2014年陕西高考政治试卷原卷版.pdf","陕西高考/2014年陕西高考政治试卷原卷版.pdf","8. 北京高考政治2008-2025\2014年北京市高考政治试卷（原卷版）.doc"
"陕西","2015","文科数学","arts","national_ii","陕西高考","2015年陕西高考文科数学试卷原卷版.pdf","陕西高考/2015年陕西高考文科数学试卷原卷版.pdf","2. 北京高考数学2008-2025\2015年北京市高考数学试卷（文科）（原卷版）.doc"
"陕西","2015","理科数学","science","national_ii","陕西高考","2015年陕西高考理科数学试卷原卷版.pdf","陕西高考/2015年陕西高考理科数学试卷原卷版.pdf","2. 北京高考数学2008-2025/2015年北京高考数学试卷（理科）（原卷版）.doc"
"陕西","2015","政治","","national_ii","陕西高考","2015年陕西高考政治试卷原卷版.pdf","陕西高考/2015年陕西高考政治试卷原卷版.pdf","8. 北京高考政治2008-2025\2015年北京市高考政治试卷（原卷版）.doc"
"陕西","2016","文科数学","arts","national_ii","陕西高考","2016年陕西高考文科数学试卷原卷版.pdf","陕西高考/2016年陕西高考文科数学试卷原卷版.pdf","2. 北京高考数学2008-2025\2016年北京市高考数学试卷（文科）（原卷版）.doc"
"陕西","2016","理科数学","science","national_ii","陕西高考","2016年陕西高考理科数学试卷原卷版.pdf","陕西高考/2016年陕西高考理科数学试卷原卷版.pdf","2. 北京高考数学2008-2025/2016年北京高考数学试卷（理科）（原卷版）.doc"
"陕西","2016","政治","","national_ii","陕西高考","2016年陕西高考政治试卷原卷版.pdf","陕西高考/2016年陕西高考政治试卷原卷版.pdf","8. 北京高考政治2008-2025\2016年北京市高考政治试卷（原卷版）.doc"
"陕西","2017","文科数学","arts","national_ii","陕西高考","2017年陕西高考文科数学试卷原卷版.pdf","陕西高考/2017年陕西高考文科数学试卷原卷版.pdf","2. 北京高考数学2008-2025\2017年北京市高考数学试卷（文科）（原卷版）.doc"
"陕西","2017","理科数学","science","national_ii","陕西高考","2017年陕西高考理科数学试卷原卷版.pdf","陕西高考/2017年陕西高考理科数学试卷原卷版.pdf","2. 北京高考数学2008-2025/2017年北京高考数学试卷（理科）（原卷版）.doc"
"陕西","2017","政治","","national_ii","陕西高考","2017年陕西高考政治试卷原卷版.pdf","陕西高考/2017年陕西高考政治试卷原卷版.pdf","8. 北京高考政治2008-2025\2017年北京市高考政治试卷（原卷版）.doc"
"陕西","2018","文科数学","arts","national_ii","陕西高考","2018年陕西高考文科数学试卷原卷版.pdf","陕西高考/2018年陕西高考文科数学试卷原卷版.pdf","2. 北京高考数学2008-2025\2018年北京市高考数学试卷（文科）（原卷版）.doc"
"陕西","2018","理科数学","science","national_ii","陕西高考","2018年陕西高考理科数学试卷原卷版.pdf","陕西高考/2018年陕西高考理科数学试卷原卷版.pdf","2. 北京高考数学2008-2025/2018年北京高考数学试卷（理科）（原卷版）.doc"
"陕西","2018","政治","","national_ii","陕西高考","2018年陕西高考政治试卷原卷版.pdf","陕西高考/2018年陕西高考政治试卷原卷版.pdf","8. 北京高考政治2008-2025\2018年北京市高考政治试卷（原卷版）.doc"
"陕西","2019","文科数学","arts","national_ii","陕西高考","2019年陕西高考文科数学试卷原卷版.pdf","陕西高考/2019年陕西高考文科数学试卷原卷版.pdf","2. 北京高考数学2008-2025\2019年北京市高考数学试卷（文科）（原卷版）.doc"
"陕西","2019","理科数学","science","national_ii","陕西高考","2019年陕西高考理科数学试卷原卷版.pdf","陕西高考/2019年陕西高考理科数学试卷原卷版.pdf","2. 北京高考数学2008-2025/2019年北京高考数学试卷（理科）（原卷版）.doc"
"陕西","2019","政治","","national_ii","陕西高考","2019年陕西高考政治试卷原卷版.pdf","陕西高考/2019年陕西高考政治试卷原卷版.pdf","8. 北京高考政治2008-2025\2019年北京市高考政治试卷（原卷版）.doc"
"陕西","2020","文科数学","arts","national_ii","陕西高考","2020年陕西高考文科数学试卷原卷版.pdf","陕西高考/2020年陕西高考文科数学试卷原卷版.pdf","2. 北京高考数学2008-2025\2020年北京市高考数学试卷（原卷版）.doc"
"陕西","2020","理科数学","science","national_ii","陕西高考","2020年陕西高考理科数学试卷原卷版.pdf","陕西高考/2020年陕西高考理科数学试卷原卷版.pdf",""
"陕西","2020","政治","","national_ii","陕西高考","2020年陕西高考政治试卷原卷版.pdf","陕西高考/2020年陕西高考政治试卷原卷版.pdf","8. 北京高考政治2008-2025\2020年北京市高考政治试卷（原卷版）.doc"
"陕西","2021","文科数学","arts","national_ii","陕西高考","2021年陕西高考文科数学试卷原卷版.pdf","陕西高考/2021年陕西高考文科数学试卷原卷版.pdf","2. 北京高考数学2008-2025\2021年北京市高考数学试卷（原卷版）.docx"
"陕西","2021","理科数学","science","national_ii","陕西高考","2021年陕西高考理科数学试卷原卷版.pdf","陕西高考/2021年陕西高考理科数学试卷原卷版.pdf",""
"陕西","2021","政治","","national_ii","陕西高考","2021年陕西高考政治试卷原卷版.pdf","陕西高考/2021年陕西高考政治试卷原卷版.pdf","8. 北京高考政治2008-2025\.cache.2021年北京市高考政治试卷（原卷版）.pdf"
"陕西","2022","文科数学","arts","national_b","陕西高考","2022年陕西高考文科数学试卷原卷版.pdf","陕西高考/2022年陕西高考文科数学试卷原卷版.pdf","2. 北京高考数学2008-2025\2022年新高考北京数学高考真题（原卷版）.docx"
"陕西","2022","理科数学","science","national_b","陕西高考","2022年陕西高考理科数学试卷原卷版.pdf","陕西高考/2022年陕西高考理科数学试卷原卷版.pdf",""
"陕西","2022","政治","","national_b","陕西高考","2022年陕西高考政治试卷原卷版.pdf","陕西高考/2022年陕西高考政治试卷原卷版.pdf","8. 北京高考政治2008-2025\2022年新高考北京政治高考真题（原卷版）.docx"
"陕西","2023","文科数学","arts","national_b","陕西高考","2023年陕西高考文科数学试卷原卷版.pdf","陕西高考/2023年陕西高考文科数学试卷原卷版.pdf","2. 北京高考数学2008-2025\2023年北京高考数学真题（原卷版）.docx"
"陕西","2023","理科数学","science","national_b","陕西高考","2023年陕西高考理科数学试卷原卷版.pdf","陕西高考/2023年陕西高考理科数学试卷原卷版.pdf",""
"陕西","2023","政治","","national_b","陕西高考","2023年陕西高考政治试卷原卷版.pdf","陕西高考/2023年陕西高考政治试卷原卷版.pdf","8. 北京高考政治2008-2025\2023年高考北京政治真题（原卷版）.docx"
"陕西","2024","文科数学","arts","national_b","陕西高考","2024年陕西高考文科数学试卷原卷版.pdf","陕西高考/2024年陕西高考文科数学试卷原卷版.pdf","2. 北京高考数学2008-2025\2024年北京高考数学真题（原卷版）.docx"
"陕西","2024","理科数学","science","national_b","陕西高考","2024年陕西高考理科数学试卷原卷版.pdf","陕西高考/2024年陕西高考理科数学试卷原卷版.pdf",""
"陕西","2024","政治","","national_b","陕西高考","2024年陕西高考政治试卷原卷版.pdf","陕西高考/2024年陕西高考政治试卷原卷版.pdf","8. 北京高考政治2008-2025\2024年北京高考政治试题（原卷版）.docx"
"陕西","2025","生物","","independent","陕西高考","2025年陕西高考生物试卷原卷版.pdf","陕西高考/2025年陕西高考生物试卷原卷版.pdf","6. 北京高考生物2008-2025\.cache.2025高考北京卷生物真题试卷（原卷版）.pdf"
"陕西","2025","化学","","independent","陕西高考","2025年陕西高考化学试卷原卷版.pdf","陕西高考/2025年陕西高考化学试卷原卷版.pdf","5. 北京高考化学2008-2025\.cache.2025年北京高考真题化学试题（原卷版）.pdf"
"陕西","2025","地理","","independent","陕西高考","2025年陕西高考地理试卷原卷版.pdf","陕西高考/2025年陕西高考地理试卷原卷版.pdf","9. 北京高考地理2008-2025\2025年北京高考地理真题（原卷版）.docx"
"陕西","2025","历史","","independent","陕西高考","2025年陕西高考历史试卷原卷版.pdf","陕西高考/2025年陕西高考历史试卷原卷版.pdf","7. 北京高考历史2008-2025\2025年北京高考历史真题（原卷版）.docx"
"陕西","2025","数学","unified","new_gaokao_ii","陕西高考","2025年陕西高考数学试卷原卷版.pdf","陕西高考/2025年陕西高考数学试卷原卷版.pdf","2. 北京高考数学2008-2025\2025年高考北京数学真题（原卷版）.docx"
"陕西","2025","政治","","independent","陕西高考","2025年陕西高考政治试卷原卷版.pdf","陕西高考/2025年陕西高考政治试卷原卷版.pdf","8. 北京高考政治2008-2025\2025北京高考政治试题（原卷版）.docx"
"山东","2008","文科数学","arts","independent","山东高考","2008年山东高考文科数学试卷原卷版.pdf","山东高考/2008年山东高考文科数学试卷原卷版.pdf","2. 北京高考数学2008-2025\2008年北京市高考数学试卷（文科）（原卷版）.doc"
"山东","2008","理科数学","science","independent","山东高考","2008年山东高考理科数学试卷原卷版.pdf","山东高考/2008年山东高考理科数学试卷原卷版.pdf",""
"山东","2008","政治","","independent","山东高考","2008年山东高考政治试卷原卷版.pdf","山东高考/2008年山东高考政治试卷原卷版.pdf","8. 北京高考政治2008-2025\2008年高考生物试卷（北京）（空白卷）.doc"
"山东","2009","文科数学","arts","independent","山东高考","2009年山东高考文科数学试卷原卷版.pdf","山东高考/2009年山东高考文科数学试卷原卷版.pdf","2. 北京高考数学2008-2025\2009年北京市高考数学试卷（文科）（原卷版）.doc"
"山东","2009","理科数学","science","independent","山东高考","2009年山东高考理科数学试卷原卷版.pdf","山东高考/2009年山东高考理科数学试卷原卷版.pdf",""
"山东","2009","政治","","independent","山东高考","2009年山东高考政治试卷原卷版.pdf","山东高考/2009年山东高考政治试卷原卷版.pdf","8. 北京高考政治2008-2025\2009年北京市高考政治试卷（原卷版）.doc"
"山东","2010","文科数学","arts","independent","山东高考","2010年山东高考文科数学试卷原卷版.pdf","山东高考/2010年山东高考文科数学试卷原卷版.pdf","2. 北京高考数学2008-2025\2010年北京市高考数学试卷（文科）（原卷版）.doc"
"山东","2010","理科数学","science","independent","山东高考","2010年山东高考理科数学试卷原卷版.pdf","山东高考/2010年山东高考理科数学试卷原卷版.pdf",""
"山东","2010","政治","","independent","山东高考","2010年山东高考政治试卷原卷版.pdf","山东高考/2010年山东高考政治试卷原卷版.pdf","8. 北京高考政治2008-2025\2010年北京市高考政治试卷（原卷版）.doc"
"山东","2011","文科数学","arts","independent","山东高考","2011年山东高考文科数学试卷原卷版.pdf","山东高考/2011年山东高考文科数学试卷原卷版.pdf","2. 北京高考数学2008-2025\2011年北京市高考数学试卷（文科）（原卷版）.doc"
"山东","2011","理科数学","science","independent","山东高考","2011年山东高考理科数学试卷原卷版.pdf","山东高考/2011年山东高考理科数学试卷原卷版.pdf",""
"山东","2011","政治","","independent","山东高考","2011年山东高考政治试卷原卷版.pdf","山东高考/2011年山东高考政治试卷原卷版.pdf","8. 北京高考政治2008-2025\2011年北京市高考政治试卷（原卷版）.doc"
"山东","2012","文科数学","arts","independent","山东高考","2012年山东高考文科数学试卷原卷版.pdf","山东高考/2012年山东高考文科数学试卷原卷版.pdf","2. 北京高考数学2008-2025\2012年北京市高考数学试卷（文科）（原卷版）.doc"
"山东","2012","理科数学","science","independent","山东高考","2012年山东高考理科数学试卷原卷版.pdf","山东高考/2012年山东高考理科数学试卷原卷版.pdf",""
"山东","2012","政治","","independent","山东高考","2012年山东高考政治试卷原卷版.pdf","山东高考/2012年山东高考政治试卷原卷版.pdf","8. 北京高考政治2008-2025\2012年北京市高考政治试卷（原卷版）.doc"
"山东","2013","文科数学","arts","independent","山东高考","2013年山东高考文科数学试卷原卷版.pdf","山东高考/2013年山东高考文科数学试卷原卷版.pdf","2. 北京高考数学2008-2025\2013年北京市高考数学试卷（文科）（原卷版）.doc"
"山东","2013","理科数学","science","independent","山东高考","2013年山东高考理科数学试卷原卷版.pdf","山东高考/2013年山东高考理科数学试卷原卷版.pdf",""
"山东","2013","政治","","independent","山东高考","2013年山东高考政治试卷原卷版.pdf","山东高考/2013年山东高考政治试卷原卷版.pdf","8. 北京高考政治2008-2025\2013年北京市高考政治试卷（原卷版）.doc"
"山东","2014","文科数学","arts","independent","山东高考","2014年山东高考文科数学试卷原卷版.pdf","山东高考/2014年山东高考文科数学试卷原卷版.pdf","2. 北京高考数学2008-2025\2014年北京市高考数学试卷（文科）（原卷版）.doc"
"山东","2014","理科数学","science","independent","山东高考","2014年山东高考理科数学试卷原卷版.pdf","山东高考/2014年山东高考理科数学试卷原卷版.pdf",""
"山东","2014","政治","","independent","山东高考","2014年山东高考政治试卷原卷版.pdf","山东高考/2014年山东高考政治试卷原卷版.pdf","8. 北京高考政治2008-2025\2014年北京市高考政治试卷（原卷版）.doc"
"山东","2015","文科数学","arts","independent","山东高考","2015年山东高考文科数学试卷原卷版.pdf","山东高考/2015年山东高考文科数学试卷原卷版.pdf","2. 北京高考数学2008-2025\2015年北京市高考数学试卷（文科）（原卷版）.doc"
"山东","2015","理科数学","science","independent","山东高考","2015年山东高考理科数学试卷原卷版.pdf","山东高考/2015年山东高考理科数学试卷原卷版.pdf",""
"山东","2015","政治","","independent","山东高考","2015年山东高考政治试卷原卷版.pdf","山东高考/2015年山东高考政治试卷原卷版.pdf","8. 北京高考政治2008-2025\2015年北京市高考政治试卷（原卷版）.doc"
"山东","2016","文科数学","arts","independent","山东高考","2016年山东高考文科数学试卷原卷版.pdf","山东高考/2016年山东高考文科数学试卷原卷版.pdf","2. 北京高考数学2008-2025\2016年北京市高考数学试卷（文科）（原卷版）.doc"
"山东","2016","理科数学","science","independent","山东高考","2016年山东高考理科数学试卷原卷版.pdf","山东高考/2016年山东高考理科数学试卷原卷版.pdf",""
"山东","2016","政治","","independent","山东高考","2016年山东高考政治试卷原卷版.pdf","山东高考/2016年山东高考政治试卷原卷版.pdf","8. 北京高考政治2008-2025\2016年北京市高考政治试卷（原卷版）.doc"
"山东","2017","文科数学","arts","independent","山东高考","2017年山东高考文科数学试卷原卷版.pdf","山东高考/2017年山东高考文科数学试卷原卷版.pdf","2. 北京高考数学2008-2025\2017年北京市高考数学试卷（文科）（原卷版）.doc"
"山东","2017","理科数学","science","independent","山东高考","2017年山东高考理科数学试卷原卷版.pdf","山东高考/2017年山东高考理科数学试卷原卷版.pdf",""
"山东","2017","政治","","independent","山东高考","2017年山东高考政治试卷原卷版.pdf","山东高考/2017年山东高考政治试卷原卷版.pdf","8. 北京高考政治2008-2025\2017年北京市高考政治试卷（原卷版）.doc"
"山东","2018","文科数学","arts","independent","山东高考","2018年山东高考文科数学试卷原卷版.pdf","山东高考/2018年山东高考文科数学试卷原卷版.pdf","2. 北京高考数学2008-2025\2018年北京市高考数学试卷（文科）（原卷版）.doc"
"山东","2018","理科数学","science","independent","山东高考","2018年山东高考理科数学试卷原卷版.pdf","山东高考/2018年山东高考理科数学试卷原卷版.pdf",""
"山东","2018","政治","","independent","山东高考","2018年山东高考政治试卷原卷版.pdf","山东高考/2018年山东高考政治试卷原卷版.pdf","8. 北京高考政治2008-2025\2018年北京市高考政治试卷（原卷版）.doc"
"山东","2019","文科数学","arts","independent","山东高考","2019年山东高考文科数学试卷原卷版.pdf","山东高考/2019年山东高考文科数学试卷原卷版.pdf","2. 北京高考数学2008-2025\2019年北京市高考数学试卷（文科）（原卷版）.doc"
"山东","2019","理科数学","science","independent","山东高考","2019年山东高考理科数学试卷原卷版.pdf","山东高考/2019年山东高考理科数学试卷原卷版.pdf",""
"山东","2019","政治","","independent","山东高考","2019年山东高考政治试卷原卷版.pdf","山东高考/2019年山东高考政治试卷原卷版.pdf","8. 北京高考政治2008-2025\2019年北京市高考政治试卷（原卷版）.doc"
"山东","2020","数学","unified","new_gaokao_i","山东高考","2020年山东高考数学试卷原卷版.pdf","山东高考/2020年山东高考数学试卷原卷版.pdf","2. 北京高考数学2008-2025\2020年北京市高考数学试卷（原卷版）.doc"
"山东","2020","政治","","independent","山东高考","2020年山东高考政治试卷原卷版.pdf","山东高考/2020年山东高考政治试卷原卷版.pdf","8. 北京高考政治2008-2025\2020年北京市高考政治试卷（原卷版）.doc"
"山东","2021","数学","unified","new_gaokao_i","山东高考","2021年山东高考数学试卷原卷版.pdf","山东高考/2021年山东高考数学试卷原卷版.pdf","2. 北京高考数学2008-2025\2021年北京市高考数学试卷（原卷版）.docx"
"山东","2021","政治","","independent","山东高考","2021年山东高考政治试卷原卷版.pdf","山东高考/2021年山东高考政治试卷原卷版.pdf","8. 北京高考政治2008-2025\.cache.2021年北京市高考政治试卷（原卷版）.pdf"
"山东","2022","数学","unified","new_gaokao_i","山东高考","2022年山东高考数学试卷原卷版.pdf","山东高考/2022年山东高考数学试卷原卷版.pdf","2. 北京高考数学2008-2025/2022年新高考I卷高考数学试卷（原卷版）.docx"
"山东","2022","政治","","independent","山东高考","2022年山东高考政治试卷原卷版.pdf","山东高考/2022年山东高考政治试卷原卷版.pdf","8. 北京高考政治2008-2025\2022年新高考北京政治高考真题（原卷版）.docx"
"山东","2023","数学","unified","new_gaokao_i","山东高考","2023年山东高考数学试卷原卷版.pdf","山东高考/2023年山东高考数学试卷原卷版.pdf","2. 北京高考数学2008-2025\2023年北京高考数学真题（原卷版）.docx"
"山东","2023","政治","","independent","山东高考","2023年山东高考政治试卷原卷版.pdf","山东高考/2023年山东高考政治试卷原卷版.pdf","8. 北京高考政治2008-2025\2023年高考北京政治真题（原卷版）.docx"
"山东","2024","数学","unified","new_gaokao_i","山东高考","2024年山东高考数学试卷原卷版.pdf","山东高考/2024年山东高考数学试卷原卷版.pdf","2. 北京高考数学2008-2025\2024年北京高考数学真题（原卷版）.docx"
"山东","2024","政治","","independent","山东高考","2024年山东高考政治试卷原卷版.pdf","山东高考/2024年山东高考政治试卷原卷版.pdf","8. 北京高考政治2008-2025\2024年北京高考政治试题（原卷版）.docx"
"上海","2008","文科数学","arts","independent","上海高考","2008年上海高考文科数学试卷原卷版.pdf","上海高考/2008年上海高考文科数学试卷原卷版.pdf","2. 北京高考数学2008-2025\2008年北京市高考数学试卷（文科）（原卷版）.doc"
"上海","2008","理科数学","science","independent","上海高考","2008年上海高考理科数学试卷原卷版.pdf","上海高考/2008年上海高考理科数学试卷原卷版.pdf",""
"上海","2008","政治","","independent","上海高考","2008年上海高考政治试卷原卷版.pdf","上海高考/2008年上海高考政治试卷原卷版.pdf","8. 北京高考政治2008-2025\2008年高考生物试卷（北京）（空白卷）.doc"
"上海","2009","文科数学","arts","independent","上海高考","2009年上海高考文科数学试卷原卷版.pdf","上海高考/2009年上海高考文科数学试卷原卷版.pdf","2. 北京高考数学2008-2025\2009年北京市高考数学试卷（文科）（原卷版）.doc"
"上海","2009","理科数学","science","independent","上海高考","2009年上海高考理科数学试卷原卷版.pdf","上海高考/2009年上海高考理科数学试卷原卷版.pdf",""
"上海","2009","政治","","independent","上海高考","2009年上海高考政治试卷原卷版.pdf","上海高考/2009年上海高考政治试卷原卷版.pdf","8. 北京高考政治2008-2025\2009年北京市高考政治试卷（原卷版）.doc"
"上海","2010","文科数学","arts","independent","上海高考","2010年上海高考文科数学试卷原卷版.pdf","上海高考/2010年上海高考文科数学试卷原卷版.pdf","2. 北京高考数学2008-2025\2010年北京市高考数学试卷（文科）（原卷版）.doc"
"上海","2010","理科数学","science","independent","上海高考","2010年上海高考理科数学试卷原卷版.pdf","上海高考/2010年上海高考理科数学试卷原卷版.pdf",""
"上海","2010","政治","","independent","上海高考","2010年上海高考政治试卷原卷版.pdf","上海高考/2010年上海高考政治试卷原卷版.pdf","8. 北京高考政治2008-2025\2010年北京市高考政治试卷（原卷版）.doc"
"上海","2011","文科数学","arts","independent","上海高考","2011年上海高考文科数学试卷原卷版.pdf","上海高考/2011年上海高考文科数学试卷原卷版.pdf","2. 北京高考数学2008-2025\2011年北京市高考数学试卷（文科）（原卷版）.doc"
"上海","2011","理科数学","science","independent","上海高考","2011年上海高考理科数学试卷原卷版.pdf","上海高考/2011年上海高考理科数学试卷原卷版.pdf",""
"上海","2011","政治","","independent","上海高考","2011年上海高考政治试卷原卷版.pdf","上海高考/2011年上海高考政治试卷原卷版.pdf","8. 北京高考政治2008-2025\2011年北京市高考政治试卷（原卷版）.doc"
"上海","2012","文科数学","arts","independent","上海高考","2012年上海高考文科数学试卷原卷版.pdf","上海高考/2012年上海高考文科数学试卷原卷版.pdf","2. 北京高考数学2008-2025\2012年北京市高考数学试卷（文科）（原卷版）.doc"
"上海","2012","理科数学","science","independent","上海高考","2012年上海高考理科数学试卷原卷版.pdf","上海高考/2012年上海高考理科数学试卷原卷版.pdf",""
"上海","2012","政治","","independent","上海高考","2012年上海高考政治试卷原卷版.pdf","上海高考/2012年上海高考政治试卷原卷版.pdf","8. 北京高考政治2008-2025\2012年北京市高考政治试卷（原卷版）.doc"
"上海","2013","文科数学","arts","independent","上海高考","2013年上海高考文科数学试卷原卷版.pdf","上海高考/2013年上海高考文科数学试卷原卷版.pdf","2. 北京高考数学2008-2025\2013年北京市高考数学试卷（文科）（原卷版）.doc"
"上海","2013","理科数学","science","independent","上海高考","2013年上海高考理科数学试卷原卷版.pdf","上海高考/2013年上海高考理科数学试卷原卷版.pdf",""
"上海","2013","政治","","independent","上海高考","2013年上海高考政治试卷原卷版.pdf","上海高考/2013年上海高考政治试卷原卷版.pdf","8. 北京高考政治2008-2025\2013年北京市高考政治试卷（原卷版）.doc"
"上海","2014","文科数学","arts","independent","上海高考","2014年上海高考文科数学试卷原卷版.pdf","上海高考/2014年上海高考文科数学试卷原卷版.pdf","2. 北京高考数学2008-2025\2014年北京市高考数学试卷（文科）（原卷版）.doc"
"上海","2014","理科数学","science","independent","上海高考","2014年上海高考理科数学试卷原卷版.pdf","上海高考/2014年上海高考理科数学试卷原卷版.pdf",""
"上海","2014","政治","","independent","上海高考","2014年上海高考政治试卷原卷版.pdf","上海高考/2014年上海高考政治试卷原卷版.pdf","8. 北京高考政治2008-2025\2014年北京市高考政治试卷（原卷版）.doc"
"上海","2015","文科数学","arts","independent","上海高考","2015年上海高考文科数学试卷原卷版.pdf","上海高考/2015年上海高考文科数学试卷原卷版.pdf","2. 北京高考数学2008-2025\2015年北京市高考数学试卷（文科）（原卷版）.doc"
"上海","2015","理科数学","science","independent","上海高考","2015年上海高考理科数学试卷原卷版.pdf","上海高考/2015年上海高考理科数学试卷原卷版.pdf",""
"上海","2015","政治","","independent","上海高考","2015年上海高考政治试卷原卷版.pdf","上海高考/2015年上海高考政治试卷原卷版.pdf","8. 北京高考政治2008-2025\2015年北京市高考政治试卷（原卷版）.doc"
"上海","2016","文科数学","arts","independent","上海高考","2016年上海高考文科数学试卷原卷版.pdf","上海高考/2016年上海高考文科数学试卷原卷版.pdf","2. 北京高考数学2008-2025\2016年北京市高考数学试卷（文科）（原卷版）.doc"
"上海","2016","理科数学","science","independent","上海高考","2016年上海高考理科数学试卷原卷版.pdf","上海高考/2016年上海高考理科数学试卷原卷版.pdf",""
"上海","2016","政治","","independent","上海高考","2016年上海高考政治试卷原卷版.pdf","上海高考/2016年上海高考政治试卷原卷版.pdf","8. 北京高考政治2008-2025\2016年北京市高考政治试卷（原卷版）.doc"
"上海","2017","数学","unified","independent","上海高考","2017年上海高考数学试卷原卷版.pdf","上海高考/2017年上海高考数学试卷原卷版.pdf","2. 北京高考数学2008-2025\2017年北京市高考数学试卷（文科）（原卷版）.doc"
"上海","2017","政治","","independent","上海高考","2017年上海高考政治试卷原卷版.pdf","上海高考/2017年上海高考政治试卷原卷版.pdf","8. 北京高考政治2008-2025\2017年北京市高考政治试卷（原卷版）.doc"
"上海","2018","历史","","independent","上海高考","2018年上海高考历史试卷原卷版.pdf","上海高考/2018年上海高考历史试卷原卷版.pdf","7. 北京高考历史2008-2025\2018年北京市高考历史试卷（原卷版）.doc"
"上海","2018","数学","unified","independent","上海高考","2018年上海高考数学试卷原卷版.pdf","上海高考/2018年上海高考数学试卷原卷版.pdf","2. 北京高考数学2008-2025\2018年北京市高考数学试卷（文科）（原卷版）.doc"
"上海","2018","政治","","independent","上海高考","2018年上海高考政治试卷原卷版.pdf","上海高考/2018年上海高考政治试卷原卷版.pdf","8. 北京高考政治2008-2025\2018年北京市高考政治试卷（原卷版）.doc"
"上海","2019","数学","unified","independent","上海高考","2019年上海高考数学试卷原卷版.pdf","上海高考/2019年上海高考数学试卷原卷版.pdf","2. 北京高考数学2008-2025\2019年北京市高考数学试卷（文科）（原卷版）.doc"
"上海","2019","政治","","independent","上海高考","2019年上海高考政治试卷原卷版.pdf","上海高考/2019年上海高考政治试卷原卷版.pdf","8. 北京高考政治2008-2025\2019年北京市高考政治试卷（原卷版）.doc"
"上海","2020","历史","","independent","上海高考","2020年上海高考历史试卷原卷版.pdf","上海高考/2020年上海高考历史试卷原卷版.pdf","7. 北京高考历史2008-2025\2020年北京市高考历史试卷（原卷版）.doc"
"上海","2020","数学","unified","independent","上海高考","2020年上海高考数学试卷原卷版.pdf","上海高考/2020年上海高考数学试卷原卷版.pdf","2. 北京高考数学2008-2025\2020年北京市高考数学试卷（原卷版）.doc"
"上海","2020","政治","","independent","上海高考","2020年上海高考政治试卷原卷版.pdf","上海高考/2020年上海高考政治试卷原卷版.pdf","8. 北京高考政治2008-2025\2020年北京市高考政治试卷（原卷版）.doc"
"上海","2021","历史","","independent","上海高考","2021年上海高考历史试卷原卷版.pdf","上海高考/2021年上海高考历史试卷原卷版.pdf","7. 北京高考历史2008-2025/2021年北京高考历史试卷（原卷版）.doc"
"上海","2021","数学","unified","independent","上海高考","2021年上海高考数学试卷原卷版.pdf","上海高考/2021年上海高考数学试卷原卷版.pdf","2. 北京高考数学2008-2025\2021年北京市高考数学试卷（原卷版）.docx"
"上海","2021","政治","","independent","上海高考","2021年上海高考政治试卷原卷版.pdf","上海高考/2021年上海高考政治试卷原卷版.pdf","8. 北京高考政治2008-2025\.cache.2021年北京市高考政治试卷（原卷版）.pdf"
"上海","2022","地理","","independent","上海高考","2022年上海高考地理试卷原卷版.pdf","上海高考/2022年上海高考地理试卷原卷版.pdf","9. 北京高考地理2008-2025/2022年北京高考地理试卷（原卷版）.docx"
"上海","2022","历史","","independent","上海高考","2022年上海高考历史试卷原卷版.pdf","上海高考/2022年上海高考历史试卷原卷版.pdf","7. 北京高考历史2008-2025/2022年北京高考历史试卷（原卷版）.docx"
"上海","2022","数学","unified","independent","上海高考","2022年上海高考数学试卷原卷版.pdf","上海高考/2022年上海高考数学试卷原卷版.pdf","2. 北京高考数学2008-2025\2022年新高考北京数学高考真题（原卷版）.docx"
"上海","2022","政治","","independent","上海高考","2022年上海高考政治试卷原卷版.pdf","上海高考/2022年上海高考政治试卷原卷版.pdf","8. 北京高考政治2008-2025\2022年新高考北京政治高考真题（原卷版）.docx"
"上海","2023","生物","","independent","上海高考","2023年上海高考生物试卷原卷版.pdf","上海高考/2023年上海高考生物试卷原卷版.pdf","6. 北京高考生物2008-2025\2023年北京高考生物真题（原卷版）.docx"
"上海","2023","地理","","independent","上海高考","2023年上海高考地理试卷原卷版.pdf","上海高考/2023年上海高考地理试卷原卷版.pdf","9. 北京高考地理2008-2025\2023年北京卷高考地理真题（原卷版）.docx"
"上海","2023","历史","","independent","上海高考","2023年上海高考历史试卷原卷版.pdf","上海高考/2023年上海高考历史试卷原卷版.pdf","7. 北京高考历史2008-2025\2023年高考北京历史真题（原卷版）.docx"
"上海","2023","数学","unified","independent","上海高考","2023年上海高考数学试卷原卷版.pdf","上海高考/2023年上海高考数学试卷原卷版.pdf","2. 北京高考数学2008-2025\2023年北京高考数学真题（原卷版）.docx"
"上海","2023","政治","","independent","上海高考","2023年上海高考政治试卷原卷版.pdf","上海高考/2023年上海高考政治试卷原卷版.pdf","8. 北京高考政治2008-2025\2023年高考北京政治真题（原卷版）.docx"
"上海","2024","生物","","independent","上海高考","2024年上海高考生物试卷原卷版.pdf","上海高考/2024年上海高考生物试卷原卷版.pdf","6. 北京高考生物2008-2025\2024年北京高考真题生物试卷（原卷版）.docx"
"上海","2024","数学","unified","independent","上海高考","2024年上海高考数学试卷原卷版.pdf","上海高考/2024年上海高考数学试卷原卷版.pdf","2. 北京高考数学2008-2025\2024年北京高考数学真题（原卷版）.docx"
"上海","2024","政治","","independent","上海高考","2024年上海高考政治试卷原卷版.pdf","上海高考/2024年上海高考政治试卷原卷版.pdf","8. 北京高考政治2008-2025\2024年北京高考政治试题（原卷版）.docx"
"上海","2025","生物","","independent","上海高考","2025年上海高考生物试卷原卷版.pdf","上海高考/2025年上海高考生物试卷原卷版.pdf","6. 北京高考生物2008-2025\.cache.2025高考北京卷生物真题试卷（原卷版）.pdf"
"上海","2025","英语","","independent","上海高考","2025年上海高考英语试卷原卷版.pdf","上海高考/2025年上海高考英语试卷原卷版.pdf","3. 北京高考英语2008-2025\2025高考北京卷英语（原卷版）.docx"
"上海","2025","地理","","independent","上海高考","2025年上海高考地理试卷原卷版.pdf","上海高考/2025年上海高考地理试卷原卷版.pdf","9. 北京高考地理2008-2025\2025年北京高考地理真题（原卷版）.docx"
"上海","2025","历史","","independent","上海高考","2025年上海高考历史试卷原卷版.pdf","上海高考/2025年上海高考历史试卷原卷版.pdf","7. 北京高考历史2008-2025\2025年北京高考历史真题（原卷版）.docx"
"上海","2025","政治","","independent","上海高考","2025年上海高考政治试卷原卷版.pdf","上海高考/2025年上海高考政治试卷原卷版.pdf","8. 北京高考政治2008-2025\2025北京高考政治试题（原卷版）.docx"
"山西","2008","文科数学","arts","national_i","山西高考","2008年山西高考文科数学试卷原卷版.pdf","山西高考/2008年山西高考文科数学试卷原卷版.pdf","2. 北京高考数学2008-2025\2008年北京市高考数学试卷（文科）（原卷版）.doc"
"山西","2008","理科数学","science","national_i","山西高考","2008年山西高考理科数学试卷原卷版.pdf","山西高考/2008年山西高考理科数学试卷原卷版.pdf","2. 北京高考数学2008-2025/2008年北京高考数学试卷（理科）（原卷版）.doc"
"山西","2008","政治","","national_i","山西高考","2008年山西高考政治试卷原卷版.pdf","山西高考/2008年山西高考政治试卷原卷版.pdf","8. 北京高考政治2008-2025\2008年高考生物试卷（北京）（空白卷）.doc"
"山西","2009","文科数学","arts","national_i","山西高考","2009年山西高考文科数学试卷原卷版.pdf","山西高考/2009年山西高考文科数学试卷原卷版.pdf","2. 北京高考数学2008-2025\2009年北京市高考数学试卷（文科）（原卷版）.doc"
"山西","2009","理科数学","science","national_i","山西高考","2009年山西高考理科数学试卷原卷版.pdf","山西高考/2009年山西高考理科数学试卷原卷版.pdf","2. 北京高考数学2008-2025/2009年北京高考数学试卷（理科）（原卷版）.doc"
"山西","2009","政治","","national_i","山西高考","2009年山西高考政治试卷原卷版.pdf","山西高考/2009年山西高考政治试卷原卷版.pdf","8. 北京高考政治2008-2025\2009年北京市高考政治试卷（原卷版）.doc"
"山西","2010","文科数学","arts","national_i","山西高考","2010年山西高考文科数学试卷原卷版.pdf","山西高考/2010年山西高考文科数学试卷原卷版.pdf","2. 北京高考数学2008-2025\2010年北京市高考数学试卷（文科）（原卷版）.doc"
"山西","2010","理科数学","science","national_i","山西高考","2010年山西高考理科数学试卷原卷版.pdf","山西高考/2010年山西高考理科数学试卷原卷版.pdf","2. 北京高考数学2008-2025/2010年北京高考数学试卷（理科）（原卷版）.doc"
"山西","2010","政治","","national_i","山西高考","2010年山西高考政治试卷原卷版.pdf","山西高考/2010年山西高考政治试卷原卷版.pdf","8. 北京高考政治2008-2025\2010年北京市高考政治试卷（原卷版）.doc"
"山西","2011","文科数学","arts","national_i","山西高考","2011年山西高考文科数学试卷原卷版.pdf","山西高考/2011年山西高考文科数学试卷原卷版.pdf","2. 北京高考数学2008-2025\2011年北京市高考数学试卷（文科）（原卷版）.doc"
"山西","2011","理科数学","science","national_i","山西高考","2011年山西高考理科数学试卷原卷版.pdf","山西高考/2011年山西高考理科数学试卷原卷版.pdf","2. 北京高考数学2008-2025/2011年北京高考数学试卷（理科）（原卷版）.doc"
"山西","2011","政治","","national_i","山西高考","2011年山西高考政治试卷原卷版.pdf","山西高考/2011年山西高考政治试卷原卷版.pdf","8. 北京高考政治2008-2025\2011年北京市高考政治试卷（原卷版）.doc"
"山西","2012","文科数学","arts","national_i","山西高考","2012年山西高考文科数学试卷原卷版.pdf","山西高考/2012年山西高考文科数学试卷原卷版.pdf","2. 北京高考数学2008-2025\2012年北京市高考数学试卷（文科）（原卷版）.doc"
"山西","2012","理科数学","science","national_i","山西高考","2012年山西高考理科数学试卷原卷版.pdf","山西高考/2012年山西高考理科数学试卷原卷版.pdf","2. 北京高考数学2008-2025/2012年北京高考数学试卷（理科）（原卷版）.doc"
"山西","2012","政治","","national_i","山西高考","2012年山西高考政治试卷原卷版.pdf","山西高考/2012年山西高考政治试卷原卷版.pdf","8. 北京高考政治2008-2025\2012年北京市高考政治试卷（原卷版）.doc"
"山西","2013","文科数学","arts","national_i","山西高考","2013年山西高考文科数学试卷原卷版.pdf","山西高考/2013年山西高考文科数学试卷原卷版.pdf","2. 北京高考数学2008-2025\2013年北京市高考数学试卷（文科）（原卷版）.doc"
"山西","2013","理科数学","science","national_i","山西高考","2013年山西高考理科数学试卷原卷版.pdf","山西高考/2013年山西高考理科数学试卷原卷版.pdf","2. 北京高考数学2008-2025/2013年北京高考数学试卷（理科）（原卷版）.doc"
"山西","2013","政治","","national_i","山西高考","2013年山西高考政治试卷原卷版.pdf","山西高考/2013年山西高考政治试卷原卷版.pdf","8. 北京高考政治2008-2025\2013年北京市高考政治试卷（原卷版）.doc"
"山西","2014","文科数学","arts","national_i","山西高考","2014年山西高考文科数学试卷原卷版.pdf","山西高考/2014年山西高考文科数学试卷原卷版.pdf","2. 北京高考数学2008-2025\2014年北京市高考数学试卷（文科）（原卷版）.doc"
"山西","2014","理科数学","science","national_i","山西高考","2014年山西高考理科数学试卷原卷版.pdf","山西高考/2014年山西高考理科数学试卷原卷版.pdf","2. 北京高考数学2008-2025/2014年北京高考数学试卷（理科）（原卷版）.doc"
"山西","2014","政治","","national_i","山西高考","2014年山西高考政治试卷原卷版.pdf","山西高考/2014年山西高考政治试卷原卷版.pdf","8. 北京高考政治2008-2025\2014年北京市高考政治试卷（原卷版）.doc"
"山西","2015","文科数学","arts","national_i","山西高考","2015年山西高考文科数学试卷原卷版.pdf","山西高考/2015年山西高考文科数学试卷原卷版.pdf","2. 北京高考数学2008-2025/2015年全国I卷高考数学试卷（文科）（原卷版）.doc"
"山西","2015","理科数学","science","national_i","山西高考","2015年山西高考理科数学试卷原卷版.pdf","山西高考/2015年山西高考理科数学试卷原卷版.pdf","2. 北京高考数学2008-2025/2015年北京高考数学试卷（理科）（原卷版）.doc"
"山西","2015","政治","","national_i","山西高考","2015年山西高考政治试卷原卷版.pdf","山西高考/2015年山西高考政治试卷原卷版.pdf","8. 北京高考政治2008-2025\2015年北京市高考政治试卷（原卷版）.doc"
"山西","2016","文科数学","arts","national_i","山西高考","2016年山西高考文科数学试卷原卷版.pdf","山西高考/2016年山西高考文科数学试卷原卷版.pdf","2. 北京高考数学2008-2025\2016年北京市高考数学试卷（文科）（原卷版）.doc"
"山西","2016","理科数学","science","national_i","山西高考","2016年山西高考理科数学试卷原卷版.pdf","山西高考/2016年山西高考理科数学试卷原卷版.pdf","2. 北京高考数学2008-2025/2016年北京高考数学试卷（理科）（原卷版）.doc"
"山西","2016","政治","","national_i","山西高考","2016年山西高考政治试卷原卷版.pdf","山西高考/2016年山西高考政治试卷原卷版.pdf","8. 北京高考政治2008-2025\2016年北京市高考政治试卷（原卷版）.doc"
"山西","2017","文科数学","arts","national_i","山西高考","2017年山西高考文科数学试卷原卷版.pdf","山西高考/2017年山西高考文科数学试卷原卷版.pdf","2. 北京高考数学2008-2025\2017年北京市高考数学试卷（文科）（原卷版）.doc"
"山西","2017","理科数学","science","national_i","山西高考","2017年山西高考理科数学试卷原卷版.pdf","山西高考/2017年山西高考理科数学试卷原卷版.pdf","2. 北京高考数学2008-2025/2017年北京高考数学试卷（理科）（原卷版）.doc"
"山西","2017","政治","","national_i","山西高考","2017年山西高考政治试卷原卷版.pdf","山西高考/2017年山西高考政治试卷原卷版.pdf","8. 北京高考政治2008-2025\2017年北京市高考政治试卷（原卷版）.doc"
"山西","2018","文科数学","arts","national_i","山西高考","2018年山西高考文科数学试卷原卷版.pdf","山西高考/2018年山西高考文科数学试卷原卷版.pdf","2. 北京高考数学2008-2025\2018年北京市高考数学试卷（文科）（原卷版）.doc"
"山西","2018","理科数学","science","national_i","山西高考","2018年山西高考理科数学试卷原卷版.pdf","山西高考/2018年山西高考理科数学试卷原卷版.pdf","2. 北京高考数学2008-2025/2018年北京高考数学试卷（理科）（原卷版）.doc"
"山西","2018","政治","","national_i","山西高考","2018年山西高考政治试卷原卷版.pdf","山西高考/2018年山西高考政治试卷原卷版.pdf","8. 北京高考政治2008-2025\2018年北京市高考政治试卷（原卷版）.doc"
"山西","2019","文科数学","arts","national_i","山西高考","2019年山西高考文科数学试卷原卷版.pdf","山西高考/2019年山西高考文科数学试卷原卷版.pdf","2. 北京高考数学2008-2025\2019年北京市高考数学试卷（文科）（原卷版）.doc"
"山西","2019","理科数学","science","national_i","山西高考","2019年山西高考理科数学试卷原卷版.pdf","山西高考/2019年山西高考理科数学试卷原卷版.pdf","2. 北京高考数学2008-2025/2019年北京高考数学试卷（理科）（原卷版）.doc"
"山西","2019","政治","","national_i","山西高考","2019年山西高考政治试卷原卷版.pdf","山西高考/2019年山西高考政治试卷原卷版.pdf","8. 北京高考政治2008-2025\2019年北京市高考政治试卷（原卷版）.doc"
"山西","2020","文科数学","arts","national_i","山西高考","2020年山西高考文科数学试卷原卷版.pdf","山西高考/2020年山西高考文科数学试卷原卷版.pdf","2. 北京高考数学2008-2025\2020年北京市高考数学试卷（原卷版）.doc"
"山西","2020","理科数学","science","national_i","山西高考","2020年山西高考理科数学试卷原卷版.pdf","山西高考/2020年山西高考理科数学试卷原卷版.pdf",""
"山西","2020","政治","","national_i","山西高考","2020年山西高考政治试卷原卷版.pdf","山西高考/2020年山西高考政治试卷原卷版.pdf","8. 北京高考政治2008-2025\2020年北京市高考政治试卷（原卷版）.doc"
"山西","2021","文科数学","arts","national_i","山西高考","2021年山西高考文科数学试卷原卷版.pdf","山西高考/2021年山西高考文科数学试卷原卷版.pdf","2. 北京高考数学2008-2025\2021年北京市高考数学试卷（原卷版）.docx"
"山西","2021","理科数学","science","national_i","山西高考","2021年山西高考理科数学试卷原卷版.pdf","山西高考/2021年山西高考理科数学试卷原卷版.pdf",""
"山西","2021","政治","","national_i","山西高考","2021年山西高考政治试卷原卷版.pdf","山西高考/2021年山西高考政治试卷原卷版.pdf","8. 北京高考政治2008-2025\.cache.2021年北京市高考政治试卷（原卷版）.pdf"
"山西","2022","文科数学","arts","national_b","山西高考","2022年山西高考文科数学试卷原卷版.pdf","山西高考/2022年山西高考文科数学试卷原卷版.pdf","2. 北京高考数学2008-2025\2022年新高考北京数学高考真题（原卷版）.docx"
"山西","2022","理科数学","science","national_b","山西高考","2022年山西高考理科数学试卷原卷版.pdf","山西高考/2022年山西高考理科数学试卷原卷版.pdf",""
"山西","2022","政治","","national_b","山西高考","2022年山西高考政治试卷原卷版.pdf","山西高考/2022年山西高考政治试卷原卷版.pdf","8. 北京高考政治2008-2025\2022年新高考北京政治高考真题（原卷版）.docx"
"山西","2023","文科数学","arts","national_b","山西高考","2023年山西高考文科数学试卷原卷版.pdf","山西高考/2023年山西高考文科数学试卷原卷版.pdf","2. 北京高考数学2008-2025\2023年北京高考数学真题（原卷版）.docx"
"山西","2023","理科数学","science","national_b","山西高考","2023年山西高考理科数学试卷原卷版.pdf","山西高考/2023年山西高考理科数学试卷原卷版.pdf",""
"山西","2023","政治","","national_b","山西高考","2023年山西高考政治试卷原卷版.pdf","山西高考/2023年山西高考政治试卷原卷版.pdf","8. 北京高考政治2008-2025\2023年高考北京政治真题（原卷版）.docx"
"山西","2024","文科数学","arts","national_b","山西高考","2024年山西高考文科数学试卷原卷版.pdf","山西高考/2024年山西高考文科数学试卷原卷版.pdf","2. 北京高考数学2008-2025\2024年北京高考数学真题（原卷版）.docx"
"山西","2024","理科数学","science","national_b","山西高考","2024年山西高考理科数学试卷原卷版.pdf","山西高考/2024年山西高考理科数学试卷原卷版.pdf",""
"山西","2024","政治","","national_b","山西高考","2024年山西高考政治试卷原卷版.pdf","山西高考/2024年山西高考政治试卷原卷版.pdf","8. 北京高考政治2008-2025\2024年北京高考政治试题（原卷版）.docx"
"山西","2025","生物","","independent","山西高考","2025年山西高考生物试卷原卷版.pdf","山西高考/2025年山西高考生物试卷原卷版.pdf","6. 北京高考生物2008-2025\.cache.2025高考北京卷生物真题试卷（原卷版）.pdf"
"山西","2025","化学","","independent","山西高考","2025年山西高考化学试卷原卷版.pdf","山西高考/2025年山西高考化学试卷原卷版.pdf","5. 河南高考化学2008-2025\2025年高考河南化学卷完整版-2d81063ee36c.pdf"
"山西","2025","地理","","independent","山西高考","2025年山西高考地理试卷原卷版.pdf","山西高考/2025年山西高考地理试卷原卷版.pdf","9. 北京高考地理2008-2025\2025年北京高考地理真题（原卷版）.docx"
"山西","2025","历史","","independent","山西高考","2025年山西高考历史试卷原卷版.pdf","山西高考/2025年山西高考历史试卷原卷版.pdf","7. 北京高考历史2008-2025\2025年北京高考历史真题（原卷版）.docx"
"山西","2025","政治","","independent","山西高考","2025年山西高考政治试卷原卷版.pdf","山西高考/2025年山西高考政治试卷原卷版.pdf","8. 北京高考政治2008-2025\2025北京高考政治试题（原卷版）.docx"
"四川","2008","文科数学","arts","national_ii","四川高考","2008年四川高考文科数学试卷原卷版.pdf","四川高考/2008年四川高考文科数学试卷原卷版.pdf","2. 北京高考数学2008-2025\2008年北京市高考数学试卷（文科）（原卷版）.doc"
"四川","2008","理科数学","science","national_ii","四川高考","2008年四川高考理科数学试卷原卷版.pdf","四川高考/2008年四川高考理科数学试卷原卷版.pdf","2. 北京高考数学2008-2025/2008年北京高考数学试卷（理科）（原卷版）.doc"
"四川","2008","政治","","national_ii","四川高考","2008年四川高考政治试卷原卷版.pdf","四川高考/2008年四川高考政治试卷原卷版.pdf","8. 北京高考政治2008-2025\2008年高考生物试卷（北京）（空白卷）.doc"
"四川","2009","文科数学","arts","national_ii","四川高考","2009年四川高考文科数学试卷原卷版.pdf","四川高考/2009年四川高考文科数学试卷原卷版.pdf","2. 北京高考数学2008-2025\2009年北京市高考数学试卷（文科）（原卷版）.doc"
"四川","2009","理科数学","science","national_ii","四川高考","2009年四川高考理科数学试卷原卷版.pdf","四川高考/2009年四川高考理科数学试卷原卷版.pdf","2. 北京高考数学2008-2025/2009年北京高考数学试卷（理科）（原卷版）.doc"
"四川","2009","政治","","national_ii","四川高考","2009年四川高考政治试卷原卷版.pdf","四川高考/2009年四川高考政治试卷原卷版.pdf","8. 北京高考政治2008-2025\2009年北京市高考政治试卷（原卷版）.doc"
"四川","2010","文科数学","arts","national_ii","四川高考","2010年四川高考文科数学试卷原卷版.pdf","四川高考/2010年四川高考文科数学试卷原卷版.pdf","2. 北京高考数学2008-2025\2010年北京市高考数学试卷（文科）（原卷版）.doc"
"四川","2010","理科数学","science","national_ii","四川高考","2010年四川高考理科数学试卷原卷版.pdf","四川高考/2010年四川高考理科数学试卷原卷版.pdf","2. 北京高考数学2008-2025/2010年北京高考数学试卷（理科）（原卷版）.doc"
"四川","2010","政治","","national_ii","四川高考","2010年四川高考政治试卷原卷版.pdf","四川高考/2010年四川高考政治试卷原卷版.pdf","8. 北京高考政治2008-2025\2010年北京市高考政治试卷（原卷版）.doc"
"四川","2011","文科数学","arts","national_ii","四川高考","2011年四川高考文科数学试卷原卷版.pdf","四川高考/2011年四川高考文科数学试卷原卷版.pdf","2. 北京高考数学2008-2025\2011年北京市高考数学试卷（文科）（原卷版）.doc"
"四川","2011","理科数学","science","national_ii","四川高考","2011年四川高考理科数学试卷原卷版.pdf","四川高考/2011年四川高考理科数学试卷原卷版.pdf","2. 北京高考数学2008-2025/2011年北京高考数学试卷（理科）（原卷版）.doc"
"四川","2011","政治","","national_ii","四川高考","2011年四川高考政治试卷原卷版.pdf","四川高考/2011年四川高考政治试卷原卷版.pdf","8. 北京高考政治2008-2025\2011年北京市高考政治试卷（原卷版）.doc"
"四川","2012","文科数学","arts","national_ii","四川高考","2012年四川高考文科数学试卷原卷版.pdf","四川高考/2012年四川高考文科数学试卷原卷版.pdf","2. 北京高考数学2008-2025\2012年北京市高考数学试卷（文科）（原卷版）.doc"
"四川","2012","理科数学","science","national_ii","四川高考","2012年四川高考理科数学试卷原卷版.pdf","四川高考/2012年四川高考理科数学试卷原卷版.pdf","2. 北京高考数学2008-2025/2012年北京高考数学试卷（理科）（原卷版）.doc"
"四川","2012","政治","","national_ii","四川高考","2012年四川高考政治试卷原卷版.pdf","四川高考/2012年四川高考政治试卷原卷版.pdf","8. 北京高考政治2008-2025\2012年北京市高考政治试卷（原卷版）.doc"
"四川","2013","文科数学","arts","national_ii","四川高考","2013年四川高考文科数学试卷原卷版.pdf","四川高考/2013年四川高考文科数学试卷原卷版.pdf","2. 北京高考数学2008-2025\2013年北京市高考数学试卷（文科）（原卷版）.doc"
"四川","2013","理科数学","science","national_ii","四川高考","2013年四川高考理科数学试卷原卷版.pdf","四川高考/2013年四川高考理科数学试卷原卷版.pdf","2. 北京高考数学2008-2025/2013年北京高考数学试卷（理科）（原卷版）.doc"
"四川","2013","政治","","national_ii","四川高考","2013年四川高考政治试卷原卷版.pdf","四川高考/2013年四川高考政治试卷原卷版.pdf","8. 北京高考政治2008-2025\2013年北京市高考政治试卷（原卷版）.doc"
"四川","2014","文科数学","arts","national_ii","四川高考","2014年四川高考文科数学试卷原卷版.pdf","四川高考/2014年四川高考文科数学试卷原卷版.pdf","2. 北京高考数学2008-2025\2014年北京市高考数学试卷（文科）（原卷版）.doc"
"四川","2014","理科数学","science","national_ii","四川高考","2014年四川高考理科数学试卷原卷版.pdf","四川高考/2014年四川高考理科数学试卷原卷版.pdf","2. 北京高考数学2008-2025/2014年北京高考数学试卷（理科）（原卷版）.doc"
"四川","2014","政治","","national_ii","四川高考","2014年四川高考政治试卷原卷版.pdf","四川高考/2014年四川高考政治试卷原卷版.pdf","8. 北京高考政治2008-2025\2014年北京市高考政治试卷（原卷版）.doc"
"四川","2015","文科数学","arts","national_ii","四川高考","2015年四川高考文科数学试卷原卷版.pdf","四川高考/2015年四川高考文科数学试卷原卷版.pdf","2. 北京高考数学2008-2025\2015年北京市高考数学试卷（文科）（原卷版）.doc"
"四川","2015","理科数学","science","national_ii","四川高考","2015年四川高考理科数学试卷原卷版.pdf","四川高考/2015年四川高考理科数学试卷原卷版.pdf","2. 北京高考数学2008-2025/2015年北京高考数学试卷（理科）（原卷版）.doc"
"四川","2015","政治","","national_ii","四川高考","2015年四川高考政治试卷原卷版.pdf","四川高考/2015年四川高考政治试卷原卷版.pdf","8. 北京高考政治2008-2025\2015年北京市高考政治试卷（原卷版）.doc"
"四川","2016","文科数学","arts","national_iii","四川高考","2016年四川高考文科数学试卷原卷版.pdf","四川高考/2016年四川高考文科数学试卷原卷版.pdf","2. 北京高考数学2008-2025\2016年北京市高考数学试卷（文科）（原卷版）.doc"
"四川","2016","理科数学","science","national_iii","四川高考","2016年四川高考理科数学试卷原卷版.pdf","四川高考/2016年四川高考理科数学试卷原卷版.pdf","2. 北京高考数学2008-2025/2016年北京高考数学试卷（理科）（原卷版）.doc"
"四川","2016","政治","","national_iii","四川高考","2016年四川高考政治试卷原卷版.pdf","四川高考/2016年四川高考政治试卷原卷版.pdf","8. 北京高考政治2008-2025\2016年北京市高考政治试卷（原卷版）.doc"
"四川","2017","文科数学","arts","national_iii","四川高考","2017年四川高考文科数学试卷原卷版.pdf","四川高考/2017年四川高考文科数学试卷原卷版.pdf","2. 北京高考数学2008-2025\2017年北京市高考数学试卷（文科）（原卷版）.doc"
"四川","2017","理科数学","science","national_iii","四川高考","2017年四川高考理科数学试卷原卷版.pdf","四川高考/2017年四川高考理科数学试卷原卷版.pdf","2. 北京高考数学2008-2025/2017年北京高考数学试卷（理科）（原卷版）.doc"
"四川","2017","政治","","national_iii","四川高考","2017年四川高考政治试卷原卷版.pdf","四川高考/2017年四川高考政治试卷原卷版.pdf","8. 北京高考政治2008-2025\2017年北京市高考政治试卷（原卷版）.doc"
"四川","2018","文科数学","arts","national_iii","四川高考","2018年四川高考文科数学试卷原卷版.pdf","四川高考/2018年四川高考文科数学试卷原卷版.pdf","2. 北京高考数学2008-2025\2018年北京市高考数学试卷（文科）（原卷版）.doc"
"四川","2018","理科数学","science","national_iii","四川高考","2018年四川高考理科数学试卷原卷版.pdf","四川高考/2018年四川高考理科数学试卷原卷版.pdf","2. 北京高考数学2008-2025/2018年北京高考数学试卷（理科）（原卷版）.doc"
"四川","2018","政治","","national_iii","四川高考","2018年四川高考政治试卷原卷版.pdf","四川高考/2018年四川高考政治试卷原卷版.pdf","8. 北京高考政治2008-2025\2018年北京市高考政治试卷（原卷版）.doc"
"四川","2019","文科数学","arts","national_iii","四川高考","2019年四川高考文科数学试卷原卷版.pdf","四川高考/2019年四川高考文科数学试卷原卷版.pdf","2. 北京高考数学2008-2025\2019年北京市高考数学试卷（文科）（原卷版）.doc"
"四川","2019","理科数学","science","national_iii","四川高考","2019年四川高考理科数学试卷原卷版.pdf","四川高考/2019年四川高考理科数学试卷原卷版.pdf","2. 北京高考数学2008-2025/2019年北京高考数学试卷（理科）（原卷版）.doc"
"四川","2019","政治","","national_iii","四川高考","2019年四川高考政治试卷原卷版.pdf","四川高考/2019年四川高考政治试卷原卷版.pdf","8. 北京高考政治2008-2025\2019年北京市高考政治试卷（原卷版）.doc"
"四川","2020","文科数学","arts","national_iii","四川高考","2020年四川高考文科数学试卷原卷版.pdf","四川高考/2020年四川高考文科数学试卷原卷版.pdf","2. 北京高考数学2008-2025\2020年北京市高考数学试卷（原卷版）.doc"
"四川","2020","理科数学","science","national_iii","四川高考","2020年四川高考理科数学试卷原卷版.pdf","四川高考/2020年四川高考理科数学试卷原卷版.pdf",""
"四川","2020","政治","","national_iii","四川高考","2020年四川高考政治试卷原卷版.pdf","四川高考/2020年四川高考政治试卷原卷版.pdf","8. 北京高考政治2008-2025\2020年北京市高考政治试卷（原卷版）.doc"
"四川","2021","文科数学","arts","national_iii","四川高考","2021年四川高考文科数学试卷原卷版.pdf","四川高考/2021年四川高考文科数学试卷原卷版.pdf","2. 北京高考数学2008-2025\2021年北京市高考数学试卷（原卷版）.docx"
"四川","2021","理科数学","science","national_iii","四川高考","2021年四川高考理科数学试卷原卷版.pdf","四川高考/2021年四川高考理科数学试卷原卷版.pdf",""
"四川","2021","政治","","national_iii","四川高考","2021年四川高考政治试卷原卷版.pdf","四川高考/2021年四川高考政治试卷原卷版.pdf","8. 北京高考政治2008-2025\.cache.2021年北京市高考政治试卷（原卷版）.pdf"
"四川","2022","文科数学","arts","national_a","四川高考","2022年四川高考文科数学试卷原卷版.pdf","四川高考/2022年四川高考文科数学试卷原卷版.pdf","2. 北京高考数学2008-2025\2022年新高考北京数学高考真题（原卷版）.docx"
"四川","2022","理科数学","science","national_a","四川高考","2022年四川高考理科数学试卷原卷版.pdf","四川高考/2022年四川高考理科数学试卷原卷版.pdf",""
"四川","2022","政治","","national_a","四川高考","2022年四川高考政治试卷原卷版.pdf","四川高考/2022年四川高考政治试卷原卷版.pdf","8. 北京高考政治2008-2025\2022年新高考北京政治高考真题（原卷版）.docx"
"四川","2023","文科数学","arts","national_a","四川高考","2023年四川高考文科数学试卷原卷版.pdf","四川高考/2023年四川高考文科数学试卷原卷版.pdf","2. 北京高考数学2008-2025\2023年北京高考数学真题（原卷版）.docx"
"四川","2023","理科数学","science","national_a","四川高考","2023年四川高考理科数学试卷原卷版.pdf","四川高考/2023年四川高考理科数学试卷原卷版.pdf",""
"四川","2023","政治","","national_a","四川高考","2023年四川高考政治试卷原卷版.pdf","四川高考/2023年四川高考政治试卷原卷版.pdf","8. 北京高考政治2008-2025\2023年高考北京政治真题（原卷版）.docx"
"四川","2024","文科数学","arts","national_a","四川高考","2024年四川高考文科数学试卷原卷版.pdf","四川高考/2024年四川高考文科数学试卷原卷版.pdf","2. 北京高考数学2008-2025\2024年北京高考数学真题（原卷版）.docx"
"四川","2024","理科数学","science","national_a","四川高考","2024年四川高考理科数学试卷原卷版.pdf","四川高考/2024年四川高考理科数学试卷原卷版.pdf",""
"四川","2024","政治","","national_a","四川高考","2024年四川高考政治试卷原卷版.pdf","四川高考/2024年四川高考政治试卷原卷版.pdf","8. 北京高考政治2008-2025\2024年北京高考政治试题（原卷版）.docx"
"四川","2025","生物","","independent","四川高考","2025年四川高考生物试卷原卷版.pdf","四川高考/2025年四川高考生物试卷原卷版.pdf","6. 北京高考生物2008-2025\.cache.2025高考北京卷生物真题试卷（原卷版）.pdf"
"四川","2025","化学","","independent","四川高考","2025年四川高考化学试卷原卷版.pdf","四川高考/2025年四川高考化学试卷原卷版.pdf","5. 北京高考化学2008-2025\.cache.2025年北京高考真题化学试题（原卷版）.pdf"
"四川","2025","历史","","independent","四川高考","2025年四川高考历史试卷原卷版.pdf","四川高考/2025年四川高考历史试卷原卷版.pdf","7. 北京高考历史2008-2025\2025年北京高考历史真题（原卷版）.docx"
"四川","2025","数学","unified","new_gaokao_ii","四川高考","2025年四川高考数学试卷原卷版.pdf","四川高考/2025年四川高考数学试卷原卷版.pdf","2. 北京高考数学2008-2025\2025年高考北京数学真题（原卷版）.docx"
"四川","2025","政治","","independent","四川高考","2025年四川高考政治试卷原卷版.pdf","四川高考/2025年四川高考政治试卷原卷版.pdf","8. 北京高考政治2008-2025\2025北京高考政治试题（原卷版）.docx"
"天津","2008","文科数学","arts","independent","天津高考","2008年天津高考文科数学试卷原卷版.pdf","天津高考/2008年天津高考文科数学试卷原卷版.pdf","2. 北京高考数学2008-2025\2008年北京市高考数学试卷（文科）（原卷版）.doc"
"天津","2008","理科数学","science","independent","天津高考","2008年天津高考理科数学试卷原卷版.pdf","天津高考/2008年天津高考理科数学试卷原卷版.pdf",""
"天津","2008","政治","","independent","天津高考","2008年天津高考政治试卷原卷版.pdf","天津高考/2008年天津高考政治试卷原卷版.pdf","8. 北京高考政治2008-2025\2008年高考生物试卷（北京）（空白卷）.doc"
"天津","2009","文科数学","arts","independent","天津高考","2009年天津高考文科数学试卷原卷版.pdf","天津高考/2009年天津高考文科数学试卷原卷版.pdf","2. 北京高考数学2008-2025\2009年北京市高考数学试卷（文科）（原卷版）.doc"
"天津","2009","理科数学","science","independent","天津高考","2009年天津高考理科数学试卷原卷版.pdf","天津高考/2009年天津高考理科数学试卷原卷版.pdf",""
"天津","2009","政治","","independent","天津高考","2009年天津高考政治试卷原卷版.pdf","天津高考/2009年天津高考政治试卷原卷版.pdf","8. 北京高考政治2008-2025\2009年北京市高考政治试卷（原卷版）.doc"
"天津","2010","文科数学","arts","independent","天津高考","2010年天津高考文科数学试卷原卷版.pdf","天津高考/2010年天津高考文科数学试卷原卷版.pdf","2. 北京高考数学2008-2025\2010年北京市高考数学试卷（文科）（原卷版）.doc"
"天津","2010","理科数学","science","independent","天津高考","2010年天津高考理科数学试卷原卷版.pdf","天津高考/2010年天津高考理科数学试卷原卷版.pdf",""
"天津","2010","政治","","independent","天津高考","2010年天津高考政治试卷原卷版.pdf","天津高考/2010年天津高考政治试卷原卷版.pdf","8. 北京高考政治2008-2025\2010年北京市高考政治试卷（原卷版）.doc"
"天津","2011","文科数学","arts","independent","天津高考","2011年天津高考文科数学试卷原卷版.pdf","天津高考/2011年天津高考文科数学试卷原卷版.pdf","2. 北京高考数学2008-2025\2011年北京市高考数学试卷（文科）（原卷版）.doc"
"天津","2011","理科数学","science","independent","天津高考","2011年天津高考理科数学试卷原卷版.pdf","天津高考/2011年天津高考理科数学试卷原卷版.pdf",""
"天津","2011","政治","","independent","天津高考","2011年天津高考政治试卷原卷版.pdf","天津高考/2011年天津高考政治试卷原卷版.pdf","8. 北京高考政治2008-2025\2011年北京市高考政治试卷（原卷版）.doc"
"天津","2012","文科数学","arts","independent","天津高考","2012年天津高考文科数学试卷原卷版.pdf","天津高考/2012年天津高考文科数学试卷原卷版.pdf","2. 北京高考数学2008-2025\2012年北京市高考数学试卷（文科）（原卷版）.doc"
"天津","2012","理科数学","science","independent","天津高考","2012年天津高考理科数学试卷原卷版.pdf","天津高考/2012年天津高考理科数学试卷原卷版.pdf",""
"天津","2012","政治","","independent","天津高考","2012年天津高考政治试卷原卷版.pdf","天津高考/2012年天津高考政治试卷原卷版.pdf","8. 北京高考政治2008-2025\2012年北京市高考政治试卷（原卷版）.doc"
"天津","2013","文科数学","arts","independent","天津高考","2013年天津高考文科数学试卷原卷版.pdf","天津高考/2013年天津高考文科数学试卷原卷版.pdf","2. 北京高考数学2008-2025\2013年北京市高考数学试卷（文科）（原卷版）.doc"
"天津","2013","理科数学","science","independent","天津高考","2013年天津高考理科数学试卷原卷版.pdf","天津高考/2013年天津高考理科数学试卷原卷版.pdf",""
"天津","2013","政治","","independent","天津高考","2013年天津高考政治试卷原卷版.pdf","天津高考/2013年天津高考政治试卷原卷版.pdf","8. 北京高考政治2008-2025\2013年北京市高考政治试卷（原卷版）.doc"
"天津","2014","文科数学","arts","independent","天津高考","2014年天津高考文科数学试卷原卷版.pdf","天津高考/2014年天津高考文科数学试卷原卷版.pdf","2. 北京高考数学2008-2025\2014年北京市高考数学试卷（文科）（原卷版）.doc"
"天津","2014","理科数学","science","independent","天津高考","2014年天津高考理科数学试卷原卷版.pdf","天津高考/2014年天津高考理科数学试卷原卷版.pdf",""
"天津","2014","政治","","independent","天津高考","2014年天津高考政治试卷原卷版.pdf","天津高考/2014年天津高考政治试卷原卷版.pdf","8. 北京高考政治2008-2025\2014年北京市高考政治试卷（原卷版）.doc"
"天津","2015","文科数学","arts","independent","天津高考","2015年天津高考文科数学试卷原卷版.pdf","天津高考/2015年天津高考文科数学试卷原卷版.pdf","2. 北京高考数学2008-2025\2015年北京市高考数学试卷（文科）（原卷版）.doc"
"天津","2015","理科数学","science","independent","天津高考","2015年天津高考理科数学试卷原卷版.pdf","天津高考/2015年天津高考理科数学试卷原卷版.pdf",""
"天津","2015","政治","","independent","天津高考","2015年天津高考政治试卷原卷版.pdf","天津高考/2015年天津高考政治试卷原卷版.pdf","8. 北京高考政治2008-2025\2015年北京市高考政治试卷（原卷版）.doc"
"天津","2016","文科数学","arts","independent","天津高考","2016年天津高考文科数学试卷原卷版.pdf","天津高考/2016年天津高考文科数学试卷原卷版.pdf","2. 北京高考数学2008-2025\2016年北京市高考数学试卷（文科）（原卷版）.doc"
"天津","2016","理科数学","science","independent","天津高考","2016年天津高考理科数学试卷原卷版.pdf","天津高考/2016年天津高考理科数学试卷原卷版.pdf",""
"天津","2016","政治","","independent","天津高考","2016年天津高考政治试卷原卷版.pdf","天津高考/2016年天津高考政治试卷原卷版.pdf","8. 北京高考政治2008-2025\2016年北京市高考政治试卷（原卷版）.doc"
"天津","2017","文科数学","arts","independent","天津高考","2017年天津高考文科数学试卷原卷版.pdf","天津高考/2017年天津高考文科数学试卷原卷版.pdf","2. 北京高考数学2008-2025\2017年北京市高考数学试卷（文科）（原卷版）.doc"
"天津","2017","理科数学","science","independent","天津高考","2017年天津高考理科数学试卷原卷版.pdf","天津高考/2017年天津高考理科数学试卷原卷版.pdf",""
"天津","2017","政治","","independent","天津高考","2017年天津高考政治试卷原卷版.pdf","天津高考/2017年天津高考政治试卷原卷版.pdf","8. 北京高考政治2008-2025\2017年北京市高考政治试卷（原卷版）.doc"
"天津","2018","文科数学","arts","independent","天津高考","2018年天津高考文科数学试卷原卷版.pdf","天津高考/2018年天津高考文科数学试卷原卷版.pdf","2. 北京高考数学2008-2025\2018年北京市高考数学试卷（文科）（原卷版）.doc"
"天津","2018","理科数学","science","independent","天津高考","2018年天津高考理科数学试卷原卷版.pdf","天津高考/2018年天津高考理科数学试卷原卷版.pdf",""
"天津","2018","政治","","independent","天津高考","2018年天津高考政治试卷原卷版.pdf","天津高考/2018年天津高考政治试卷原卷版.pdf","8. 北京高考政治2008-2025\2018年北京市高考政治试卷（原卷版）.doc"
"天津","2019","文科数学","arts","independent","天津高考","2019年天津高考文科数学试卷原卷版.pdf","天津高考/2019年天津高考文科数学试卷原卷版.pdf","2. 北京高考数学2008-2025\2019年北京市高考数学试卷（文科）（原卷版）.doc"
"天津","2019","理科数学","science","independent","天津高考","2019年天津高考理科数学试卷原卷版.pdf","天津高考/2019年天津高考理科数学试卷原卷版.pdf",""
"天津","2019","政治","","independent","天津高考","2019年天津高考政治试卷原卷版.pdf","天津高考/2019年天津高考政治试卷原卷版.pdf","8. 北京高考政治2008-2025\2019年北京市高考政治试卷（原卷版）.doc"
"天津","2020","数学","unified","independent","天津高考","2020年天津高考数学试卷原卷版.pdf","天津高考/2020年天津高考数学试卷原卷版.pdf","2. 北京高考数学2008-2025\2020年北京市高考数学试卷（原卷版）.doc"
"天津","2020","政治","","independent","天津高考","2020年天津高考政治试卷原卷版.pdf","天津高考/2020年天津高考政治试卷原卷版.pdf","8. 北京高考政治2008-2025\2020年北京市高考政治试卷（原卷版）.doc"
"天津","2021","数学","unified","independent","天津高考","2021年天津高考数学试卷原卷版.pdf","天津高考/2021年天津高考数学试卷原卷版.pdf","2. 北京高考数学2008-2025\2021年北京市高考数学试卷（原卷版）.docx"
"天津","2021","政治","","independent","天津高考","2021年天津高考政治试卷原卷版.pdf","天津高考/2021年天津高考政治试卷原卷版.pdf","8. 北京高考政治2008-2025\.cache.2021年北京市高考政治试卷（原卷版）.pdf"
"天津","2022","数学","unified","independent","天津高考","2022年天津高考数学试卷原卷版.pdf","天津高考/2022年天津高考数学试卷原卷版.pdf","2. 北京高考数学2008-2025\2022年新高考北京数学高考真题（原卷版）.docx"
"天津","2022","政治","","independent","天津高考","2022年天津高考政治试卷原卷版.pdf","天津高考/2022年天津高考政治试卷原卷版.pdf","8. 北京高考政治2008-2025\2022年新高考北京政治高考真题（原卷版）.docx"
"天津","2023","数学","unified","independent","天津高考","2023年天津高考数学试卷原卷版.pdf","天津高考/2023年天津高考数学试卷原卷版.pdf","2. 北京高考数学2008-2025\2023年北京高考数学真题（原卷版）.docx"
"天津","2023","政治","","independent","天津高考","2023年天津高考政治试卷原卷版.pdf","天津高考/2023年天津高考政治试卷原卷版.pdf","8. 北京高考政治2008-2025\2023年高考北京政治真题（原卷版）.docx"
"天津","2024","生物","","independent","天津高考","2024年天津高考生物试卷原卷版.pdf","天津高考/2024年天津高考生物试卷原卷版.pdf","6. 北京高考生物2008-2025\2024年北京高考真题生物试卷（原卷版）.docx"
"天津","2024","化学","","independent","天津高考","2024年天津高考化学试卷原卷版.pdf","天津高考/2024年天津高考化学试卷原卷版.pdf","5. 北京高考化学2008-2025\2024年北京高考真题化学试题（原卷版）.docx"
"天津","2024","地理","","independent","天津高考","2024年天津高考地理试卷原卷版.pdf","天津高考/2024年天津高考地理试卷原卷版.pdf","9. 北京高考地理2008-2025\2024年北京市高考地理真题（原卷版）.docx"
"天津","2024","历史","","independent","天津高考","2024年天津高考历史试卷原卷版.pdf","天津高考/2024年天津高考历史试卷原卷版.pdf","7. 北京高考历史2008-2025\2024年北京高考历史真题（原卷版）.docx"
"天津","2024","数学","unified","independent","天津高考","2024年天津高考数学试卷原卷版.pdf","天津高考/2024年天津高考数学试卷原卷版.pdf","2. 北京高考数学2008-2025\2024年北京高考数学真题（原卷版）.docx"
"天津","2024","物理","","independent","天津高考","2024年天津高考物理试卷原卷版.pdf","天津高考/2024年天津高考物理试卷原卷版.pdf","4. 北京高考物理2008-2025/2024年北京高考物理试卷（原卷版）.docx"
"天津","2024","政治","","independent","天津高考","2024年天津高考政治试卷原卷版.pdf","天津高考/2024年天津高考政治试卷原卷版.pdf","8. 北京高考政治2008-2025\2024年北京高考政治试题（原卷版）.docx"
"天津","2025","生物","","independent","天津高考","2025年天津高考生物试卷原卷版.pdf","天津高考/2025年天津高考生物试卷原卷版.pdf","6. 北京高考生物2008-2025\.cache.2025高考北京卷生物真题试卷（原卷版）.pdf"
"天津","2025","化学","","independent","天津高考","2025年天津高考化学试卷原卷版.pdf","天津高考/2025年天津高考化学试卷原卷版.pdf","5. 北京高考化学2008-2025\.cache.2025年北京高考真题化学试题（原卷版）.pdf"
"天津","2025","英语","","independent","天津高考","2025年天津高考英语试卷原卷版.pdf","天津高考/2025年天津高考英语试卷原卷版.pdf","3. 北京高考英语2008-2025\2025高考北京卷英语（原卷版）.docx"
"天津","2025","地理","","independent","天津高考","2025年天津高考地理试卷原卷版.pdf","天津高考/2025年天津高考地理试卷原卷版.pdf","9. 北京高考地理2008-2025\2025年北京高考地理真题（原卷版）.docx"
"天津","2025","历史","","independent","天津高考","2025年天津高考历史试卷原卷版.pdf","天津高考/2025年天津高考历史试卷原卷版.pdf","7. 北京高考历史2008-2025\2025年北京高考历史真题（原卷版）.docx"
"天津","2025","物理","","independent","天津高考","2025年天津高考物理试卷原卷版.pdf","天津高考/2025年天津高考物理试卷原卷版.pdf","4. 北京高考物理2008-2025\2025年高考北京卷物理真题（原卷版）.docx"
"天津","2025","政治","","independent","天津高考","2025年天津高考政治试卷原卷版.pdf","天津高考/2025年天津高考政治试卷原卷版.pdf","8. 北京高考政治2008-2025\2025北京高考政治试题（原卷版）.docx"
"新疆","2008","文科数学","arts","national_ii","新疆高考","2008年新疆高考文科数学试卷原卷版.pdf","新疆高考/2008年新疆高考文科数学试卷原卷版.pdf","2. 北京高考数学2008-2025\2008年北京市高考数学试卷（文科）（原卷版）.doc"
"新疆","2008","理科数学","science","national_ii","新疆高考","2008年新疆高考理科数学试卷原卷版.pdf","新疆高考/2008年新疆高考理科数学试卷原卷版.pdf","2. 北京高考数学2008-2025/2008年北京高考数学试卷（理科）（原卷版）.doc"
"新疆","2008","政治","","national_ii","新疆高考","2008年新疆高考政治试卷原卷版.pdf","新疆高考/2008年新疆高考政治试卷原卷版.pdf","8. 北京高考政治2008-2025\2008年高考生物试卷（北京）（空白卷）.doc"
"新疆","2009","文科数学","arts","national_ii","新疆高考","2009年新疆高考文科数学试卷原卷版.pdf","新疆高考/2009年新疆高考文科数学试卷原卷版.pdf","2. 北京高考数学2008-2025\2009年北京市高考数学试卷（文科）（原卷版）.doc"
"新疆","2009","理科数学","science","national_ii","新疆高考","2009年新疆高考理科数学试卷原卷版.pdf","新疆高考/2009年新疆高考理科数学试卷原卷版.pdf","2. 北京高考数学2008-2025/2009年北京高考数学试卷（理科）（原卷版）.doc"
"新疆","2009","政治","","national_ii","新疆高考","2009年新疆高考政治试卷原卷版.pdf","新疆高考/2009年新疆高考政治试卷原卷版.pdf","8. 北京高考政治2008-2025\2009年北京市高考政治试卷（原卷版）.doc"
"新疆","2010","文科数学","arts","national_ii","新疆高考","2010年新疆高考文科数学试卷原卷版.pdf","新疆高考/2010年新疆高考文科数学试卷原卷版.pdf","2. 北京高考数学2008-2025\2010年北京市高考数学试卷（文科）（原卷版）.doc"
"新疆","2010","理科数学","science","national_ii","新疆高考","2010年新疆高考理科数学试卷原卷版.pdf","新疆高考/2010年新疆高考理科数学试卷原卷版.pdf","2. 北京高考数学2008-2025/2010年北京高考数学试卷（理科）（原卷版）.doc"
"新疆","2010","政治","","national_ii","新疆高考","2010年新疆高考政治试卷原卷版.pdf","新疆高考/2010年新疆高考政治试卷原卷版.pdf","8. 北京高考政治2008-2025\2010年北京市高考政治试卷（原卷版）.doc"
"新疆","2011","文科数学","arts","national_ii","新疆高考","2011年新疆高考文科数学试卷原卷版.pdf","新疆高考/2011年新疆高考文科数学试卷原卷版.pdf","2. 北京高考数学2008-2025\2011年北京市高考数学试卷（文科）（原卷版）.doc"
"新疆","2011","理科数学","science","national_ii","新疆高考","2011年新疆高考理科数学试卷原卷版.pdf","新疆高考/2011年新疆高考理科数学试卷原卷版.pdf","2. 北京高考数学2008-2025/2011年北京高考数学试卷（理科）（原卷版）.doc"
"新疆","2011","政治","","national_ii","新疆高考","2011年新疆高考政治试卷原卷版.pdf","新疆高考/2011年新疆高考政治试卷原卷版.pdf","8. 北京高考政治2008-2025\2011年北京市高考政治试卷（原卷版）.doc"
"新疆","2012","文科数学","arts","national_ii","新疆高考","2012年新疆高考文科数学试卷原卷版.pdf","新疆高考/2012年新疆高考文科数学试卷原卷版.pdf","2. 北京高考数学2008-2025\2012年北京市高考数学试卷（文科）（原卷版）.doc"
"新疆","2012","理科数学","science","national_ii","新疆高考","2012年新疆高考理科数学试卷原卷版.pdf","新疆高考/2012年新疆高考理科数学试卷原卷版.pdf","2. 北京高考数学2008-2025/2012年北京高考数学试卷（理科）（原卷版）.doc"
"新疆","2012","政治","","national_ii","新疆高考","2012年新疆高考政治试卷原卷版.pdf","新疆高考/2012年新疆高考政治试卷原卷版.pdf","8. 北京高考政治2008-2025\2012年北京市高考政治试卷（原卷版）.doc"
"新疆","2013","文科数学","arts","national_ii","新疆高考","2013年新疆高考文科数学试卷原卷版.pdf","新疆高考/2013年新疆高考文科数学试卷原卷版.pdf","2. 北京高考数学2008-2025\2013年北京市高考数学试卷（文科）（原卷版）.doc"
"新疆","2013","理科数学","science","national_ii","新疆高考","2013年新疆高考理科数学试卷原卷版.pdf","新疆高考/2013年新疆高考理科数学试卷原卷版.pdf","2. 北京高考数学2008-2025/2013年北京高考数学试卷（理科）（原卷版）.doc"
"新疆","2013","政治","","national_ii","新疆高考","2013年新疆高考政治试卷原卷版.pdf","新疆高考/2013年新疆高考政治试卷原卷版.pdf","8. 北京高考政治2008-2025\2013年北京市高考政治试卷（原卷版）.doc"
"新疆","2014","文科数学","arts","national_ii","新疆高考","2014年新疆高考文科数学试卷原卷版.pdf","新疆高考/2014年新疆高考文科数学试卷原卷版.pdf","2. 北京高考数学2008-2025\2014年北京市高考数学试卷（文科）（原卷版）.doc"
"新疆","2014","理科数学","science","national_ii","新疆高考","2014年新疆高考理科数学试卷原卷版.pdf","新疆高考/2014年新疆高考理科数学试卷原卷版.pdf","2. 北京高考数学2008-2025/2014年北京高考数学试卷（理科）（原卷版）.doc"
"新疆","2014","政治","","national_ii","新疆高考","2014年新疆高考政治试卷原卷版.pdf","新疆高考/2014年新疆高考政治试卷原卷版.pdf","8. 北京高考政治2008-2025\2014年北京市高考政治试卷（原卷版）.doc"
"新疆","2015","文科数学","arts","national_ii","新疆高考","2015年新疆高考文科数学试卷原卷版.pdf","新疆高考/2015年新疆高考文科数学试卷原卷版.pdf","2. 北京高考数学2008-2025\2015年北京市高考数学试卷（文科）（原卷版）.doc"
"新疆","2015","理科数学","science","national_ii","新疆高考","2015年新疆高考理科数学试卷原卷版.pdf","新疆高考/2015年新疆高考理科数学试卷原卷版.pdf","2. 北京高考数学2008-2025/2015年北京高考数学试卷（理科）（原卷版）.doc"
"新疆","2015","政治","","national_ii","新疆高考","2015年新疆高考政治试卷原卷版.pdf","新疆高考/2015年新疆高考政治试卷原卷版.pdf","8. 北京高考政治2008-2025\2015年北京市高考政治试卷（原卷版）.doc"
"新疆","2016","文科数学","arts","national_ii","新疆高考","2016年新疆高考文科数学试卷原卷版.pdf","新疆高考/2016年新疆高考文科数学试卷原卷版.pdf","2. 北京高考数学2008-2025\2016年北京市高考数学试卷（文科）（原卷版）.doc"
"新疆","2016","理科数学","science","national_ii","新疆高考","2016年新疆高考理科数学试卷原卷版.pdf","新疆高考/2016年新疆高考理科数学试卷原卷版.pdf","2. 北京高考数学2008-2025/2016年北京高考数学试卷（理科）（原卷版）.doc"
"新疆","2016","政治","","national_ii","新疆高考","2016年新疆高考政治试卷原卷版.pdf","新疆高考/2016年新疆高考政治试卷原卷版.pdf","8. 北京高考政治2008-2025\2016年北京市高考政治试卷（原卷版）.doc"
"新疆","2017","文科数学","arts","national_ii","新疆高考","2017年新疆高考文科数学试卷原卷版.pdf","新疆高考/2017年新疆高考文科数学试卷原卷版.pdf","2. 北京高考数学2008-2025\2017年北京市高考数学试卷（文科）（原卷版）.doc"
"新疆","2017","理科数学","science","national_ii","新疆高考","2017年新疆高考理科数学试卷原卷版.pdf","新疆高考/2017年新疆高考理科数学试卷原卷版.pdf","2. 北京高考数学2008-2025/2017年北京高考数学试卷（理科）（原卷版）.doc"
"新疆","2017","政治","","national_ii","新疆高考","2017年新疆高考政治试卷原卷版.pdf","新疆高考/2017年新疆高考政治试卷原卷版.pdf","8. 北京高考政治2008-2025\2017年北京市高考政治试卷（原卷版）.doc"
"新疆","2018","文科数学","arts","national_ii","新疆高考","2018年新疆高考文科数学试卷原卷版.pdf","新疆高考/2018年新疆高考文科数学试卷原卷版.pdf","2. 北京高考数学2008-2025\2018年北京市高考数学试卷（文科）（原卷版）.doc"
"新疆","2018","理科数学","science","national_ii","新疆高考","2018年新疆高考理科数学试卷原卷版.pdf","新疆高考/2018年新疆高考理科数学试卷原卷版.pdf","2. 北京高考数学2008-2025/2018年北京高考数学试卷（理科）（原卷版）.doc"
"新疆","2018","政治","","national_ii","新疆高考","2018年新疆高考政治试卷原卷版.pdf","新疆高考/2018年新疆高考政治试卷原卷版.pdf","8. 北京高考政治2008-2025\2018年北京市高考政治试卷（原卷版）.doc"
"新疆","2019","文科数学","arts","national_ii","新疆高考","2019年新疆高考文科数学试卷原卷版.pdf","新疆高考/2019年新疆高考文科数学试卷原卷版.pdf","2. 北京高考数学2008-2025\2019年北京市高考数学试卷（文科）（原卷版）.doc"
"新疆","2019","理科数学","science","national_ii","新疆高考","2019年新疆高考理科数学试卷原卷版.pdf","新疆高考/2019年新疆高考理科数学试卷原卷版.pdf","2. 北京高考数学2008-2025/2019年北京高考数学试卷（理科）（原卷版）.doc"
"新疆","2019","政治","","national_ii","新疆高考","2019年新疆高考政治试卷原卷版.pdf","新疆高考/2019年新疆高考政治试卷原卷版.pdf","8. 北京高考政治2008-2025\2019年北京市高考政治试卷（原卷版）.doc"
"新疆","2020","文科数学","arts","national_ii","新疆高考","2020年新疆高考文科数学试卷原卷版.pdf","新疆高考/2020年新疆高考文科数学试卷原卷版.pdf","2. 北京高考数学2008-2025\2020年北京市高考数学试卷（原卷版）.doc"
"新疆","2020","理科数学","science","national_ii","新疆高考","2020年新疆高考理科数学试卷原卷版.pdf","新疆高考/2020年新疆高考理科数学试卷原卷版.pdf",""
"新疆","2020","政治","","national_ii","新疆高考","2020年新疆高考政治试卷原卷版.pdf","新疆高考/2020年新疆高考政治试卷原卷版.pdf","8. 北京高考政治2008-2025\2020年北京市高考政治试卷（原卷版）.doc"
"新疆","2021","文科数学","arts","national_ii","新疆高考","2021年新疆高考文科数学试卷原卷版.pdf","新疆高考/2021年新疆高考文科数学试卷原卷版.pdf","2. 北京高考数学2008-2025/2021年全国II卷高考数学试卷（原卷版）.docx"
"新疆","2021","理科数学","science","national_ii","新疆高考","2021年新疆高考理科数学试卷原卷版.pdf","新疆高考/2021年新疆高考理科数学试卷原卷版.pdf",""
"新疆","2021","政治","","national_ii","新疆高考","2021年新疆高考政治试卷原卷版.pdf","新疆高考/2021年新疆高考政治试卷原卷版.pdf","8. 北京高考政治2008-2025\.cache.2021年北京市高考政治试卷（原卷版）.pdf"
"新疆","2022","文科数学","arts","national_b","新疆高考","2022年新疆高考文科数学试卷原卷版.pdf","新疆高考/2022年新疆高考文科数学试卷原卷版.pdf","2. 北京高考数学2008-2025\2022年新高考北京数学高考真题（原卷版）.docx"
"新疆","2022","理科数学","science","national_b","新疆高考","2022年新疆高考理科数学试卷原卷版.pdf","新疆高考/2022年新疆高考理科数学试卷原卷版.pdf",""
"新疆","2022","政治","","national_b","新疆高考","2022年新疆高考政治试卷原卷版.pdf","新疆高考/2022年新疆高考政治试卷原卷版.pdf","8. 北京高考政治2008-2025\2022年新高考北京政治高考真题（原卷版）.docx"
"新疆","2023","文科数学","arts","national_b","新疆高考","2023年新疆高考文科数学试卷原卷版.pdf","新疆高考/2023年新疆高考文科数学试卷原卷版.pdf","2. 北京高考数学2008-2025\2023年北京高考数学真题（原卷版）.docx"
"新疆","2023","理科数学","science","national_b","新疆高考","2023年新疆高考理科数学试卷原卷版.pdf","新疆高考/2023年新疆高考理科数学试卷原卷版.pdf",""
"新疆","2023","政治","","national_b","新疆高考","2023年新疆高考政治试卷原卷版.pdf","新疆高考/2023年新疆高考政治试卷原卷版.pdf","8. 北京高考政治2008-2025\2023年高考北京政治真题（原卷版）.docx"
"新疆","2024","文科数学","arts","national_b","新疆高考","2024年新疆高考文科数学试卷原卷版.pdf","新疆高考/2024年新疆高考文科数学试卷原卷版.pdf","2. 北京高考数学2008-2025\2024年北京高考数学真题（原卷版）.docx"
"新疆","2024","理科数学","science","national_b","新疆高考","2024年新疆高考理科数学试卷原卷版.pdf","新疆高考/2024年新疆高考理科数学试卷原卷版.pdf",""
"新疆","2024","政治","","national_b","新疆高考","2024年新疆高考政治试卷原卷版.pdf","新疆高考/2024年新疆高考政治试卷原卷版.pdf","8. 北京高考政治2008-2025\2024年北京高考政治试题（原卷版）.docx"
"新疆","2025","生物","","national_b","新疆高考","2025年新疆高考生物试卷原卷版.pdf","新疆高考/2025年新疆高考生物试卷原卷版.pdf","6. 北京高考生物2008-2025\.cache.2025高考北京卷生物真题试卷（原卷版）.pdf"
"新疆","2025","化学","","national_b","新疆高考","2025年新疆高考化学试卷原卷版.pdf","新疆高考/2025年新疆高考化学试卷原卷版.pdf","5. 河南高考化学2008-2025\2025年高考河南化学卷完整版-2d81063ee36c.pdf"
"新疆","2025","地理","","national_b","新疆高考","2025年新疆高考地理试卷原卷版.pdf","新疆高考/2025年新疆高考地理试卷原卷版.pdf","9. 北京高考地理2008-2025\2025年北京高考地理真题（原卷版）.docx"
"新疆","2025","历史","","national_b","新疆高考","2025年新疆高考历史试卷原卷版.pdf","新疆高考/2025年新疆高考历史试卷原卷版.pdf","7. 北京高考历史2008-2025\2025年北京高考历史真题（原卷版）.docx"
"新疆","2025","文科数学","arts","new_gaokao_ii","新疆高考","2025年新疆高考文科数学试卷原卷版.pdf","新疆高考/2025年新疆高考文科数学试卷原卷版.pdf","2. 北京高考数学2008-2025\2025年高考北京数学真题（原卷版）.docx"
"新疆","2025","理科数学","science","new_gaokao_ii","新疆高考","2025年新疆高考理科数学试卷原卷版.pdf","新疆高考/2025年新疆高考理科数学试卷原卷版.pdf",""
"新疆","2025","物理","","national_b","新疆高考","2025年新疆高考物理试卷原卷版.pdf","新疆高考/2025年新疆高考物理试卷原卷版.pdf","4. 河南高考物理2008-2025\2025河南物理答案-e2b6492c86c4.pdf"
"新疆","2025","政治","","national_b","新疆高考","2025年新疆高考政治试卷原卷版.pdf","新疆高考/2025年新疆高考政治试卷原卷版.pdf","8. 北京高考政治2008-2025\2025北京高考政治试题（原卷版）.docx"
"西藏","2008","文科数学","arts","national_ii","西藏高考","2008年西藏高考文科数学试卷原卷版.pdf","西藏高考/2008年西藏高考文科数学试卷原卷版.pdf","2. 北京高考数学2008-2025\2008年北京市高考数学试卷（文科）（原卷版）.doc"
"西藏","2008","理科数学","science","national_ii","西藏高考","2008年西藏高考理科数学试卷原卷版.pdf","西藏高考/2008年西藏高考理科数学试卷原卷版.pdf","2. 北京高考数学2008-2025/2008年北京高考数学试卷（理科）（原卷版）.doc"
"西藏","2008","政治","","national_ii","西藏高考","2008年西藏高考政治试卷原卷版.pdf","西藏高考/2008年西藏高考政治试卷原卷版.pdf","8. 北京高考政治2008-2025\2008年高考生物试卷（北京）（空白卷）.doc"
"西藏","2009","文科数学","arts","national_ii","西藏高考","2009年西藏高考文科数学试卷原卷版.pdf","西藏高考/2009年西藏高考文科数学试卷原卷版.pdf","2. 北京高考数学2008-2025\2009年北京市高考数学试卷（文科）（原卷版）.doc"
"西藏","2009","理科数学","science","national_ii","西藏高考","2009年西藏高考理科数学试卷原卷版.pdf","西藏高考/2009年西藏高考理科数学试卷原卷版.pdf","2. 北京高考数学2008-2025/2009年北京高考数学试卷（理科）（原卷版）.doc"
"西藏","2009","政治","","national_ii","西藏高考","2009年西藏高考政治试卷原卷版.pdf","西藏高考/2009年西藏高考政治试卷原卷版.pdf","8. 北京高考政治2008-2025\2009年北京市高考政治试卷（原卷版）.doc"
"西藏","2010","文科数学","arts","national_ii","西藏高考","2010年西藏高考文科数学试卷原卷版.pdf","西藏高考/2010年西藏高考文科数学试卷原卷版.pdf","2. 北京高考数学2008-2025\2010年北京市高考数学试卷（文科）（原卷版）.doc"
"西藏","2010","理科数学","science","national_ii","西藏高考","2010年西藏高考理科数学试卷原卷版.pdf","西藏高考/2010年西藏高考理科数学试卷原卷版.pdf","2. 北京高考数学2008-2025/2010年北京高考数学试卷（理科）（原卷版）.doc"
"西藏","2010","政治","","national_ii","西藏高考","2010年西藏高考政治试卷原卷版.pdf","西藏高考/2010年西藏高考政治试卷原卷版.pdf","8. 北京高考政治2008-2025\2010年北京市高考政治试卷（原卷版）.doc"
"西藏","2011","文科数学","arts","national_ii","西藏高考","2011年西藏高考文科数学试卷原卷版.pdf","西藏高考/2011年西藏高考文科数学试卷原卷版.pdf","2. 北京高考数学2008-2025\2011年北京市高考数学试卷（文科）（原卷版）.doc"
"西藏","2011","理科数学","science","national_ii","西藏高考","2011年西藏高考理科数学试卷原卷版.pdf","西藏高考/2011年西藏高考理科数学试卷原卷版.pdf","2. 北京高考数学2008-2025/2011年北京高考数学试卷（理科）（原卷版）.doc"
"西藏","2011","政治","","national_ii","西藏高考","2011年西藏高考政治试卷原卷版.pdf","西藏高考/2011年西藏高考政治试卷原卷版.pdf","8. 北京高考政治2008-2025\2011年北京市高考政治试卷（原卷版）.doc"
"西藏","2012","文科数学","arts","national_ii","西藏高考","2012年西藏高考文科数学试卷原卷版.pdf","西藏高考/2012年西藏高考文科数学试卷原卷版.pdf","2. 北京高考数学2008-2025\2012年北京市高考数学试卷（文科）（原卷版）.doc"
"西藏","2012","理科数学","science","national_ii","西藏高考","2012年西藏高考理科数学试卷原卷版.pdf","西藏高考/2012年西藏高考理科数学试卷原卷版.pdf","2. 北京高考数学2008-2025/2012年北京高考数学试卷（理科）（原卷版）.doc"
"西藏","2012","政治","","national_ii","西藏高考","2012年西藏高考政治试卷原卷版.pdf","西藏高考/2012年西藏高考政治试卷原卷版.pdf","8. 北京高考政治2008-2025\2012年北京市高考政治试卷（原卷版）.doc"
"西藏","2013","文科数学","arts","national_ii","西藏高考","2013年西藏高考文科数学试卷原卷版.pdf","西藏高考/2013年西藏高考文科数学试卷原卷版.pdf","2. 北京高考数学2008-2025\2013年北京市高考数学试卷（文科）（原卷版）.doc"
"西藏","2013","理科数学","science","national_ii","西藏高考","2013年西藏高考理科数学试卷原卷版.pdf","西藏高考/2013年西藏高考理科数学试卷原卷版.pdf","2. 北京高考数学2008-2025/2013年北京高考数学试卷（理科）（原卷版）.doc"
"西藏","2013","政治","","national_ii","西藏高考","2013年西藏高考政治试卷原卷版.pdf","西藏高考/2013年西藏高考政治试卷原卷版.pdf","8. 北京高考政治2008-2025\2013年北京市高考政治试卷（原卷版）.doc"
"西藏","2014","文科数学","arts","national_ii","西藏高考","2014年西藏高考文科数学试卷原卷版.pdf","西藏高考/2014年西藏高考文科数学试卷原卷版.pdf","2. 北京高考数学2008-2025\2014年北京市高考数学试卷（文科）（原卷版）.doc"
"西藏","2014","理科数学","science","national_ii","西藏高考","2014年西藏高考理科数学试卷原卷版.pdf","西藏高考/2014年西藏高考理科数学试卷原卷版.pdf","2. 北京高考数学2008-2025/2014年北京高考数学试卷（理科）（原卷版）.doc"
"西藏","2014","政治","","national_ii","西藏高考","2014年西藏高考政治试卷原卷版.pdf","西藏高考/2014年西藏高考政治试卷原卷版.pdf","8. 北京高考政治2008-2025\2014年北京市高考政治试卷（原卷版）.doc"
"西藏","2015","文科数学","arts","national_ii","西藏高考","2015年西藏高考文科数学试卷原卷版.pdf","西藏高考/2015年西藏高考文科数学试卷原卷版.pdf","2. 北京高考数学2008-2025\2015年北京市高考数学试卷（文科）（原卷版）.doc"
"西藏","2015","理科数学","science","national_ii","西藏高考","2015年西藏高考理科数学试卷原卷版.pdf","西藏高考/2015年西藏高考理科数学试卷原卷版.pdf","2. 北京高考数学2008-2025/2015年北京高考数学试卷（理科）（原卷版）.doc"
"西藏","2015","政治","","national_ii","西藏高考","2015年西藏高考政治试卷原卷版.pdf","西藏高考/2015年西藏高考政治试卷原卷版.pdf","8. 北京高考政治2008-2025\2015年北京市高考政治试卷（原卷版）.doc"
"西藏","2016","文科数学","arts","national_iii","西藏高考","2016年西藏高考文科数学试卷原卷版.pdf","西藏高考/2016年西藏高考文科数学试卷原卷版.pdf","2. 北京高考数学2008-2025\2016年北京市高考数学试卷（文科）（原卷版）.doc"
"西藏","2016","理科数学","science","national_iii","西藏高考","2016年西藏高考理科数学试卷原卷版.pdf","西藏高考/2016年西藏高考理科数学试卷原卷版.pdf","2. 北京高考数学2008-2025/2016年北京高考数学试卷（理科）（原卷版）.doc"
"西藏","2016","政治","","national_iii","西藏高考","2016年西藏高考政治试卷原卷版.pdf","西藏高考/2016年西藏高考政治试卷原卷版.pdf","8. 北京高考政治2008-2025\2016年北京市高考政治试卷（原卷版）.doc"
"西藏","2017","文科数学","arts","national_iii","西藏高考","2017年西藏高考文科数学试卷原卷版.pdf","西藏高考/2017年西藏高考文科数学试卷原卷版.pdf","2. 北京高考数学2008-2025\2017年北京市高考数学试卷（文科）（原卷版）.doc"
"西藏","2017","理科数学","science","national_iii","西藏高考","2017年西藏高考理科数学试卷原卷版.pdf","西藏高考/2017年西藏高考理科数学试卷原卷版.pdf","2. 北京高考数学2008-2025/2017年北京高考数学试卷（理科）（原卷版）.doc"
"西藏","2017","政治","","national_iii","西藏高考","2017年西藏高考政治试卷原卷版.pdf","西藏高考/2017年西藏高考政治试卷原卷版.pdf","8. 北京高考政治2008-2025\2017年北京市高考政治试卷（原卷版）.doc"
"西藏","2018","文科数学","arts","national_iii","西藏高考","2018年西藏高考文科数学试卷原卷版.pdf","西藏高考/2018年西藏高考文科数学试卷原卷版.pdf","2. 北京高考数学2008-2025\2018年北京市高考数学试卷（文科）（原卷版）.doc"
"西藏","2018","理科数学","science","national_iii","西藏高考","2018年西藏高考理科数学试卷原卷版.pdf","西藏高考/2018年西藏高考理科数学试卷原卷版.pdf","2. 北京高考数学2008-2025/2018年北京高考数学试卷（理科）（原卷版）.doc"
"西藏","2018","政治","","national_iii","西藏高考","2018年西藏高考政治试卷原卷版.pdf","西藏高考/2018年西藏高考政治试卷原卷版.pdf","8. 北京高考政治2008-2025\2018年北京市高考政治试卷（原卷版）.doc"
"西藏","2019","文科数学","arts","national_iii","西藏高考","2019年西藏高考文科数学试卷原卷版.pdf","西藏高考/2019年西藏高考文科数学试卷原卷版.pdf","2. 北京高考数学2008-2025\2019年北京市高考数学试卷（文科）（原卷版）.doc"
"西藏","2019","理科数学","science","national_iii","西藏高考","2019年西藏高考理科数学试卷原卷版.pdf","西藏高考/2019年西藏高考理科数学试卷原卷版.pdf","2. 北京高考数学2008-2025/2019年北京高考数学试卷（理科）（原卷版）.doc"
"西藏","2019","政治","","national_iii","西藏高考","2019年西藏高考政治试卷原卷版.pdf","西藏高考/2019年西藏高考政治试卷原卷版.pdf","8. 北京高考政治2008-2025\2019年北京市高考政治试卷（原卷版）.doc"
"西藏","2020","文科数学","arts","national_iii","西藏高考","2020年西藏高考文科数学试卷原卷版.pdf","西藏高考/2020年西藏高考文科数学试卷原卷版.pdf","2. 北京高考数学2008-2025\2020年北京市高考数学试卷（原卷版）.doc"
"西藏","2020","理科数学","science","national_iii","西藏高考","2020年西藏高考理科数学试卷原卷版.pdf","西藏高考/2020年西藏高考理科数学试卷原卷版.pdf",""
"西藏","2020","政治","","national_iii","西藏高考","2020年西藏高考政治试卷原卷版.pdf","西藏高考/2020年西藏高考政治试卷原卷版.pdf","8. 北京高考政治2008-2025\2020年北京市高考政治试卷（原卷版）.doc"
"西藏","2021","文科数学","arts","national_iii","西藏高考","2021年西藏高考文科数学试卷原卷版.pdf","西藏高考/2021年西藏高考文科数学试卷原卷版.pdf","2. 北京高考数学2008-2025\2021年北京市高考数学试卷（原卷版）.docx"
"西藏","2021","理科数学","science","national_iii","西藏高考","2021年西藏高考理科数学试卷原卷版.pdf","西藏高考/2021年西藏高考理科数学试卷原卷版.pdf",""
"西藏","2021","政治","","national_iii","西藏高考","2021年西藏高考政治试卷原卷版.pdf","西藏高考/2021年西藏高考政治试卷原卷版.pdf","8. 北京高考政治2008-2025\.cache.2021年北京市高考政治试卷（原卷版）.pdf"
"西藏","2022","文科数学","arts","national_a","西藏高考","2022年西藏高考文科数学试卷原卷版.pdf","西藏高考/2022年西藏高考文科数学试卷原卷版.pdf","2. 北京高考数学2008-2025\2022年新高考北京数学高考真题（原卷版）.docx"
"西藏","2022","理科数学","science","national_a","西藏高考","2022年西藏高考理科数学试卷原卷版.pdf","西藏高考/2022年西藏高考理科数学试卷原卷版.pdf",""
"西藏","2022","政治","","national_a","西藏高考","2022年西藏高考政治试卷原卷版.pdf","西藏高考/2022年西藏高考政治试卷原卷版.pdf","8. 北京高考政治2008-2025\2022年新高考北京政治高考真题（原卷版）.docx"
"西藏","2023","文科数学","arts","national_a","西藏高考","2023年西藏高考文科数学试卷原卷版.pdf","西藏高考/2023年西藏高考文科数学试卷原卷版.pdf","2. 北京高考数学2008-2025\2023年北京高考数学真题（原卷版）.docx"
"西藏","2023","理科数学","science","national_a","西藏高考","2023年西藏高考理科数学试卷原卷版.pdf","西藏高考/2023年西藏高考理科数学试卷原卷版.pdf",""
"西藏","2023","政治","","national_a","西藏高考","2023年西藏高考政治试卷原卷版.pdf","西藏高考/2023年西藏高考政治试卷原卷版.pdf","8. 北京高考政治2008-2025\2023年高考北京政治真题（原卷版）.docx"
"西藏","2024","文科数学","arts","national_a","西藏高考","2024年西藏高考文科数学试卷原卷版.pdf","西藏高考/2024年西藏高考文科数学试卷原卷版.pdf","2. 北京高考数学2008-2025\2024年北京高考数学真题（原卷版）.docx"
"西藏","2024","理科数学","science","national_a","西藏高考","2024年西藏高考理科数学试卷原卷版.pdf","西藏高考/2024年西藏高考理科数学试卷原卷版.pdf",""
"西藏","2024","政治","","national_a","西藏高考","2024年西藏高考政治试卷原卷版.pdf","西藏高考/2024年西藏高考政治试卷原卷版.pdf","8. 北京高考政治2008-2025\2024年北京高考政治试题（原卷版）.docx"
"西藏","2025","生物","","national_a","西藏高考","2025年西藏高考生物试卷原卷版.pdf","西藏高考/2025年西藏高考生物试卷原卷版.pdf","6. 北京高考生物2008-2025\.cache.2025高考北京卷生物真题试卷（原卷版）.pdf"
"西藏","2025","化学","","national_a","西藏高考","2025年西藏高考化学试卷原卷版.pdf","西藏高考/2025年西藏高考化学试卷原卷版.pdf","5. 河南高考化学2008-2025\2025年高考河南化学卷完整版-2d81063ee36c.pdf"
"西藏","2025","地理","","national_a","西藏高考","2025年西藏高考地理试卷原卷版.pdf","西藏高考/2025年西藏高考地理试卷原卷版.pdf","9. 北京高考地理2008-2025/2025年全国甲卷高考地理试卷（原卷版）.docx"
"西藏","2025","历史","","national_a","西藏高考","2025年西藏高考历史试卷原卷版.pdf","西藏高考/2025年西藏高考历史试卷原卷版.pdf","7. 北京高考历史2008-2025\2025年北京高考历史真题（原卷版）.docx"
"西藏","2025","文科数学","arts","new_gaokao_ii","西藏高考","2025年西藏高考文科数学试卷原卷版.pdf","西藏高考/2025年西藏高考文科数学试卷原卷版.pdf","2. 北京高考数学2008-2025\2025年高考北京数学真题（原卷版）.docx"
"西藏","2025","理科数学","science","new_gaokao_ii","西藏高考","2025年西藏高考理科数学试卷原卷版.pdf","西藏高考/2025年西藏高考理科数学试卷原卷版.pdf",""
"西藏","2025","物理","","national_a","西藏高考","2025年西藏高考物理试卷原卷版.pdf","西藏高考/2025年西藏高考物理试卷原卷版.pdf","4. 河南高考物理2008-2025\2025河南物理答案-e2b6492c86c4.pdf"
"西藏","2025","政治","","national_a","西藏高考","2025年西藏高考政治试卷原卷版.pdf","西藏高考/2025年西藏高考政治试卷原卷版.pdf","8. 北京高考政治2008-2025\2025北京高考政治试题（原卷版）.docx"
"云南","2008","文科数学","arts","national_ii","云南高考","2008年云南高考文科数学试卷原卷版.pdf","云南高考/2008年云南高考文科数学试卷原卷版.pdf","2. 北京高考数学2008-2025\2008年北京市高考数学试卷（文科）（原卷版）.doc"
"云南","2008","理科数学","science","national_ii","云南高考","2008年云南高考理科数学试卷原卷版.pdf","云南高考/2008年云南高考理科数学试卷原卷版.pdf","2. 北京高考数学2008-2025/2008年北京高考数学试卷（理科）（原卷版）.doc"
"云南","2008","政治","","national_ii","云南高考","2008年云南高考政治试卷原卷版.pdf","云南高考/2008年云南高考政治试卷原卷版.pdf","8. 北京高考政治2008-2025\2008年高考生物试卷（北京）（空白卷）.doc"
"云南","2009","文科数学","arts","national_ii","云南高考","2009年云南高考文科数学试卷原卷版.pdf","云南高考/2009年云南高考文科数学试卷原卷版.pdf","2. 北京高考数学2008-2025\2009年北京市高考数学试卷（文科）（原卷版）.doc"
"云南","2009","理科数学","science","national_ii","云南高考","2009年云南高考理科数学试卷原卷版.pdf","云南高考/2009年云南高考理科数学试卷原卷版.pdf","2. 北京高考数学2008-2025/2009年北京高考数学试卷（理科）（原卷版）.doc"
"云南","2009","政治","","national_ii","云南高考","2009年云南高考政治试卷原卷版.pdf","云南高考/2009年云南高考政治试卷原卷版.pdf","8. 北京高考政治2008-2025\2009年北京市高考政治试卷（原卷版）.doc"
"云南","2010","文科数学","arts","national_ii","云南高考","2010年云南高考文科数学试卷原卷版.pdf","云南高考/2010年云南高考文科数学试卷原卷版.pdf","2. 北京高考数学2008-2025\2010年北京市高考数学试卷（文科）（原卷版）.doc"
"云南","2010","理科数学","science","national_ii","云南高考","2010年云南高考理科数学试卷原卷版.pdf","云南高考/2010年云南高考理科数学试卷原卷版.pdf","2. 北京高考数学2008-2025/2010年北京高考数学试卷（理科）（原卷版）.doc"
"云南","2010","政治","","national_ii","云南高考","2010年云南高考政治试卷原卷版.pdf","云南高考/2010年云南高考政治试卷原卷版.pdf","8. 北京高考政治2008-2025\2010年北京市高考政治试卷（原卷版）.doc"
"云南","2011","文科数学","arts","national_ii","云南高考","2011年云南高考文科数学试卷原卷版.pdf","云南高考/2011年云南高考文科数学试卷原卷版.pdf","2. 北京高考数学2008-2025\2011年北京市高考数学试卷（文科）（原卷版）.doc"
"云南","2011","理科数学","science","national_ii","云南高考","2011年云南高考理科数学试卷原卷版.pdf","云南高考/2011年云南高考理科数学试卷原卷版.pdf","2. 北京高考数学2008-2025/2011年北京高考数学试卷（理科）（原卷版）.doc"
"云南","2011","政治","","national_ii","云南高考","2011年云南高考政治试卷原卷版.pdf","云南高考/2011年云南高考政治试卷原卷版.pdf","8. 北京高考政治2008-2025\2011年北京市高考政治试卷（原卷版）.doc"
"云南","2012","文科数学","arts","national_ii","云南高考","2012年云南高考文科数学试卷原卷版.pdf","云南高考/2012年云南高考文科数学试卷原卷版.pdf","2. 北京高考数学2008-2025\2012年北京市高考数学试卷（文科）（原卷版）.doc"
"云南","2012","理科数学","science","national_ii","云南高考","2012年云南高考理科数学试卷原卷版.pdf","云南高考/2012年云南高考理科数学试卷原卷版.pdf","2. 北京高考数学2008-2025/2012年北京高考数学试卷（理科）（原卷版）.doc"
"云南","2012","政治","","national_ii","云南高考","2012年云南高考政治试卷原卷版.pdf","云南高考/2012年云南高考政治试卷原卷版.pdf","8. 北京高考政治2008-2025\2012年北京市高考政治试卷（原卷版）.doc"
"云南","2013","文科数学","arts","national_ii","云南高考","2013年云南高考文科数学试卷原卷版.pdf","云南高考/2013年云南高考文科数学试卷原卷版.pdf","2. 北京高考数学2008-2025\2013年北京市高考数学试卷（文科）（原卷版）.doc"
"云南","2013","理科数学","science","national_ii","云南高考","2013年云南高考理科数学试卷原卷版.pdf","云南高考/2013年云南高考理科数学试卷原卷版.pdf","2. 北京高考数学2008-2025/2013年北京高考数学试卷（理科）（原卷版）.doc"
"云南","2013","政治","","national_ii","云南高考","2013年云南高考政治试卷原卷版.pdf","云南高考/2013年云南高考政治试卷原卷版.pdf","8. 北京高考政治2008-2025\2013年北京市高考政治试卷（原卷版）.doc"
"云南","2014","文科数学","arts","national_ii","云南高考","2014年云南高考文科数学试卷原卷版.pdf","云南高考/2014年云南高考文科数学试卷原卷版.pdf","2. 北京高考数学2008-2025\2014年北京市高考数学试卷（文科）（原卷版）.doc"
"云南","2014","理科数学","science","national_ii","云南高考","2014年云南高考理科数学试卷原卷版.pdf","云南高考/2014年云南高考理科数学试卷原卷版.pdf","2. 北京高考数学2008-2025/2014年北京高考数学试卷（理科）（原卷版）.doc"
"云南","2014","政治","","national_ii","云南高考","2014年云南高考政治试卷原卷版.pdf","云南高考/2014年云南高考政治试卷原卷版.pdf","8. 北京高考政治2008-2025\2014年北京市高考政治试卷（原卷版）.doc"
"云南","2015","文科数学","arts","national_ii","云南高考","2015年云南高考文科数学试卷原卷版.pdf","云南高考/2015年云南高考文科数学试卷原卷版.pdf","2. 北京高考数学2008-2025\2015年北京市高考数学试卷（文科）（原卷版）.doc"
"云南","2015","理科数学","science","national_ii","云南高考","2015年云南高考理科数学试卷原卷版.pdf","云南高考/2015年云南高考理科数学试卷原卷版.pdf","2. 北京高考数学2008-2025/2015年北京高考数学试卷（理科）（原卷版）.doc"
"云南","2015","政治","","national_ii","云南高考","2015年云南高考政治试卷原卷版.pdf","云南高考/2015年云南高考政治试卷原卷版.pdf","8. 北京高考政治2008-2025\2015年北京市高考政治试卷（原卷版）.doc"
"云南","2016","文科数学","arts","national_iii","云南高考","2016年云南高考文科数学试卷原卷版.pdf","云南高考/2016年云南高考文科数学试卷原卷版.pdf","2. 北京高考数学2008-2025\2016年北京市高考数学试卷（文科）（原卷版）.doc"
"云南","2016","理科数学","science","national_iii","云南高考","2016年云南高考理科数学试卷原卷版.pdf","云南高考/2016年云南高考理科数学试卷原卷版.pdf","2. 北京高考数学2008-2025/2016年北京高考数学试卷（理科）（原卷版）.doc"
"云南","2016","政治","","national_iii","云南高考","2016年云南高考政治试卷原卷版.pdf","云南高考/2016年云南高考政治试卷原卷版.pdf","8. 北京高考政治2008-2025\2016年北京市高考政治试卷（原卷版）.doc"
"云南","2017","文科数学","arts","national_iii","云南高考","2017年云南高考文科数学试卷原卷版.pdf","云南高考/2017年云南高考文科数学试卷原卷版.pdf","2. 北京高考数学2008-2025\2017年北京市高考数学试卷（文科）（原卷版）.doc"
"云南","2017","理科数学","science","national_iii","云南高考","2017年云南高考理科数学试卷原卷版.pdf","云南高考/2017年云南高考理科数学试卷原卷版.pdf","2. 北京高考数学2008-2025/2017年北京高考数学试卷（理科）（原卷版）.doc"
"云南","2017","政治","","national_iii","云南高考","2017年云南高考政治试卷原卷版.pdf","云南高考/2017年云南高考政治试卷原卷版.pdf","8. 北京高考政治2008-2025\2017年北京市高考政治试卷（原卷版）.doc"
"云南","2018","文科数学","arts","national_iii","云南高考","2018年云南高考文科数学试卷原卷版.pdf","云南高考/2018年云南高考文科数学试卷原卷版.pdf","2. 北京高考数学2008-2025\2018年北京市高考数学试卷（文科）（原卷版）.doc"
"云南","2018","理科数学","science","national_iii","云南高考","2018年云南高考理科数学试卷原卷版.pdf","云南高考/2018年云南高考理科数学试卷原卷版.pdf","2. 北京高考数学2008-2025/2018年北京高考数学试卷（理科）（原卷版）.doc"
"云南","2018","政治","","national_iii","云南高考","2018年云南高考政治试卷原卷版.pdf","云南高考/2018年云南高考政治试卷原卷版.pdf","8. 北京高考政治2008-2025\2018年北京市高考政治试卷（原卷版）.doc"
"云南","2019","文科数学","arts","national_iii","云南高考","2019年云南高考文科数学试卷原卷版.pdf","云南高考/2019年云南高考文科数学试卷原卷版.pdf","2. 北京高考数学2008-2025\2019年北京市高考数学试卷（文科）（原卷版）.doc"
"云南","2019","理科数学","science","national_iii","云南高考","2019年云南高考理科数学试卷原卷版.pdf","云南高考/2019年云南高考理科数学试卷原卷版.pdf","2. 北京高考数学2008-2025/2019年北京高考数学试卷（理科）（原卷版）.doc"
"云南","2019","政治","","national_iii","云南高考","2019年云南高考政治试卷原卷版.pdf","云南高考/2019年云南高考政治试卷原卷版.pdf","8. 北京高考政治2008-2025\2019年北京市高考政治试卷（原卷版）.doc"
"云南","2020","文科数学","arts","national_iii","云南高考","2020年云南高考文科数学试卷原卷版.pdf","云南高考/2020年云南高考文科数学试卷原卷版.pdf","2. 北京高考数学2008-2025\2020年北京市高考数学试卷（原卷版）.doc"
"云南","2020","理科数学","science","national_iii","云南高考","2020年云南高考理科数学试卷原卷版.pdf","云南高考/2020年云南高考理科数学试卷原卷版.pdf",""
"云南","2020","政治","","national_iii","云南高考","2020年云南高考政治试卷原卷版.pdf","云南高考/2020年云南高考政治试卷原卷版.pdf","8. 北京高考政治2008-2025\2020年北京市高考政治试卷（原卷版）.doc"
"云南","2021","文科数学","arts","national_iii","云南高考","2021年云南高考文科数学试卷原卷版.pdf","云南高考/2021年云南高考文科数学试卷原卷版.pdf","2. 北京高考数学2008-2025\2021年北京市高考数学试卷（原卷版）.docx"
"云南","2021","理科数学","science","national_iii","云南高考","2021年云南高考理科数学试卷原卷版.pdf","云南高考/2021年云南高考理科数学试卷原卷版.pdf",""
"云南","2021","政治","","national_iii","云南高考","2021年云南高考政治试卷原卷版.pdf","云南高考/2021年云南高考政治试卷原卷版.pdf","8. 北京高考政治2008-2025\.cache.2021年北京市高考政治试卷（原卷版）.pdf"
"云南","2022","文科数学","arts","national_a","云南高考","2022年云南高考文科数学试卷原卷版.pdf","云南高考/2022年云南高考文科数学试卷原卷版.pdf","2. 北京高考数学2008-2025\2022年新高考北京数学高考真题（原卷版）.docx"
"云南","2022","理科数学","science","national_a","云南高考","2022年云南高考理科数学试卷原卷版.pdf","云南高考/2022年云南高考理科数学试卷原卷版.pdf",""
"云南","2022","政治","","national_a","云南高考","2022年云南高考政治试卷原卷版.pdf","云南高考/2022年云南高考政治试卷原卷版.pdf","8. 北京高考政治2008-2025\2022年新高考北京政治高考真题（原卷版）.docx"
"云南","2023","文科数学","arts","national_a","云南高考","2023年云南高考文科数学试卷原卷版.pdf","云南高考/2023年云南高考文科数学试卷原卷版.pdf","2. 北京高考数学2008-2025\2023年北京高考数学真题（原卷版）.docx"
"云南","2023","理科数学","science","national_a","云南高考","2023年云南高考理科数学试卷原卷版.pdf","云南高考/2023年云南高考理科数学试卷原卷版.pdf",""
"云南","2023","政治","","national_a","云南高考","2023年云南高考政治试卷原卷版.pdf","云南高考/2023年云南高考政治试卷原卷版.pdf","8. 北京高考政治2008-2025\2023年高考北京政治真题（原卷版）.docx"
"云南","2024","文科数学","arts","national_a","云南高考","2024年云南高考文科数学试卷原卷版.pdf","云南高考/2024年云南高考文科数学试卷原卷版.pdf","2. 北京高考数学2008-2025\2024年北京高考数学真题（原卷版）.docx"
"云南","2024","理科数学","science","national_a","云南高考","2024年云南高考理科数学试卷原卷版.pdf","云南高考/2024年云南高考理科数学试卷原卷版.pdf",""
"云南","2024","政治","","national_a","云南高考","2024年云南高考政治试卷原卷版.pdf","云南高考/2024年云南高考政治试卷原卷版.pdf","8. 北京高考政治2008-2025\2024年北京高考政治试题（原卷版）.docx"
"云南","2025","生物","","independent","云南高考","2025年云南高考生物试卷原卷版.pdf","云南高考/2025年云南高考生物试卷原卷版.pdf","6. 北京高考生物2008-2025\.cache.2025高考北京卷生物真题试卷（原卷版）.pdf"
"云南","2025","化学","","independent","云南高考","2025年云南高考化学试卷原卷版.pdf","云南高考/2025年云南高考化学试卷原卷版.pdf","5. 北京高考化学2008-2025\.cache.2025年北京高考真题化学试题（原卷版）.pdf"
"云南","2025","地理","","independent","云南高考","2025年云南高考地理试卷原卷版.pdf","云南高考/2025年云南高考地理试卷原卷版.pdf","9. 北京高考地理2008-2025\2025年北京高考地理真题（原卷版）.docx"
"云南","2025","历史","","independent","云南高考","2025年云南高考历史试卷原卷版.pdf","云南高考/2025年云南高考历史试卷原卷版.pdf","7. 北京高考历史2008-2025\2025年北京高考历史真题（原卷版）.docx"
"云南","2025","政治","","independent","云南高考","2025年云南高考政治试卷原卷版.pdf","云南高考/2025年云南高考政治试卷原卷版.pdf","8. 北京高考政治2008-2025\2025北京高考政治试题（原卷版）.docx"
"浙江","2008","文科数学","arts","independent","浙江高考","2008年浙江高考文科数学试卷原卷版.pdf","浙江高考/2008年浙江高考文科数学试卷原卷版.pdf","2. 北京高考数学2008-2025\2008年北京市高考数学试卷（文科）（原卷版）.doc"
"浙江","2008","理科数学","science","independent","浙江高考","2008年浙江高考理科数学试卷原卷版.pdf","浙江高考/2008年浙江高考理科数学试卷原卷版.pdf",""
"浙江","2008","政治","","independent","浙江高考","2008年浙江高考政治试卷原卷版.pdf","浙江高考/2008年浙江高考政治试卷原卷版.pdf","8. 北京高考政治2008-2025\2008年高考生物试卷（北京）（空白卷）.doc"
"浙江","2009","文科数学","arts","independent","浙江高考","2009年浙江高考文科数学试卷原卷版.pdf","浙江高考/2009年浙江高考文科数学试卷原卷版.pdf","2. 北京高考数学2008-2025\2009年北京市高考数学试卷（文科）（原卷版）.doc"
"浙江","2009","理科数学","science","independent","浙江高考","2009年浙江高考理科数学试卷原卷版.pdf","浙江高考/2009年浙江高考理科数学试卷原卷版.pdf",""
"浙江","2009","政治","","independent","浙江高考","2009年浙江高考政治试卷原卷版.pdf","浙江高考/2009年浙江高考政治试卷原卷版.pdf","8. 北京高考政治2008-2025\2009年北京市高考政治试卷（原卷版）.doc"
"浙江","2010","文科数学","arts","independent","浙江高考","2010年浙江高考文科数学试卷原卷版.pdf","浙江高考/2010年浙江高考文科数学试卷原卷版.pdf","2. 北京高考数学2008-2025\2010年北京市高考数学试卷（文科）（原卷版）.doc"
"浙江","2010","理科数学","science","independent","浙江高考","2010年浙江高考理科数学试卷原卷版.pdf","浙江高考/2010年浙江高考理科数学试卷原卷版.pdf",""
"浙江","2010","政治","","independent","浙江高考","2010年浙江高考政治试卷原卷版.pdf","浙江高考/2010年浙江高考政治试卷原卷版.pdf","8. 北京高考政治2008-2025\2010年北京市高考政治试卷（原卷版）.doc"
"浙江","2011","文科数学","arts","independent","浙江高考","2011年浙江高考文科数学试卷原卷版.pdf","浙江高考/2011年浙江高考文科数学试卷原卷版.pdf","2. 北京高考数学2008-2025\2011年北京市高考数学试卷（文科）（原卷版）.doc"
"浙江","2011","理科数学","science","independent","浙江高考","2011年浙江高考理科数学试卷原卷版.pdf","浙江高考/2011年浙江高考理科数学试卷原卷版.pdf",""
"浙江","2011","政治","","independent","浙江高考","2011年浙江高考政治试卷原卷版.pdf","浙江高考/2011年浙江高考政治试卷原卷版.pdf","8. 北京高考政治2008-2025\2011年北京市高考政治试卷（原卷版）.doc"
"浙江","2012","文科数学","arts","independent","浙江高考","2012年浙江高考文科数学试卷原卷版.pdf","浙江高考/2012年浙江高考文科数学试卷原卷版.pdf","2. 北京高考数学2008-2025\2012年北京市高考数学试卷（文科）（原卷版）.doc"
"浙江","2012","理科数学","science","independent","浙江高考","2012年浙江高考理科数学试卷原卷版.pdf","浙江高考/2012年浙江高考理科数学试卷原卷版.pdf",""
"浙江","2012","政治","","independent","浙江高考","2012年浙江高考政治试卷原卷版.pdf","浙江高考/2012年浙江高考政治试卷原卷版.pdf","8. 北京高考政治2008-2025\2012年北京市高考政治试卷（原卷版）.doc"
"浙江","2013","文科数学","arts","independent","浙江高考","2013年浙江高考文科数学试卷原卷版.pdf","浙江高考/2013年浙江高考文科数学试卷原卷版.pdf","2. 北京高考数学2008-2025\2013年北京市高考数学试卷（文科）（原卷版）.doc"
"浙江","2013","理科数学","science","independent","浙江高考","2013年浙江高考理科数学试卷原卷版.pdf","浙江高考/2013年浙江高考理科数学试卷原卷版.pdf",""
"浙江","2013","政治","","independent","浙江高考","2013年浙江高考政治试卷原卷版.pdf","浙江高考/2013年浙江高考政治试卷原卷版.pdf","8. 北京高考政治2008-2025\2013年北京市高考政治试卷（原卷版）.doc"
"浙江","2014","文科数学","arts","independent","浙江高考","2014年浙江高考文科数学试卷原卷版.pdf","浙江高考/2014年浙江高考文科数学试卷原卷版.pdf","2. 北京高考数学2008-2025\2014年北京市高考数学试卷（文科）（原卷版）.doc"
"浙江","2014","理科数学","science","independent","浙江高考","2014年浙江高考理科数学试卷原卷版.pdf","浙江高考/2014年浙江高考理科数学试卷原卷版.pdf",""
"浙江","2014","政治","","independent","浙江高考","2014年浙江高考政治试卷原卷版.pdf","浙江高考/2014年浙江高考政治试卷原卷版.pdf","8. 北京高考政治2008-2025\2014年北京市高考政治试卷（原卷版）.doc"
"浙江","2015","文科数学","arts","independent","浙江高考","2015年浙江高考文科数学试卷原卷版.pdf","浙江高考/2015年浙江高考文科数学试卷原卷版.pdf","2. 北京高考数学2008-2025\2015年北京市高考数学试卷（文科）（原卷版）.doc"
"浙江","2015","理科数学","science","independent","浙江高考","2015年浙江高考理科数学试卷原卷版.pdf","浙江高考/2015年浙江高考理科数学试卷原卷版.pdf",""
"浙江","2015","政治","","independent","浙江高考","2015年浙江高考政治试卷原卷版.pdf","浙江高考/2015年浙江高考政治试卷原卷版.pdf","8. 北京高考政治2008-2025\2015年北京市高考政治试卷（原卷版）.doc"
"浙江","2016","文科数学","arts","independent","浙江高考","2016年浙江高考文科数学试卷原卷版.pdf","浙江高考/2016年浙江高考文科数学试卷原卷版.pdf","2. 北京高考数学2008-2025\2016年北京市高考数学试卷（文科）（原卷版）.doc"
"浙江","2016","理科数学","science","independent","浙江高考","2016年浙江高考理科数学试卷原卷版.pdf","浙江高考/2016年浙江高考理科数学试卷原卷版.pdf",""
"浙江","2016","政治","","independent","浙江高考","2016年浙江高考政治试卷原卷版.pdf","浙江高考/2016年浙江高考政治试卷原卷版.pdf","8. 北京高考政治2008-2025\2016年北京市高考政治试卷（原卷版）.doc"
"浙江","2017","数学","unified","independent","浙江高考","2017年浙江高考数学试卷原卷版.pdf","浙江高考/2017年浙江高考数学试卷原卷版.pdf","2. 北京高考数学2008-2025\2017年北京市高考数学试卷（文科）（原卷版）.doc"
"浙江","2017","政治","","independent","浙江高考","2017年浙江高考政治试卷原卷版.pdf","浙江高考/2017年浙江高考政治试卷原卷版.pdf","8. 北京高考政治2008-2025\2017年北京市高考政治试卷（原卷版）.doc"
"浙江","2018","数学","unified","independent","浙江高考","2018年浙江高考数学试卷原卷版.pdf","浙江高考/2018年浙江高考数学试卷原卷版.pdf","2. 北京高考数学2008-2025\2018年北京市高考数学试卷（文科）（原卷版）.doc"
"浙江","2018","政治","","independent","浙江高考","2018年浙江高考政治试卷原卷版.pdf","浙江高考/2018年浙江高考政治试卷原卷版.pdf","8. 北京高考政治2008-2025\2018年北京市高考政治试卷（原卷版）.doc"
"浙江","2019","数学","unified","independent","浙江高考","2019年浙江高考数学试卷原卷版.pdf","浙江高考/2019年浙江高考数学试卷原卷版.pdf","2. 北京高考数学2008-2025\2019年北京市高考数学试卷（文科）（原卷版）.doc"
"浙江","2019","政治","","independent","浙江高考","2019年浙江高考政治试卷原卷版.pdf","浙江高考/2019年浙江高考政治试卷原卷版.pdf","8. 北京高考政治2008-2025\2019年北京市高考政治试卷（原卷版）.doc"
"浙江","2020","数学","unified","independent","浙江高考","2020年浙江高考数学试卷原卷版.pdf","浙江高考/2020年浙江高考数学试卷原卷版.pdf","2. 北京高考数学2008-2025\2020年北京市高考数学试卷（原卷版）.doc"
"浙江","2020","政治","","independent","浙江高考","2020年浙江高考政治试卷原卷版.pdf","浙江高考/2020年浙江高考政治试卷原卷版.pdf","8. 北京高考政治2008-2025\2020年北京市高考政治试卷（原卷版）.doc"
"浙江","2021","数学","unified","independent","浙江高考","2021年浙江高考数学试卷原卷版.pdf","浙江高考/2021年浙江高考数学试卷原卷版.pdf","2. 北京高考数学2008-2025\2021年北京市高考数学试卷（原卷版）.docx"
"浙江","2021","政治","","independent","浙江高考","2021年浙江高考政治试卷原卷版.pdf","浙江高考/2021年浙江高考政治试卷原卷版.pdf","8. 北京高考政治2008-2025\.cache.2021年北京市高考政治试卷（原卷版）.pdf"
"浙江","2022","数学","unified","independent","浙江高考","2022年浙江高考数学试卷原卷版.pdf","浙江高考/2022年浙江高考数学试卷原卷版.pdf","2. 北京高考数学2008-2025\2022年新高考北京数学高考真题（原卷版）.docx"
"浙江","2022","政治","","independent","浙江高考","2022年浙江高考政治试卷原卷版.pdf","浙江高考/2022年浙江高考政治试卷原卷版.pdf","8. 北京高考政治2008-2025\2022年新高考北京政治高考真题（原卷版）.docx"
"浙江","2023","数学","unified","new_gaokao_i","浙江高考","2023年浙江高考数学试卷原卷版.pdf","浙江高考/2023年浙江高考数学试卷原卷版.pdf","2. 北京高考数学2008-2025\2023年北京高考数学真题（原卷版）.docx"
"浙江","2023","政治","","independent","浙江高考","2023年浙江高考政治试卷原卷版.pdf","浙江高考/2023年浙江高考政治试卷原卷版.pdf","8. 北京高考政治2008-2025\2023年高考北京政治真题（原卷版）.docx"
"浙江","2024","数学","unified","new_gaokao_i","浙江高考","2024年浙江高考数学试卷原卷版.pdf","浙江高考/2024年浙江高考数学试卷原卷版.pdf","2. 北京高考数学2008-2025\2024年北京高考数学真题（原卷版）.docx"
"浙江","2024","政治","","independent","浙江高考","2024年浙江高考政治试卷原卷版.pdf","浙江高考/2024年浙江高考政治试卷原卷版.pdf","8. 北京高考政治2008-2025\2024年北京高考政治试题（原卷版）.docx"
"浙江","2025","生物","","independent","浙江高考","2025年浙江高考生物试卷原卷版.pdf","浙江高考/2025年浙江高考生物试卷原卷版.pdf","6. 北京高考生物2008-2025\.cache.2025高考北京卷生物真题试卷（原卷版）.pdf"
"浙江","2025","化学","","independent","浙江高考","2025年浙江高考化学试卷原卷版.pdf","浙江高考/2025年浙江高考化学试卷原卷版.pdf","5. 北京高考化学2008-2025\.cache.2025年北京高考真题化学试题（原卷版）.pdf"
"浙江","2025","地理","","independent","浙江高考","2025年浙江高考地理试卷原卷版.pdf","浙江高考/2025年浙江高考地理试卷原卷版.pdf","9. 北京高考地理2008-2025\2025年北京高考地理真题（原卷版）.docx"
"浙江","2025","历史","","independent","浙江高考","2025年浙江高考历史试卷原卷版.pdf","浙江高考/2025年浙江高考历史试卷原卷版.pdf","7. 北京高考历史2008-2025\2025年北京高考历史真题（原卷版）.docx"
"浙江","2025","物理","","independent","浙江高考","2025年浙江高考物理试卷原卷版.pdf","浙江高考/2025年浙江高考物理试卷原卷版.pdf","4. 北京高考物理2008-2025\2025年高考北京卷物理真题（原卷版）.docx"
"浙江","2025","政治","","independent","浙江高考","2025年浙江高考政治试卷原卷版.pdf","浙江高考/2025年浙江高考政治试卷原卷版.pdf","8. 北京高考政治2008-2025\2025北京高考政治试题（原卷版）.docx"