学科,年份,省份,类型,客观题数,客观缺口,合计缺口,听力题,源文件路径
geography,2011,shanghai,independent,51,51,98,0,/home/flaskappuser/Desktop/NewDisk_2T/aitutor/database/preflight/qb-extract/docx-cache/gaokao/geography/2011/2011年高考地理试卷（上海）（解析卷）.docx
english,2010,hunan,independent,43,43,49,11,/home/flaskappuser/Desktop/NewDisk_2T/aitutor/database/preflight/qb-extract/docx-cache/gaokao/english/2010/2010年高考英语试卷（湖南）（解析卷）.docx
english,2013,chongqing,independent,43,42,42,16,/home/flaskappuser/Desktop/NewDisk_2T/aitutor/database/preflight/qb-extract/docx-cache/gaokao/english/2013/2013年高考英语试卷（重庆）（解析卷）.docx
english,2012,chongqing,independent,49,41,41,10,/home/flaskappuser/Desktop/NewDisk_2T/aitutor/database/preflight/qb-extract/docx-cache/gaokao/english/2012/2012年高考英语试卷（重庆）（解析卷）.docx
history,2008,shanghai,independent,39,39,54,0,/home/flaskappuser/Desktop/NewDisk_2T/aitutor/database/preflight/qb-extract/docx-cache/gaokao/history/2008/2008年高考历史试卷（上海）（答案）.docx
english,2015,hubei,independent,60,37,37,20,/home/flaskappuser/Desktop/NewDisk_2T/aitutor/database/incoming/gaokao/english/2015/2015年高考英语试卷（湖北）（解析卷）.docx
english,2009,jiangsu,independent,65,35,42,20,/home/flaskappuser/Desktop/NewDisk_2T/aitutor/database/preflight/qb-extract/docx-cache/gaokao/english/2009/2009年高考英语试卷（江苏）（解析卷）.docx
english,2013,hubei,independent,51,35,35,21,/home/flaskappuser/Desktop/NewDisk_2T/aitutor/database/preflight/qb-extract/docx-cache/gaokao/english/2013/2013年高考英语试卷（湖北）（解析卷）.docx
politics,2009,guangdong,independent,34,34,43,0,/home/flaskappuser/Desktop/NewDisk_2T/aitutor/database/preflight/qb-extract/docx-cache/gaokao/politics/2009/2009年高考政治试卷（广东）（解析卷）.docx
english,2021,tianjin,independent,36,34,41,0,/home/flaskappuser/Desktop/NewDisk_2T/aitutor/database/incoming/gaokao/english/2021/2021年高考英语试卷（天津）（第一次）（解析卷）.docx
chinese,2011,zhejiang,independent,33,32,49,0,/home/flaskappuser/Desktop/NewDisk_2T/aitutor/database/preflight/qb-extract/docx-cache/gaokao/chinese/2011/2011年高考语文试卷（浙江）（解析卷）.docx
biology,2009,shanghai,independent,32,32,36,0,/home/flaskappuser/Desktop/NewDisk_2T/aitutor/database/preflight/qb-extract/docx-cache/gaokao/biology/2009/2009年高考生物试卷（上海）（解析卷）.docx
english,2009,hunan,independent,41,32,33,16,/home/flaskappuser/Desktop/NewDisk_2T/aitutor/database/preflight/qb-extract/docx-cache/gaokao/english/2009/2009年高考英语试卷（湖南）（解析卷）.docx
politics,2008,jiangsu,independent,31,31,34,0,/home/flaskappuser/Desktop/NewDisk_2T/aitutor/database/preflight/qb-extract/docx-cache/gaokao/politics/2008/2008年高考政治试卷（江苏）（解析卷）.docx
english,2013,shandong,independent,31,31,31,0,/home/flaskappuser/Desktop/NewDisk_2T/aitutor/database/preflight/qb-extract/docx-cache/gaokao/english/2013/2013年高考英语试卷（山东）（解析卷）.docx
english,2009,zhejiang,independent,42,30,47,1,/home/flaskappuser/Desktop/NewDisk_2T/aitutor/database/preflight/qb-extract/docx-cache/gaokao/english/2009/2009年高考英语试卷（浙江）（解析卷）.docx
biology,2008,guangdong,independent,30,30,38,0,/home/flaskappuser/Desktop/NewDisk_2T/aitutor/database/incoming/gaokao/biology/2008/2008年高考生物试卷（广东）（解析卷）.docx
history,2011,shanghai,independent,30,30,36,0,/home/flaskappuser/Desktop/NewDisk_2T/aitutor/database/preflight/qb-extract/docx-cache/gaokao/history/2011/2011年高考历史试卷（上海）（答案）.docx
chemistry,2012,shanghai,independent,34,29,42,0,/home/flaskappuser/Desktop/NewDisk_2T/aitutor/database/preflight/qb-extract/docx-cache/gaokao/chemistry/2012/2012年高考化学试卷（上海）（解析卷）.docx
biology,2017,zhejiang,independent,30,29,30,0,/home/flaskappuser/Desktop/NewDisk_2T/aitutor/database/incoming/gaokao/biology/2017/2017年高考生物试卷（浙江）【11月】（解析卷）.docx
english,2013,hunan,independent,29,29,30,15,/home/flaskappuser/Desktop/NewDisk_2T/aitutor/database/preflight/qb-extract/docx-cache/gaokao/english/2013/2013年高考英语试卷（湖南）（解析卷）.docx
biology,2011,hainan,independent,39,29,29,0,/home/flaskappuser/Desktop/NewDisk_2T/aitutor/database/preflight/qb-extract/docx-cache/gaokao/biology/2011/2011年高考生物试卷（海南）（解析卷）.docx
history,2009,shanghai,independent,30,28,37,0,/home/flaskappuser/Desktop/NewDisk_2T/aitutor/database/preflight/qb-extract/docx-cache/gaokao/history/2009/2009年高考历史试卷（上海）（答案）.docx
chemistry,2017,shanghai,independent,29,28,34,0,/home/flaskappuser/Desktop/NewDisk_2T/aitutor/database/preflight/qb-extract/docx-cache/gaokao/chemistry/2017/2017年高考化学试卷（上海）（解析卷）.docx
biology,2008,shanghai,independent,30,27,42,0,/home/flaskappuser/Desktop/NewDisk_2T/aitutor/database/preflight/qb-extract/docx-cache/gaokao/biology/2008/2008年高考生物试卷（上海）（解析卷）.docx
english,2008,shaanxi,independent,36,26,35,0,/home/flaskappuser/Desktop/NewDisk_2T/aitutor/database/preflight/qb-extract/docx-cache/gaokao/english/2008/2008年高考英语试卷（陕西）（解析卷）.docx
geography,2009,guangdong,independent,26,26,32,0,/home/flaskappuser/Desktop/NewDisk_2T/aitutor/database/preflight/qb-extract/docx-cache/gaokao/geography/2009/2009年高考地理试卷（广东）（解析卷）.docx
politics,2010,shanghai,independent,30,26,32,0,/home/flaskappuser/Desktop/NewDisk_2T/aitutor/database/preflight/qb-extract/docx-cache/gaokao/politics/2010/2010年高考政治试卷（上海）（解析卷）.docx
history,2008,guangdong,independent,25,25,31,0,/home/flaskappuser/Desktop/NewDisk_2T/aitutor/database/preflight/qb-extract/docx-cache/gaokao/history/2008/2008年高考历史试卷（广东）（解析卷）.docx
history,2008,hainan,independent,25,25,31,0,/home/flaskappuser/Desktop/NewDisk_2T/aitutor/database/preflight/qb-extract/docx-cache/gaokao/history/2008/2008高考历史试卷（海南）（解析卷）.docx
history,2010,shanghai,independent,26,25,25,0,/home/flaskappuser/Desktop/NewDisk_2T/aitutor/database/preflight/qb-extract/docx-cache/gaokao/history/2010/2010年高考历史试卷（上海）（答案）.docx
geography,2010,shanghai,independent,49,24,34,0,/home/flaskappuser/Desktop/NewDisk_2T/aitutor/database/preflight/qb-extract/docx-cache/gaokao/geography/2010/2010年高考地理试卷（上海）（解析卷）.docx
history,2010,hainan,independent,24,24,34,0,/home/flaskappuser/Desktop/NewDisk_2T/aitutor/database/preflight/qb-extract/docx-cache/gaokao/history/2010/2010高考历史试卷（海南）（解析卷）.docx
history,2011,hainan,independent,24,24,33,0,/home/flaskappuser/Desktop/NewDisk_2T/aitutor/database/preflight/qb-extract/docx-cache/gaokao/history/2011/2011高考历史试卷（海南）（解析卷）.docx
biology,2016,shanghai,independent,63,24,30,0,/home/flaskappuser/Desktop/NewDisk_2T/aitutor/database/preflight/qb-extract/docx-cache/gaokao/biology/2016/2016年高考生物试卷（上海）（解析卷）.docx
english,2012,hubei,independent,41,24,24,10,/home/flaskappuser/Desktop/NewDisk_2T/aitutor/database/preflight/qb-extract/docx-cache/gaokao/english/2012/2012年高考英语试卷（湖北）（解析卷）.docx
geography,2008,shandong,independent,23,23,34,0,/home/flaskappuser/Desktop/NewDisk_2T/aitutor/database/preflight/qb-extract/docx-cache/gaokao/geography/2008/2008年高考地理试卷（山东）（解析卷）.docx
chemistry,2018,shanghai,independent,31,23,23,0,/home/flaskappuser/Desktop/NewDisk_2T/aitutor/database/preflight/qb-extract/docx-cache/gaokao/chemistry/2018/2018年高考化学试卷（上海）（解析卷）.docx
biology,2010,shanghai,independent,27,22,58,0,/home/flaskappuser/Desktop/NewDisk_2T/aitutor/database/preflight/qb-extract/docx-cache/gaokao/biology/2010/2010年高考生物试卷（上海）（解析卷）.docx
english,2012,jiangsu,independent,50,22,38,18,/home/flaskappuser/Desktop/NewDisk_2T/aitutor/database/preflight/qb-extract/docx-cache/gaokao/english/2012/2012年高考英语试卷（江苏）（解析卷）   .docx
english,2012,sichuan,independent,42,22,34,0,/home/flaskappuser/Desktop/NewDisk_2T/aitutor/database/preflight/qb-extract/docx-cache/gaokao/english/2012/2012年高考英语试卷（四川）（解析卷）.docx
english,2013,shaanxi,independent,74,22,33,0,/home/flaskappuser/Desktop/NewDisk_2T/aitutor/database/incoming/gaokao/english/2013/2013年高考英语试卷（陕西）（解析卷）.docx
politics,2009,hainan,independent,22,22,28,0,/home/flaskappuser/Desktop/NewDisk_2T/aitutor/database/preflight/qb-extract/docx-cache/gaokao/politics/2009/2009年高考政治试卷（海南）（解析卷）.docx
chemistry,2016,shanghai,independent,47,22,25,0,/home/flaskappuser/Desktop/NewDisk_2T/aitutor/database/preflight/qb-extract/docx-cache/gaokao/chemistry/2016/2016年高考化学试卷（上海）（解析卷）.docx
biology,2015,shanghai,independent,68,22,24,0,/home/flaskappuser/Desktop/NewDisk_2T/aitutor/database/preflight/qb-extract/docx-cache/gaokao/biology/2015/2015年高考生物试卷（上海）（解析卷）.docx
english,2015,guangdong,independent,22,21,29,0,/home/flaskappuser/Desktop/NewDisk_2T/aitutor/database/preflight/qb-extract/docx-cache/gaokao/english/2015/2015年高考英语试卷（广东）（解析卷）.docx
english,2013,guangdong,independent,21,21,25,0,/home/flaskappuser/Desktop/NewDisk_2T/aitutor/database/preflight/qb-extract/docx-cache/gaokao/english/2013/2013年高考英语试卷（广东）（解析卷）.docx
chemistry,2008,hainan,independent,23,21,24,0,/home/flaskappuser/Desktop/NewDisk_2T/aitutor/database/preflight/qb-extract/docx-cache/gaokao/chemistry/2008/2008年高考化学试卷（海南）（解析卷）.docx
chemistry,2023,shanghai,independent,25,21,24,0,/home/flaskappuser/Desktop/NewDisk_2T/aitutor/database/preflight/qb-extract/docx-cache/gaokao/chemistry/2023/2023年高考化学试卷（上海）（解析卷）.docx
chemistry,2022,shanghai,independent,21,21,23,0,/home/flaskappuser/Desktop/NewDisk_2T/aitutor/database/preflight/qb-extract/docx-cache/gaokao/chemistry/2022/2022年高考化学试卷（上海）（解析卷）.docx
english,2012,zhejiang,independent,59,21,22,0,/home/flaskappuser/Desktop/NewDisk_2T/aitutor/database/preflight/qb-extract/docx-cache/gaokao/english/2012/2012年高考英语试卷（浙江）（解析卷）.docx
biology,2022,shanghai,independent,26,21,21,0,/home/flaskappuser/Desktop/NewDisk_2T/aitutor/database/preflight/qb-extract/docx-cache/gaokao/biology/2022/2022年高考生物试卷（上海）（解析卷）.docx
english,2012,guangdong,independent,21,20,29,0,/home/flaskappuser/Desktop/NewDisk_2T/aitutor/database/preflight/qb-extract/docx-cache/gaokao/english/2012/2012年高考英语试卷（广东）（解析卷）.docx
english,2010,shandong,independent,55,20,27,19,/home/flaskappuser/Desktop/NewDisk_2T/aitutor/database/preflight/qb-extract/docx-cache/gaokao/english/2010/2010年高考英语试卷（山东）（解析卷）.docx
geography,2010,hainan,independent,20,20,27,0,/home/flaskappuser/Desktop/NewDisk_2T/aitutor/database/preflight/qb-extract/docx-cache/gaokao/geography/2010/2010年高考地理试卷（海南）（解析卷）.docx
english,2018,zhejiang,independent,30,20,20,19,/home/flaskappuser/Desktop/NewDisk_2T/aitutor/database/incoming/gaokao/english/2018/2018年高考英语试卷（浙江）（11月）（解析卷）.docx
chemistry,2010,hainan,independent,34,20,20,0,/home/flaskappuser/Desktop/NewDisk_2T/aitutor/database/preflight/qb-extract/docx-cache/gaokao/chemistry/2010/2010年高考化学试卷（海南）（解析卷）.docx
biology,2008,hainan,independent,23,19,28,0,/home/flaskappuser/Desktop/NewDisk_2T/aitutor/database/preflight/qb-extract/docx-cache/gaokao/biology/2008/2008年高考生物试卷（海南）（解析卷）.docx
history,2019,shanghai,independent,19,19,27,0,/home/flaskappuser/Desktop/NewDisk_2T/aitutor/database/incoming/gaokao/history/2019/2019年高考历史试卷（上海）（答案卷）.docx
geography,2012,hainan,independent,19,19,25,0,/home/flaskappuser/Desktop/NewDisk_2T/aitutor/database/preflight/qb-extract/docx-cache/gaokao/geography/2012/2012年高考地理试卷（海南）（解析卷）.docx
chemistry,2013,shanghai,independent,19,19,20,0,/home/flaskappuser/Desktop/NewDisk_2T/aitutor/database/preflight/qb-extract/docx-cache/gaokao/chemistry/2013/2013年高考化学试卷（上海）（解析卷）.docx
chemistry,2015,shanghai,independent,19,18,47,0,/home/flaskappuser/Desktop/NewDisk_2T/aitutor/database/preflight/qb-extract/docx-cache/gaokao/chemistry/2015/2015年高考化学试卷（上海）（解析卷）.docx
math,2008,guangdong,independent,18,18,42,0,/home/flaskappuser/Desktop/NewDisk_2T/aitutor/database/preflight/qb-extract/docx-cache/gaokao/math/2008/2008年高考数学试卷（文）（广东）（解析卷）.docx
biology,2022,tianjin,independent,18,18,20,0,/home/flaskappuser/Desktop/NewDisk_2T/aitutor/database/incoming/gaokao/biology/2022/2022年高考生物试卷（天津）（解析卷）.docx
english,2012,jiangxi,independent,35,18,19,8,/home/flaskappuser/Desktop/NewDisk_2T/aitutor/database/preflight/qb-extract/docx-cache/gaokao/english/2012/2012年高考英语试卷（江西）（解析卷）.docx
english,2012,fujian,independent,30,18,18,0,/home/flaskappuser/Desktop/NewDisk_2T/aitutor/database/preflight/qb-extract/docx-cache/gaokao/english/2012/2012年高考英语试卷（福建）（解析卷）.docx
english,2008,hunan,independent,54,18,18,19,/home/flaskappuser/Desktop/NewDisk_2T/aitutor/database/preflight/qb-extract/docx-cache/gaokao/english/2008/2008年高考英语试卷（湖南）（解析卷）.docx
chinese,2011,shanghai,independent,17,17,49,0,/home/flaskappuser/Desktop/NewDisk_2T/aitutor/database/preflight/qb-extract/docx-cache/gaokao/chinese/2011/2011年高考语文试卷（上海）（秋考）（解析卷）.docx
chemistry,2009,guangdong,independent,17,17,26,0,/home/flaskappuser/Desktop/NewDisk_2T/aitutor/database/preflight/qb-extract/docx-cache/gaokao/chemistry/2009/2009年高考化学试卷（广东）（解析卷）.docx
math,2020,shandong,new_gaokao_i,26,17,22,0,/home/flaskappuser/Desktop/NewDisk_2T/aitutor/database/preflight/qb-extract/docx-cache/gaokao/math/2020/2020年高考数学试卷（新高考Ⅰ卷）（山东）（解析卷）.docx
english,2012,liaoning,independent,27,17,18,7,/home/flaskappuser/Desktop/NewDisk_2T/aitutor/database/preflight/qb-extract/docx-cache/gaokao/english/2012/2012年高考英语试卷（辽宁）（解析卷）.docx
chemistry,2014,shanghai,independent,19,17,17,0,/home/flaskappuser/Desktop/NewDisk_2T/aitutor/database/preflight/qb-extract/docx-cache/gaokao/chemistry/2014/2014年高考化学试卷（上海）（解析卷）.docx
math,2008,hainan,independent,28,16,31,0,/home/flaskappuser/Desktop/NewDisk_2T/aitutor/database/preflight/qb-extract/docx-cache/gaokao/math/2008/2008年高考数学试卷（文）（新课标）（海南宁夏）（解析卷）.docx
math,2010,jiangsu,independent,16,16,27,0,/home/flaskappuser/Desktop/NewDisk_2T/aitutor/database/preflight/qb-extract/docx-cache/gaokao/math/2010/2010年高考数学试卷（江苏）（解析卷）.docx
biology,2013,shanghai,independent,61,16,24,0,/home/flaskappuser/Desktop/NewDisk_2T/aitutor/database/preflight/qb-extract/docx-cache/gaokao/biology/2013/2013年高考生物试卷（上海）（解析卷）.docx
history,2008,jiangsu,independent,18,16,20,0,/home/flaskappuser/Desktop/NewDisk_2T/aitutor/database/preflight/qb-extract/docx-cache/gaokao/history/2008/2008年高考历史试卷（江苏）（解析卷）.docx
math,2013,guangdong,independent,15,15,27,0,/home/flaskappuser/Desktop/NewDisk_2T/aitutor/database/preflight/qb-extract/docx-cache/gaokao/math/2013/2013年高考数学试卷（文）（广东）（解析卷）.docx
math,2020,jiangsu,independent,27,15,25,0,/home/flaskappuser/Desktop/NewDisk_2T/aitutor/database/preflight/qb-extract/docx-cache/gaokao/math/2020/2020年高考数学试卷（江苏）（解析卷）.docx
physics,2011,hainan,independent,23,15,24,0,/home/flaskappuser/Desktop/NewDisk_2T/aitutor/database/preflight/qb-extract/docx-cache/gaokao/physics/2011/2011年高考物理试卷（海南）（解析卷）.docx
math,2020,tianjin,independent,30,15,23,0,/home/flaskappuser/Desktop/NewDisk_2T/aitutor/database/preflight/qb-extract/docx-cache/gaokao/math/2020/2020年高考数学试卷（天津）（解析卷）.docx
politics,2008,shanghai,independent,17,15,21,0,/home/flaskappuser/Desktop/NewDisk_2T/aitutor/database/preflight/qb-extract/docx-cache/gaokao/politics/2008/2008年高考政治试卷（上海）（解析卷）.docx
history,2023,chongqing,independent,15,15,17,0,/home/flaskappuser/Desktop/NewDisk_2T/aitutor/database/incoming/gaokao/history/2023/2023年高考历史试卷（重庆）（解析卷）.docx
chinese,2022,shanghai,independent,14,14,34,0,/home/flaskappuser/Desktop/NewDisk_2T/aitutor/database/incoming/gaokao/chinese/2022/2022年高考语文试卷（上海）（春考）（解析卷）.docx
english,2009,sichuan,independent,42,14,30,1,/home/flaskappuser/Desktop/NewDisk_2T/aitutor/database/preflight/qb-extract/docx-cache/gaokao/english/2009/2009年高考英语试卷（四川）（解析卷）.docx
math,2008,liaoning,independent,16,14,25,0,/home/flaskappuser/Desktop/NewDisk_2T/aitutor/database/preflight/qb-extract/docx-cache/gaokao/math/2008/2008年高考数学试卷（理）（辽宁）（解析卷）.docx
math,2019,tianjin,independent,28,14,22,0,/home/flaskappuser/Desktop/NewDisk_2T/aitutor/database/preflight/qb-extract/docx-cache/gaokao/math/2019/2019年高考数学试卷（文）（天津）（解析卷）.docx
math,2009,jiangsu,independent,14,14,20,0,/home/flaskappuser/Desktop/NewDisk_2T/aitutor/database/preflight/qb-extract/docx-cache/gaokao/math/2009/2009年高考数学试卷（江苏）（解析卷）.docx
english,2010,beijing,independent,44,14,15,13,/home/flaskappuser/Desktop/NewDisk_2T/aitutor/database/preflight/qb-extract/docx-cache/gaokao/english/2010/2010年高考英语试卷（北京）（解析卷）.docx
english,2012,shaanxi,independent,50,14,14,0,/home/flaskappuser/Desktop/NewDisk_2T/aitutor/database/incoming/gaokao/english/2012/2012年高考英语试卷（陕西）（解析卷）.docx
chinese,2019,shanghai,independent,13,13,34,0,/home/flaskappuser/Desktop/NewDisk_2T/aitutor/database/incoming/gaokao/chinese/2019/2019年高考语文试卷（上海）（春考）（解析卷）.docx
chinese,2018,zhejiang,independent,22,13,33,0,/home/flaskappuser/Desktop/NewDisk_2T/aitutor/database/incoming/gaokao/chinese/2018/2018年高考语文试卷（浙江）（解析卷）.docx
chemistry,2011,shanghai,independent,16,13,26,0,/home/flaskappuser/Desktop/NewDisk_2T/aitutor/database/preflight/qb-extract/docx-cache/gaokao/chemistry/2011/2011年高考化学试卷（上海）（解析卷）.docx
chinese,2011,shandong,independent,13,13,26,0,/home/flaskappuser/Desktop/NewDisk_2T/aitutor/database/preflight/qb-extract/docx-cache/gaokao/chinese/2011/2011年高考语文试卷（山东）（解析卷）.docx
math,2011,tianjin,independent,21,13,21,0,/home/flaskappuser/Desktop/NewDisk_2T/aitutor/database/incoming/gaokao/math/2011/2011年高考数学试卷（理）（天津）（解析卷）.docx
math,2008,hunan,independent,18,13,21,0,/home/flaskappuser/Desktop/NewDisk_2T/aitutor/database/preflight/qb-extract/docx-cache/gaokao/math/2008/2008年高考数学试卷（文）（湖南）（解析卷） .docx
physics,2023,shanghai,independent,13,13,20,0,/home/flaskappuser/Desktop/NewDisk_2T/aitutor/database/incoming/gaokao/physics/2023/2023年高考物理试卷（上海）（解析卷）.docx
english,2012,shandong,independent,14,13,15,0,/home/flaskappuser/Desktop/NewDisk_2T/aitutor/database/preflight/qb-extract/docx-cache/gaokao/english/2012/2012年高考英语试卷（山东）（解析卷）.docx
geography,2008,guangdong,independent,27,13,14,0,/home/flaskappuser/Desktop/NewDisk_2T/aitutor/database/preflight/qb-extract/docx-cache/gaokao/geography/2008/2008年高考地理试卷（广东）（解析卷）.docx
chinese,2009,shandong,independent,12,12,33,0,/home/flaskappuser/Desktop/NewDisk_2T/aitutor/database/preflight/qb-extract/docx-cache/gaokao/chinese/2009/2009年高考语文试卷（山东）（解析卷）.docx
math,2009,guangdong,independent,22,12,27,0,/home/flaskappuser/Desktop/NewDisk_2T/aitutor/database/preflight/qb-extract/docx-cache/gaokao/math/2009/2009年高考数学试卷（文）（广东）（解析卷）.docx
physics,2022,shanghai,independent,12,12,19,0,/home/flaskappuser/Desktop/NewDisk_2T/aitutor/database/incoming/gaokao/physics/2022/2022年高考物理试卷（上海）（解析卷）.docx
chinese,2013,shandong,independent,12,12,19,0,/home/flaskappuser/Desktop/NewDisk_2T/aitutor/database/preflight/qb-extract/docx-cache/gaokao/chinese/2013/2013年高考语文试卷（山东）（解析卷）.docx
geography,2014,shandong,independent,12,12,16,0,/home/flaskappuser/Desktop/NewDisk_2T/aitutor/database/preflight/qb-extract/docx-cache/gaokao/geography/2014/2014年高考地理试卷（山东）（解析卷）.docx
history,2009,beijing,independent,15,12,15,0,/home/flaskappuser/Desktop/NewDisk_2T/aitutor/database/preflight/qb-extract/docx-cache/gaokao/history/2009/2009年高考历史试卷（北京）（解析卷）.docx
history,2011,beijing,independent,13,12,15,0,/home/flaskappuser/Desktop/NewDisk_2T/aitutor/database/preflight/qb-extract/docx-cache/gaokao/history/2011/2011年高考历史试卷（北京）（解析卷）.docx
english,2015,chongqing,independent,32,12,14,0,/home/flaskappuser/Desktop/NewDisk_2T/aitutor/database/incoming/gaokao/english/2015/2015年高考英语试卷（重庆）（解析卷）.docx
geography,2014,zhejiang,independent,12,12,12,0,/home/flaskappuser/Desktop/NewDisk_2T/aitutor/database/incoming/gaokao/geography/2014/2014年高考地理试卷（浙江）（解析卷）.docx
chinese,2008,zhejiang,independent,14,11,35,0,/home/flaskappuser/Desktop/NewDisk_2T/aitutor/database/incoming/gaokao/chinese/2008/2008年高考语文试卷（浙江）（解析卷）.docx
english,2013,jiangsu,independent,39,11,23,16,/home/flaskappuser/Desktop/NewDisk_2T/aitutor/database/preflight/qb-extract/docx-cache/gaokao/english/2013/2013年高考英语试卷（江苏）（解析卷）   .docx
math,2010,jiangxi,independent,22,11,22,0,/home/flaskappuser/Desktop/NewDisk_2T/aitutor/database/preflight/qb-extract/docx-cache/gaokao/math/2010/2010年高考数学试卷（文）（江西）（解析卷）.docx
chinese,2013,anhui,independent,11,11,20,0,/home/flaskappuser/Desktop/NewDisk_2T/aitutor/database/preflight/qb-extract/docx-cache/gaokao/chinese/2013/2013年高考语文试卷（安徽）（解析卷）.docx
math,2011,beijing,independent,11,11,19,0,/home/flaskappuser/Desktop/NewDisk_2T/aitutor/database/preflight/qb-extract/docx-cache/gaokao/math/2011/2011年高考数学试卷（文）（北京）（解析卷）.docx
geography,2008,zhejiang,independent,12,11,17,0,/home/flaskappuser/Desktop/NewDisk_2T/aitutor/database/preflight/qb-extract/docx-cache/gaokao/geography/2008/2008年高考地理试卷（浙江）（解析卷）.docx
chinese,2013,hubei,independent,11,11,16,0,/home/flaskappuser/Desktop/NewDisk_2T/aitutor/database/preflight/qb-extract/docx-cache/gaokao/chinese/2013/2013年高考语文试卷（湖北）（解析卷）.docx
english,2019,jiangsu,independent,51,11,15,20,/home/flaskappuser/Desktop/NewDisk_2T/aitutor/database/preflight/qb-extract/docx-cache/gaokao/english/2019/2019年高考英语试卷（江苏）（解析卷）   .docx
politics,2019,jiangsu,independent,33,11,15,0,/home/flaskappuser/Desktop/NewDisk_2T/aitutor/database/preflight/qb-extract/docx-cache/gaokao/politics/2019/2019年高考政治试卷（江苏）（解析卷）.docx
history,2011,tianjin,independent,11,11,15,0,/home/flaskappuser/Desktop/NewDisk_2T/aitutor/database/preflight/qb-extract/docx-cache/gaokao/history/2011/2011年高考历史试卷（天津）（解析卷）.docx
geography,2014,chongqing,independent,11,11,14,0,/home/flaskappuser/Desktop/NewDisk_2T/aitutor/database/preflight/qb-extract/docx-cache/gaokao/geography/2014/2014年高考地理试卷（重庆）（解析卷）.docx
geography,2010,beijing,independent,12,11,14,0,/home/flaskappuser/Desktop/NewDisk_2T/aitutor/database/preflight/qb-extract/docx-cache/gaokao/geography/2010/2010年高考地理试卷（北京）（解析卷）.docx
geography,2011,beijing,independent,15,11,14,0,/home/flaskappuser/Desktop/NewDisk_2T/aitutor/database/preflight/qb-extract/docx-cache/gaokao/geography/2011/2011年高考地理试卷（北京）（解析卷）.docx
geography,2010,tianjin,independent,11,11,13,0,/home/flaskappuser/Desktop/NewDisk_2T/aitutor/database/preflight/qb-extract/docx-cache/gaokao/geography/2010/2010年高考地理试卷（天津）（解析卷）.docx
history,2011,zhejiang,independent,11,11,12,0,/home/flaskappuser/Desktop/NewDisk_2T/aitutor/database/incoming/gaokao/history/2011/2011年高考历史试卷（浙江）（解析卷）.docx
geography,2014,anhui,independent,11,11,12,0,/home/flaskappuser/Desktop/NewDisk_2T/aitutor/database/preflight/qb-extract/docx-cache/gaokao/geography/2014/2014年高考地理试卷（安徽）（解析卷）.docx
politics,2008,tianjin,independent,11,11,12,0,/home/flaskappuser/Desktop/NewDisk_2T/aitutor/database/preflight/qb-extract/docx-cache/gaokao/politics/2008/2008年高考政治试卷（天津）（解析卷）.docx
geography,2012,fujian,independent,13,11,11,0,/home/flaskappuser/Desktop/NewDisk_2T/aitutor/database/preflight/qb-extract/docx-cache/gaokao/geography/2012/2012年高考地理试卷（福建）（解析卷）.docx
chinese,2011,guangdong,independent,10,10,32,0,/home/flaskappuser/Desktop/NewDisk_2T/aitutor/database/incoming/gaokao/chinese/2011/2011年高考语文试卷（广东）（解析卷）.docx
math,2008,tianjin,independent,20,10,30,0,/home/flaskappuser/Desktop/NewDisk_2T/aitutor/database/incoming/gaokao/math/2008/2008年高考数学试卷（理）（天津）（解析卷）.docx
english,2014,jiangsu,independent,36,10,29,16,/home/flaskappuser/Desktop/NewDisk_2T/aitutor/database/preflight/qb-extract/docx-cache/gaokao/english/2014/2014年高考英语试卷（江苏）（解析卷）   .docx
chinese,2010,sichuan,independent,11,10,29,0,/home/flaskappuser/Desktop/NewDisk_2T/aitutor/database/preflight/qb-extract/docx-cache/gaokao/chinese/2010/2010年高考语文试卷（四川）（解析卷）.docx
english,2015,jiangsu,independent,39,10,26,9,/home/flaskappuser/Desktop/NewDisk_2T/aitutor/database/preflight/qb-extract/docx-cache/gaokao/english/2015/2015年高考英语试卷（江苏）（解析卷）   .docx
math,2015,guangdong,independent,14,10,24,0,/home/flaskappuser/Desktop/NewDisk_2T/aitutor/database/preflight/qb-extract/docx-cache/gaokao/math/2015/2015年高考数学试卷（文）（广东）（解析卷）.docx
chinese,2014,guangdong,independent,10,10,22,0,/home/flaskappuser/Desktop/NewDisk_2T/aitutor/database/preflight/qb-extract/docx-cache/gaokao/chinese/2014/2014年高考语文试卷（广东）（解析卷）.docx
chinese,2009,sichuan,independent,10,10,22,0,/home/flaskappuser/Desktop/NewDisk_2T/aitutor/database/preflight/qb-extract/docx-cache/gaokao/chinese/2009/2009年高考语文试卷（四川）（解析卷）.docx
chinese,2011,sichuan,independent,10,10,21,0,/home/flaskappuser/Desktop/NewDisk_2T/aitutor/database/preflight/qb-extract/docx-cache/gaokao/chinese/2011/2011年高考语文试卷（四川）（解析卷）.docx
math,2014,guangdong,independent,10,10,21,0,/home/flaskappuser/Desktop/NewDisk_2T/aitutor/database/preflight/qb-extract/docx-cache/gaokao/math/2014/2014年高考数学试卷（文）（广东）（解析卷）.docx
chinese,2023,tianjin,independent,15,10,21,0,/home/flaskappuser/Desktop/NewDisk_2T/aitutor/database/incoming/gaokao/chinese/2023/2023年高考语文试卷（天津）（解析卷）.docx
chinese,2014,hubei,independent,10,10,21,0,/home/flaskappuser/Desktop/NewDisk_2T/aitutor/database/preflight/qb-extract/docx-cache/gaokao/chinese/2014/2014年高考语文试卷（湖北）（解析卷）.docx
chinese,2013,chongqing,independent,10,10,21,0,/home/flaskappuser/Desktop/NewDisk_2T/aitutor/database/preflight/qb-extract/docx-cache/gaokao/chinese/2013/2013年高考语文试卷（重庆）（解析卷）.docx
chinese,2012,hubei,independent,13,10,19,0,/home/flaskappuser/Desktop/NewDisk_2T/aitutor/database/preflight/qb-extract/docx-cache/gaokao/chinese/2012/2012年高考语文试卷（湖北）（解析卷）.docx
chinese,2014,chongqing,independent,12,10,19,0,/home/flaskappuser/Desktop/NewDisk_2T/aitutor/database/preflight/qb-extract/docx-cache/gaokao/chinese/2014/2014年高考语文试卷（重庆）（解析卷）.docx
math,2011,guangdong,independent,11,10,19,0,/home/flaskappuser/Desktop/NewDisk_2T/aitutor/database/preflight/qb-extract/docx-cache/gaokao/math/2011/2011年高考数学试卷（文）（广东）（解析卷）.docx
english,2017,jiangsu,independent,37,10,19,16,/home/flaskappuser/Desktop/NewDisk_2T/aitutor/database/preflight/qb-extract/docx-cache/gaokao/english/2017/2017年高考英语试卷（江苏）（解析卷）   .docx
chinese,2015,anhui,independent,10,10,18,0,/home/flaskappuser/Desktop/NewDisk_2T/aitutor/database/preflight/qb-extract/docx-cache/gaokao/chinese/2015/2015年高考语文试卷（安徽）（解析卷）.docx
chinese,2012,sichuan,independent,11,10,18,0,/home/flaskappuser/Desktop/NewDisk_2T/aitutor/database/preflight/qb-extract/docx-cache/gaokao/chinese/2012/2012年高考语文试卷（四川）（解析卷）.docx
math,2013,hunan,independent,14,10,15,0,/home/flaskappuser/Desktop/NewDisk_2T/aitutor/database/preflight/qb-extract/docx-cache/gaokao/math/2013/2013年高考数学试卷（文）（湖南）（解析卷）.docx
math,2018,shanghai,independent,13,10,15,0,/home/flaskappuser/Desktop/NewDisk_2T/aitutor/database/incoming/gaokao/math/2018/2018年高考数学试卷（上海）（春考）（解析卷）.docx
biology,2010,shandong,independent,14,10,14,0,/home/flaskappuser/Desktop/NewDisk_2T/aitutor/database/preflight/qb-extract/docx-cache/gaokao/biology/2010/2010年高考生物试卷（山东）（解析卷）.docx
geography,2013,anhui,independent,10,10,13,0,/home/flaskappuser/Desktop/NewDisk_2T/aitutor/database/preflight/qb-extract/docx-cache/gaokao/geography/2013/2013年高考地理试卷（安徽）（解析卷）.docx
politics,2014,chongqing,independent,11,10,12,0,/home/flaskappuser/Desktop/NewDisk_2T/aitutor/database/preflight/qb-extract/docx-cache/gaokao/politics/2014/2014年高考政治试卷（重庆）（解析卷）.docx
history,2014,chongqing,independent,11,10,12,0,/home/flaskappuser/Desktop/NewDisk_2T/aitutor/database/preflight/qb-extract/docx-cache/gaokao/history/2014/2014年高考历史试卷（重庆）（解析卷）.docx
history,2011,guangdong,independent,10,10,12,0,/home/flaskappuser/Desktop/NewDisk_2T/aitutor/database/preflight/qb-extract/docx-cache/gaokao/history/2011/2011年高考历史试卷（广东）（解析卷）.docx
geography,2009,sichuan,independent,10,10,11,0,/home/flaskappuser/Desktop/NewDisk_2T/aitutor/database/preflight/qb-extract/docx-cache/gaokao/geography/2009/2009年高考地理试卷（四川）（解析卷）.docx
physics,2008,beijing,independent,11,10,11,0,/home/flaskappuser/Desktop/NewDisk_2T/aitutor/database/preflight/qb-extract/docx-cache/gaokao/physics/2008/2008年高考物理试卷（北京）（解析卷）.docx
history,2014,zhejiang,independent,10,10,10,0,/home/flaskappuser/Desktop/NewDisk_2T/aitutor/database/preflight/qb-extract/docx-cache/gaokao/history/2014/2014年高考历史试卷（浙江）（解析卷）.docx
geography,2014,guangdong,independent,10,10,10,0,/home/flaskappuser/Desktop/NewDisk_2T/aitutor/database/preflight/qb-extract/docx-cache/gaokao/geography/2014/2014年高考地理试卷（广东）（解析卷）.docx
english,2014,shandong,independent,10,10,10,0,/home/flaskappuser/Desktop/NewDisk_2T/aitutor/database/preflight/qb-extract/docx-cache/gaokao/english/2014/2014年高考英语试卷（山东）（解析卷）.docx
english,2014,hubei,independent,25,10,10,13,/home/flaskappuser/Desktop/NewDisk_2T/aitutor/database/preflight/qb-extract/docx-cache/gaokao/english/2014/2014年高考英语试卷（湖北）（解析卷）.docx
english,2009,shaanxi,independent,53,10,10,1,/home/flaskappuser/Desktop/NewDisk_2T/aitutor/database/preflight/qb-extract/docx-cache/gaokao/english/2009/2009年高考英语试卷（陕西）（解析卷）.docx
math,2008,jiangxi,independent,11,9,36,0,/home/flaskappuser/Desktop/NewDisk_2T/aitutor/database/preflight/qb-extract/docx-cache/gaokao/math/2008/2008年高考数学试卷（文）（江西）（解析卷）.docx
geography,2012,shanghai,independent,27,9,26,0,/home/flaskappuser/Desktop/NewDisk_2T/aitutor/database/preflight/qb-extract/docx-cache/gaokao/geography/2012/2012年高考地理试题（上海）（解析卷）.docx
math,2013,hubei,independent,9,9,17,0,/home/flaskappuser/Desktop/NewDisk_2T/aitutor/database/incoming/gaokao/math/2013/2013年高考数学试卷（文）（湖北）（解析卷）.docx
chinese,2013,zhejiang,independent,9,9,16,0,/home/flaskappuser/Desktop/NewDisk_2T/aitutor/database/preflight/qb-extract/docx-cache/gaokao/chinese/2013/2013年高考语文试卷（浙江）（解析卷）.docx
politics,2008,sichuan,independent,9,9,14,0,/home/flaskappuser/Desktop/NewDisk_2T/aitutor/database/preflight/qb-extract/docx-cache/gaokao/politics/2008/2008年高考政治试卷（四川）（解析卷）.docx
physics,2010,beijing,independent,11,9,13,0,/home/flaskappuser/Desktop/NewDisk_2T/aitutor/database/preflight/qb-extract/docx-cache/gaokao/physics/2010/2010年高考物理试卷（北京）（解析卷）.docx
physics,2011,beijing,independent,12,9,13,0,/home/flaskappuser/Desktop/NewDisk_2T/aitutor/database/preflight/qb-extract/docx-cache/gaokao/physics/2011/2011年高考物理试卷（北京）（解析卷）.docx
geography,2011,guangdong,independent,9,9,12,0,/home/flaskappuser/Desktop/NewDisk_2T/aitutor/database/incoming/gaokao/geography/2011/2011年高考地理试卷（广东）（解析卷）.docx
english,2011,shandong,independent,54,9,11,19,/home/flaskappuser/Desktop/NewDisk_2T/aitutor/database/preflight/qb-extract/docx-cache/gaokao/english/2011/2011年高考英语试卷（山东）（解析卷）.docx
physics,2024,shanghai,independent,15,9,11,0,/home/flaskappuser/Desktop/NewDisk_2T/aitutor/database/incoming/gaokao/physics/2024/2024年高考物理试卷（上海）（回忆版）（解析卷）.docx
english,2015,hunan,independent,50,9,10,15,/home/flaskappuser/Desktop/NewDisk_2T/aitutor/database/preflight/qb-extract/docx-cache/gaokao/english/2015/2015年高考英语试卷（湖南）（解析卷）.docx
geography,2012,jiangsu,independent,26,9,9,0,/home/flaskappuser/Desktop/NewDisk_2T/aitutor/database/preflight/qb-extract/docx-cache/gaokao/geography/2012/2012年高考地理试卷（江苏）（解析卷）   .docx
chinese,2023,shanghai,independent,8,8,44,0,/home/flaskappuser/Desktop/NewDisk_2T/aitutor/database/incoming/gaokao/chinese/2023/2023年高考语文试卷（上海）（春考）（解析卷）.docx
math,2017,tianjin,independent,16,8,26,0,/home/flaskappuser/Desktop/NewDisk_2T/aitutor/database/preflight/qb-extract/docx-cache/gaokao/math/2017/2017年高考数学试卷（文）（天津）（解析卷）.docx
math,2009,shanghai,independent,16,8,26,0,/home/flaskappuser/Desktop/NewDisk_2T/aitutor/database/preflight/qb-extract/docx-cache/gaokao/math/2009/2009年高考数学试卷（文）（上海）（解析卷）.docx
math,2010,hunan,independent,16,8,25,0,/home/flaskappuser/Desktop/NewDisk_2T/aitutor/database/preflight/qb-extract/docx-cache/gaokao/math/2010/2010年高考数学试卷（文）（湖南）（解析卷） .docx
politics,2017,national,national_ii,12,8,21,0,/home/flaskappuser/Desktop/NewDisk_2T/aitutor/database/preflight/qb-extract/docx-cache/gaokao/politics/2017/2017年高考政治试卷（新课标Ⅱ）（解析卷）.docx
math,2015,tianjin,independent,8,8,20,0,/home/flaskappuser/Desktop/NewDisk_2T/aitutor/database/incoming/gaokao/math/2015/2015年高考数学试卷（文）（天津）（解析卷）.docx
math,2014,hubei,independent,9,8,16,0,/home/flaskappuser/Desktop/NewDisk_2T/aitutor/database/preflight/qb-extract/docx-cache/gaokao/math/2014/2014年高考数学试卷（文）（湖北）（解析卷）.docx
politics,2011,shanghai,independent,30,8,16,0,/home/flaskappuser/Desktop/NewDisk_2T/aitutor/database/preflight/qb-extract/docx-cache/gaokao/politics/2011/2011年高考政治试卷（上海）（解析卷）.docx
chinese,2013,hunan,independent,8,8,15,0,/home/flaskappuser/Desktop/NewDisk_2T/aitutor/database/preflight/qb-extract/docx-cache/gaokao/chinese/2013/2013年高考语文试卷（湖南）（解析卷）.docx
politics,2008,guangdong,independent,33,8,15,0,/home/flaskappuser/Desktop/NewDisk_2T/aitutor/database/preflight/qb-extract/docx-cache/gaokao/politics/2008/2008年高考政治试卷（广东）（解析卷）.docx
politics,2015,jiangsu,independent,33,8,13,0,/home/flaskappuser/Desktop/NewDisk_2T/aitutor/database/preflight/qb-extract/docx-cache/gaokao/politics/2015/2015年高考政治试卷（江苏）（解析卷）.docx
chinese,2008,sichuan,independent,15,8,12,0,/home/flaskappuser/Desktop/NewDisk_2T/aitutor/database/preflight/qb-extract/docx-cache/gaokao/chinese/2008/2008年高考语文试卷（四川）（解析卷）.docx
geography,2013,guangdong,independent,8,8,12,0,/home/flaskappuser/Desktop/NewDisk_2T/aitutor/database/preflight/qb-extract/docx-cache/gaokao/geography/2013/2013年高考地理试卷（广东）（解析卷）.docx
physics,2009,beijing,independent,11,8,12,0,/home/flaskappuser/Desktop/NewDisk_2T/aitutor/database/preflight/qb-extract/docx-cache/gaokao/physics/2009/2009年高考物理试卷（北京）（解析卷）.docx
chemistry,2009,zhejiang,independent,9,8,12,0,/home/flaskappuser/Desktop/NewDisk_2T/aitutor/database/incoming/gaokao/chemistry/2009/2009年高考化学试卷（浙江）（解析卷）.docx
history,2009,zhejiang,independent,8,8,11,0,/home/flaskappuser/Desktop/NewDisk_2T/aitutor/database/preflight/qb-extract/docx-cache/gaokao/history/2009/2009年高考历史试卷（浙江）（解析卷）.docx
biology,2010,guangdong,independent,8,8,11,0,/home/flaskappuser/Desktop/NewDisk_2T/aitutor/database/incoming/gaokao/biology/2010/2010年高考生物试卷（广东）（解析卷）.docx
chemistry,2011,guangdong,independent,8,8,11,0,/home/flaskappuser/Desktop/NewDisk_2T/aitutor/database/preflight/qb-extract/docx-cache/gaokao/chemistry/2011/2011年高考化学试卷（广东）（解析卷）.docx
biology,2018,jiangsu,independent,25,8,11,0,/home/flaskappuser/Desktop/NewDisk_2T/aitutor/database/preflight/qb-extract/docx-cache/gaokao/biology/2018/2018年高考生物试卷（江苏）（解析卷）.docx
physics,2008,zhejiang,independent,8,8,11,0,/home/flaskappuser/Desktop/NewDisk_2T/aitutor/database/preflight/qb-extract/docx-cache/gaokao/physics/2008/2008年高考物理真题（浙江）（解析卷）.docx
geography,2008,beijing,independent,12,8,11,0,/home/flaskappuser/Desktop/NewDisk_2T/aitutor/database/preflight/qb-extract/docx-cache/gaokao/geography/2008/2008年高考地理试卷（北京）（解析卷）.docx
geography,2008,jiangsu,independent,25,8,11,0,/home/flaskappuser/Desktop/NewDisk_2T/aitutor/database/preflight/qb-extract/docx-cache/gaokao/geography/2008/2008年高考地理试卷（江苏）（解析卷）.docx
history,2014,guangdong,independent,12,8,10,0,/home/flaskappuser/Desktop/NewDisk_2T/aitutor/database/preflight/qb-extract/docx-cache/gaokao/history/2014/2014年高考历史试卷（广东）（解析卷）.docx
chemistry,2008,zhejiang,independent,8,8,10,0,/home/flaskappuser/Desktop/NewDisk_2T/aitutor/database/incoming/gaokao/chemistry/2008/2008年高考化学试卷（浙江）（解析卷）.docx
geography,2016,jiangsu,independent,26,8,9,0,/home/flaskappuser/Desktop/NewDisk_2T/aitutor/database/preflight/qb-extract/docx-cache/gaokao/geography/2016/2016年高考地理试卷（江苏）（解析卷）   .docx
geography,2009,jiangsu,independent,26,8,9,0,/home/flaskappuser/Desktop/NewDisk_2T/aitutor/database/preflight/qb-extract/docx-cache/gaokao/geography/2009/2009年高考地理试卷（江苏）（解析卷）.docx
geography,2019,jiangsu,independent,26,8,9,0,/home/flaskappuser/Desktop/NewDisk_2T/aitutor/database/preflight/qb-extract/docx-cache/gaokao/geography/2019/2019年高考地理试卷（江苏）（解析卷）   .docx
english,2024,tianjin,independent,48,8,8,0,/home/flaskappuser/Desktop/NewDisk_2T/aitutor/database/incoming/gaokao/english/2024/2024年高考英语试卷（天津）（第一次）（解析卷）.docx
geography,2017,jiangsu,independent,26,8,8,0,/home/flaskappuser/Desktop/NewDisk_2T/aitutor/database/preflight/qb-extract/docx-cache/gaokao/geography/2017/2017年高考地理试卷（江苏）（解析卷）   .docx
geography,2015,jiangsu,independent,26,8,8,0,/home/flaskappuser/Desktop/NewDisk_2T/aitutor/database/preflight/qb-extract/docx-cache/gaokao/geography/2015/2015年高考地理试卷（江苏）（解析卷）   .docx
chemistry,2015,anhui,independent,9,8,8,0,/home/flaskappuser/Desktop/NewDisk_2T/aitutor/database/preflight/qb-extract/docx-cache/gaokao/chemistry/2015/2015年高考化学试卷（安徽）（解析卷）.docx
geography,2013,jiangsu,independent,28,8,8,0,/home/flaskappuser/Desktop/NewDisk_2T/aitutor/database/preflight/qb-extract/docx-cache/gaokao/geography/2013/2013年高考地理试卷（江苏）（解析卷）   .docx
chinese,2008,shanghai,independent,7,7,40,0,/home/flaskappuser/Desktop/NewDisk_2T/aitutor/database/preflight/qb-extract/docx-cache/gaokao/chinese/2008/2008年高考语文试卷（上海）（秋考）（解析卷）.docx
chinese,2017,shanghai,independent,7,7,23,0,/home/flaskappuser/Desktop/NewDisk_2T/aitutor/database/incoming/gaokao/chinese/2017/2017年高考语文试卷（上海）（秋考）（解析卷）.docx
physics,2010,zhejiang,independent,7,7,21,0,/home/flaskappuser/Desktop/NewDisk_2T/aitutor/database/preflight/qb-extract/docx-cache/gaokao/physics/2010/2010年高考物理真题（浙江）（解析卷）.docx
math,2012,guangdong,independent,7,7,20,0,/home/flaskappuser/Desktop/NewDisk_2T/aitutor/database/preflight/qb-extract/docx-cache/gaokao/math/2012/2012年高考数学试卷（文）（广东）（解析卷）.docx
chinese,2014,anhui,independent,8,7,18,0,/home/flaskappuser/Desktop/NewDisk_2T/aitutor/database/preflight/qb-extract/docx-cache/gaokao/chinese/2014/2014年高考语文试卷（安徽）（解析卷）.docx
physics,2010,hainan,independent,13,7,15,0,/home/flaskappuser/Desktop/NewDisk_2T/aitutor/database/preflight/qb-extract/docx-cache/gaokao/physics/2010/2010年高考物理试卷（海南）（解析卷）.docx
chemistry,2008,guangdong,independent,18,7,14,0,/home/flaskappuser/Desktop/NewDisk_2T/aitutor/database/preflight/qb-extract/docx-cache/gaokao/chemistry/2008/2008年高考化学试卷（广东）（解析卷）.docx
chinese,2012,chongqing,independent,7,7,13,0,/home/flaskappuser/Desktop/NewDisk_2T/aitutor/database/preflight/qb-extract/docx-cache/gaokao/chinese/2012/2012年高考语文试卷（重庆）（解析卷）.docx
english,2012,tianjin,independent,35,7,12,0,/home/flaskappuser/Desktop/NewDisk_2T/aitutor/database/preflight/qb-extract/docx-cache/gaokao/english/2012/2012年高考英语试卷（天津）（解析卷）.docx
chinese,2013,guangdong,independent,7,7,12,0,/home/flaskappuser/Desktop/NewDisk_2T/aitutor/database/preflight/qb-extract/docx-cache/gaokao/chinese/2013/2013年高考语文试卷（广东）（解析卷）.docx
chinese,2021,shanghai,independent,7,7,12,0,/home/flaskappuser/Desktop/NewDisk_2T/aitutor/database/incoming/gaokao/chinese/2021/2021年高考语文试卷（上海）（春考）（解析卷）.docx
physics,2016,national,national_i,11,7,11,0,/home/flaskappuser/Desktop/NewDisk_2T/aitutor/database/preflight/qb-extract/docx-cache/gaokao/physics/2016/2016年高考物理试卷（新课标Ⅰ）（解析卷）.docx
physics,2015,national,national_ii,12,7,11,0,/home/flaskappuser/Desktop/NewDisk_2T/aitutor/database/preflight/qb-extract/docx-cache/gaokao/physics/2015/2015年高考物理试卷（新课标Ⅱ）（解析卷）.docx
history,2014,shandong,independent,8,7,11,0,/home/flaskappuser/Desktop/NewDisk_2T/aitutor/database/preflight/qb-extract/docx-cache/gaokao/history/2014/2014年高考历史试卷（山东）（解析卷）.docx
politics,2017,national,national_i,12,7,10,0,/home/flaskappuser/Desktop/NewDisk_2T/aitutor/database/preflight/qb-extract/docx-cache/gaokao/politics/2017/2017年高考政治试卷（新课标Ⅰ）（解析卷）.docx
politics,2014,anhui,independent,9,7,10,0,/home/flaskappuser/Desktop/NewDisk_2T/aitutor/database/preflight/qb-extract/docx-cache/gaokao/politics/2014/2014年高考政治试卷（安徽）（解析卷）.docx
geography,2014,jiangsu,independent,27,7,9,0,/home/flaskappuser/Desktop/NewDisk_2T/aitutor/database/preflight/qb-extract/docx-cache/gaokao/geography/2014/2014年高考地理试卷（江苏）（解析卷）   .docx
biology,2017,jiangsu,independent,25,7,9,0,/home/flaskappuser/Desktop/NewDisk_2T/aitutor/database/preflight/qb-extract/docx-cache/gaokao/biology/2017/2017年高考生物试卷（江苏）（解析卷）.docx
english,2013,anhui,independent,58,7,9,7,/home/flaskappuser/Desktop/NewDisk_2T/aitutor/database/preflight/qb-extract/docx-cache/gaokao/english/2013/2013年高考英语试卷（安徽）（解析卷）.docx
geography,2015,anhui,independent,11,7,9,0,/home/flaskappuser/Desktop/NewDisk_2T/aitutor/database/preflight/qb-extract/docx-cache/gaokao/geography/2015/2015年高考地理试卷（安徽）（解析卷）.docx
chemistry,2011,zhejiang,independent,9,7,8,0,/home/flaskappuser/Desktop/NewDisk_2T/aitutor/database/incoming/gaokao/chemistry/2011/2011年高考化学试卷（浙江）（解析卷）.docx
physics,2014,anhui,independent,7,7,8,0,/home/flaskappuser/Desktop/NewDisk_2T/aitutor/database/incoming/gaokao/physics/2014/2014年高考物理试卷（安徽）（解析卷）.docx
history,2014,anhui,independent,10,7,8,0,/home/flaskappuser/Desktop/NewDisk_2T/aitutor/database/preflight/qb-extract/docx-cache/gaokao/history/2014/2014年高考历史试卷（安徽）（解析卷）.docx
chemistry,2015,zhejiang,independent,32,7,8,0,/home/flaskappuser/Desktop/NewDisk_2T/aitutor/database/preflight/qb-extract/docx-cache/gaokao/chemistry/2015/2015年高考化学试卷（浙江）【10月】（解析卷）.docx
biology,2014,shandong,independent,10,7,8,0,/home/flaskappuser/Desktop/NewDisk_2T/aitutor/database/preflight/qb-extract/docx-cache/gaokao/biology/2014/2014年高考生物试卷（山东）（解析卷）.docx
geography,2010,jiangsu,independent,26,7,8,0,/home/flaskappuser/Desktop/NewDisk_2T/aitutor/database/preflight/qb-extract/docx-cache/gaokao/geography/2010/2010年高考地理试卷（江苏）（解析卷）.docx
chinese,2010,shanghai,independent,6,6,43,0,/home/flaskappuser/Desktop/NewDisk_2T/aitutor/database/preflight/qb-extract/docx-cache/gaokao/chinese/2010/2010年高考语文试卷（上海）（秋考）（解析卷）.docx
geography,2008,shanghai,independent,30,6,39,0,/home/flaskappuser/Desktop/NewDisk_2T/aitutor/database/preflight/qb-extract/docx-cache/gaokao/geography/2008/2008年高考地理试卷（上海）（解析卷）.docx
physics,2010,shanghai,independent,10,6,25,0,/home/flaskappuser/Desktop/NewDisk_2T/aitutor/database/preflight/qb-extract/docx-cache/gaokao/physics/2010/2010年高考物理试卷（上海）（解析卷）.docx
math,2011,hunan,independent,10,6,24,0,/home/flaskappuser/Desktop/NewDisk_2T/aitutor/database/preflight/qb-extract/docx-cache/gaokao/math/2011/2011年高考数学试卷（文）（湖南）（解析卷） .docx
chinese,2018,shanghai,independent,6,6,17,0,/home/flaskappuser/Desktop/NewDisk_2T/aitutor/database/incoming/gaokao/chinese/2018/2018年高考语文试卷（上海）（秋考）（解析卷）.docx
english,2023,tianjin,independent,15,6,13,1,/home/flaskappuser/Desktop/NewDisk_2T/aitutor/database/incoming/gaokao/english/2023/2023年高考英语试卷（天津）（第一次）（答案卷）.docx
physics,2011,shandong,independent,8,6,13,0,/home/flaskappuser/Desktop/NewDisk_2T/aitutor/database/incoming/gaokao/physics/2011/2011年高考物理真题（山东）（解析卷）.docx
biology,2009,hainan,independent,22,6,13,0,/home/flaskappuser/Desktop/NewDisk_2T/aitutor/database/preflight/qb-extract/docx-cache/gaokao/biology/2009/2009年高考生物试卷（海南）（解析卷）.docx
physics,2016,national,national_iii,13,6,12,0,/home/flaskappuser/Desktop/NewDisk_2T/aitutor/database/preflight/qb-extract/docx-cache/gaokao/physics/2016/2016年高考物理试卷（新课标Ⅲ）（解析卷）.docx
physics,2018,national,national_iii,10,6,11,0,/home/flaskappuser/Desktop/NewDisk_2T/aitutor/database/preflight/qb-extract/docx-cache/gaokao/physics/2018/2018年高考物理试卷（新课标Ⅲ）（解析卷）.docx
history,2009,guangdong,independent,16,6,11,0,/home/flaskappuser/Desktop/NewDisk_2T/aitutor/database/preflight/qb-extract/docx-cache/gaokao/history/2009/2009年高考历史试卷（广东）（解析卷）.docx
physics,2008,shanghai,independent,6,6,11,0,/home/flaskappuser/Desktop/NewDisk_2T/aitutor/database/preflight/qb-extract/docx-cache/gaokao/physics/2008/2008年高考物理试卷（上海）（解析卷）.docx
history,2008,shandong,independent,6,6,10,0,/home/flaskappuser/Desktop/NewDisk_2T/aitutor/database/preflight/qb-extract/docx-cache/gaokao/history/2008/2008年高考历史试卷（山东）（解析卷）.docx
geography,2013,shandong,independent,8,6,10,0,/home/flaskappuser/Desktop/NewDisk_2T/aitutor/database/preflight/qb-extract/docx-cache/gaokao/geography/2013/2013年高考地理试卷（山东）（解析卷）.docx
geography,2009,beijing,independent,6,6,10,0,/home/flaskappuser/Desktop/NewDisk_2T/aitutor/database/preflight/qb-extract/docx-cache/gaokao/geography/2009/2009年高考地理试卷（北京）（解析卷）.docx
politics,2017,tianjin,independent,12,6,10,0,/home/flaskappuser/Desktop/NewDisk_2T/aitutor/database/preflight/qb-extract/docx-cache/gaokao/politics/2017/2017年高考政治试卷（天津）（解析卷）.docx
biology,2023,jiangsu,independent,20,6,9,0,/home/flaskappuser/Desktop/NewDisk_2T/aitutor/database/incoming/gaokao/biology/2023/2023年高考生物试卷（江苏）（解析卷）.docx
physics,2011,zhejiang,independent,6,6,8,0,/home/flaskappuser/Desktop/NewDisk_2T/aitutor/database/preflight/qb-extract/docx-cache/gaokao/physics/2011/2011年高考物理真题（浙江）（解析卷）.docx
biology,2012,hainan,independent,7,6,8,0,/home/flaskappuser/Desktop/NewDisk_2T/aitutor/database/preflight/qb-extract/docx-cache/gaokao/biology/2012/2012年高考生物试卷（海南）（解析卷）.docx
physics,2018,zhejiang,independent,19,6,8,0,/home/flaskappuser/Desktop/NewDisk_2T/aitutor/database/incoming/gaokao/physics/2018/2018年高考物理试卷（浙江）【11月】（解析卷）.docx
geography,2012,anhui,independent,10,6,7,0,/home/flaskappuser/Desktop/NewDisk_2T/aitutor/database/preflight/qb-extract/docx-cache/gaokao/geography/2012/2012年高考地理试卷（安徽）（解析卷）.docx
physics,2009,anhui,independent,7,6,7,0,/home/flaskappuser/Desktop/NewDisk_2T/aitutor/database/incoming/gaokao/physics/2009/2009年高考物理试卷（安徽）（解析卷）.docx
biology,2009,guangdong,independent,27,6,6,0,/home/flaskappuser/Desktop/NewDisk_2T/aitutor/database/preflight/qb-extract/docx-cache/gaokao/biology/2009/2009年高考生物试卷（广东）（解析卷）.docx
english,2022,tianjin,independent,41,6,6,0,/home/flaskappuser/Desktop/NewDisk_2T/aitutor/database/incoming/gaokao/english/2022/2022年高考英语试卷（天津）（第二次）（解析卷）.docx
chemistry,2010,zhejiang,independent,10,6,6,0,/home/flaskappuser/Desktop/NewDisk_2T/aitutor/database/incoming/gaokao/chemistry/2010/2010年高考化学试卷（浙江）（解析卷）.docx
biology,2019,jiangsu,independent,26,6,6,0,/home/flaskappuser/Desktop/NewDisk_2T/aitutor/database/preflight/qb-extract/docx-cache/gaokao/biology/2019/2019年高考生物试卷（江苏）（解析卷）.docx
biology,2011,sichuan,independent,7,6,6,0,/home/flaskappuser/Desktop/NewDisk_2T/aitutor/database/preflight/qb-extract/docx-cache/gaokao/biology/2011/2011年高考生物试卷（四川）（解析卷）.docx
biology,2013,chongqing,independent,8,6,6,0,/home/flaskappuser/Desktop/NewDisk_2T/aitutor/database/preflight/qb-extract/docx-cache/gaokao/biology/2013/2013年高考生物试卷（重庆）（解析卷）.docx
math,2008,shanghai,independent,8,5,40,0,/home/flaskappuser/Desktop/NewDisk_2T/aitutor/database/preflight/qb-extract/docx-cache/gaokao/math/2008/2008年高考数学试卷（文）（上海）（解析卷）.docx
english,2020,shanghai,independent,5,5,27,0,/home/flaskappuser/Desktop/NewDisk_2T/aitutor/database/incoming/gaokao/english/2020/2020年高考英语试卷（上海）（秋考）（解析卷）.docx
biology,2009,sichuan,independent,5,5,19,0,/home/flaskappuser/Desktop/NewDisk_2T/aitutor/database/preflight/qb-extract/docx-cache/gaokao/biology/2009/2009年高考生物试卷（四川）（解析卷）.docx
chinese,2020,shanghai,independent,10,5,18,0,/home/flaskappuser/Desktop/NewDisk_2T/aitutor/database/incoming/gaokao/chinese/2020/2020年高考语文试卷（上海）（春考）（解析卷）.docx
chinese,2020,tianjin,independent,16,5,17,0,/home/flaskappuser/Desktop/NewDisk_2T/aitutor/database/preflight/qb-extract/docx-cache/gaokao/chinese/2020/2020年高考语文试卷（天津）（解析卷）.docx
chinese,2015,shandong,independent,13,5,16,0,/home/flaskappuser/Desktop/NewDisk_2T/aitutor/database/preflight/qb-extract/docx-cache/gaokao/chinese/2015/2015年高考语文试卷（山东）（解析卷）.docx
math,2010,guangdong,independent,5,5,13,0,/home/flaskappuser/Desktop/NewDisk_2T/aitutor/database/preflight/qb-extract/docx-cache/gaokao/math/2010/2010年高考数学试卷（文）（广东）（解析卷）.docx
chinese,2023,beijing,independent,14,5,13,0,/home/flaskappuser/Desktop/NewDisk_2T/aitutor/database/incoming/gaokao/chinese/2023/2023年高考语文试卷（北京）（解析卷）.docx
chinese,2024,tianjin,independent,15,5,12,0,/home/flaskappuser/Desktop/NewDisk_2T/aitutor/database/incoming/gaokao/chinese/2024/2024年高考语文试卷（天津）（解析卷）.docx
chemistry,2010,shanghai,independent,21,5,12,0,/home/flaskappuser/Desktop/NewDisk_2T/aitutor/database/preflight/qb-extract/docx-cache/gaokao/chemistry/2010/2010年高考化学试卷（上海）（解析卷）.docx
politics,2017,national,national_iii,12,5,12,0,/home/flaskappuser/Desktop/NewDisk_2T/aitutor/database/preflight/qb-extract/docx-cache/gaokao/politics/2017/2017年高考政治试卷（新课标Ⅲ）（解析卷）.docx
politics,2009,jiangsu,independent,33,5,10,0,/home/flaskappuser/Desktop/NewDisk_2T/aitutor/database/preflight/qb-extract/docx-cache/gaokao/politics/2009/2009年高考政治试卷（江苏）（解析卷）.docx
physics,2016,national,national_ii,12,5,10,0,/home/flaskappuser/Desktop/NewDisk_2T/aitutor/database/preflight/qb-extract/docx-cache/gaokao/physics/2016/2016年高考物理试卷（新课标Ⅱ）（解析卷）.docx
physics,2013,national,national_i,10,5,10,0,/home/flaskappuser/Desktop/NewDisk_2T/aitutor/database/preflight/qb-extract/docx-cache/gaokao/physics/2013/2013年高考物理试卷（新课标Ⅰ）（解析卷）.docx
politics,2017,jiangsu,independent,33,5,10,0,/home/flaskappuser/Desktop/NewDisk_2T/aitutor/database/preflight/qb-extract/docx-cache/gaokao/politics/2017/2017年高考政治试卷（江苏）（解析卷）.docx
physics,2008,shandong,independent,8,5,10,0,/home/flaskappuser/Desktop/NewDisk_2T/aitutor/database/preflight/qb-extract/docx-cache/gaokao/physics/2008/2008年高考物理真题（山东）（解析卷）.docx
politics,2014,jiangsu,independent,33,5,10,0,/home/flaskappuser/Desktop/NewDisk_2T/aitutor/database/preflight/qb-extract/docx-cache/gaokao/politics/2014/2014年高考政治试卷（江苏）（解析卷）.docx
physics,2010,jiangsu,independent,10,5,9,0,/home/flaskappuser/Desktop/NewDisk_2T/aitutor/database/preflight/qb-extract/docx-cache/gaokao/physics/2010/2010年高考物理试卷（江苏）（解析卷）.docx
physics,2017,national,national_ii,10,5,9,0,/home/flaskappuser/Desktop/NewDisk_2T/aitutor/database/preflight/qb-extract/docx-cache/gaokao/physics/2017/2017年高考物理试卷（新课标Ⅱ）（解析卷）.docx
physics,2013,national,national_ii,11,5,9,0,/home/flaskappuser/Desktop/NewDisk_2T/aitutor/database/preflight/qb-extract/docx-cache/gaokao/physics/2013/2013年高考物理试卷（新课标Ⅱ）（解析卷）.docx
biology,2010,hainan,independent,25,5,9,0,/home/flaskappuser/Desktop/NewDisk_2T/aitutor/database/preflight/qb-extract/docx-cache/gaokao/biology/2010/2010年高考生物试卷（海南）（解析卷）.docx
physics,2017,national,national_iii,11,5,9,0,/home/flaskappuser/Desktop/NewDisk_2T/aitutor/database/preflight/qb-extract/docx-cache/gaokao/physics/2017/2017年高考物理试卷（新课标Ⅲ）（解析卷）.docx
chinese,2009,shanghai,independent,5,5,9,0,/home/flaskappuser/Desktop/NewDisk_2T/aitutor/database/preflight/qb-extract/docx-cache/gaokao/chinese/2009/2009年高考语文试卷（上海）（秋考）（解析卷）.docx
biology,2009,shandong,independent,9,5,9,0,/home/flaskappuser/Desktop/NewDisk_2T/aitutor/database/preflight/qb-extract/docx-cache/gaokao/biology/2009/2009年高考生物政治（山东）（解析卷）.docx
history,2022,beijing,independent,15,5,9,0,/home/flaskappuser/Desktop/NewDisk_2T/aitutor/database/incoming/gaokao/history/2022/2022年高考历史试卷（北京）（解析卷）.docx
politics,2018,national,national_ii,12,5,9,0,/home/flaskappuser/Desktop/NewDisk_2T/aitutor/database/preflight/qb-extract/docx-cache/gaokao/politics/2018/2018年高考政治试卷（新课标Ⅱ）（解析卷）.docx
math,2014,hunan,independent,7,5,9,0,/home/flaskappuser/Desktop/NewDisk_2T/aitutor/database/preflight/qb-extract/docx-cache/gaokao/math/2014/2014年高考数学试卷（文）（湖南）（解析卷）.docx
politics,2019,national,national_i,12,5,8,0,/home/flaskappuser/Desktop/NewDisk_2T/aitutor/database/preflight/qb-extract/docx-cache/gaokao/politics/2019/2019年高考政治试卷（新课标Ⅰ）（解析卷）.docx
biology,2009,jiangsu,independent,24,5,7,0,/home/flaskappuser/Desktop/NewDisk_2T/aitutor/database/preflight/qb-extract/docx-cache/gaokao/biology/2009/2009年高考生物试卷（江苏）（解析卷）.docx
physics,2012,hainan,independent,6,5,7,0,/home/flaskappuser/Desktop/NewDisk_2T/aitutor/database/preflight/qb-extract/docx-cache/gaokao/physics/2012/2012年高考物理试卷（海南）（解析卷）.docx
biology,2023,hebei,independent,10,5,6,0,/home/flaskappuser/Desktop/NewDisk_2T/aitutor/database/incoming/gaokao/biology/2023/2023年高考生物试卷（河北）（答案卷）.docx
physics,2011,guangdong,independent,9,5,6,0,/home/flaskappuser/Desktop/NewDisk_2T/aitutor/database/preflight/qb-extract/docx-cache/gaokao/physics/2011/2011年高考物理试卷（广东）（解析卷）.docx
physics,2019,jiangsu,independent,10,5,6,0,/home/flaskappuser/Desktop/NewDisk_2T/aitutor/database/preflight/qb-extract/docx-cache/gaokao/physics/2019/2019年高考物理试卷（江苏）（解析卷）.docx
physics,2015,jiangsu,independent,10,5,6,0,/home/flaskappuser/Desktop/NewDisk_2T/aitutor/database/preflight/qb-extract/docx-cache/gaokao/physics/2015/2015年高考物理试卷（江苏）（解析卷）.docx
biology,2010,jiangsu,independent,25,5,6,0,/home/flaskappuser/Desktop/NewDisk_2T/aitutor/database/preflight/qb-extract/docx-cache/gaokao/biology/2010/2010年高考生物试卷（江苏）（解析卷）.docx
english,2008,shandong,independent,60,5,5,20,/home/flaskappuser/Desktop/NewDisk_2T/aitutor/database/preflight/qb-extract/docx-cache/gaokao/english/2008/2008年高考英语试卷（山东）（解析卷）.docx
english,2013,zhejiang,independent,5,5,5,0,/home/flaskappuser/Desktop/NewDisk_2T/aitutor/database/preflight/qb-extract/docx-cache/gaokao/english/2013/2013年高考英语试卷（浙江）（解析卷）.docx
geography,2022,hunan,independent,16,5,5,0,/home/flaskappuser/Desktop/NewDisk_2T/aitutor/database/incoming/gaokao/geography/2022/2022年高考地理试卷（湖南）（解析卷）.docx
geography,2012,chongqing,independent,10,5,5,0,/home/flaskappuser/Desktop/NewDisk_2T/aitutor/database/preflight/qb-extract/docx-cache/gaokao/geography/2012/2012年高考地理试卷（重庆）（解析卷）.docx
biology,2015,jiangsu,independent,26,5,5,0,/home/flaskappuser/Desktop/NewDisk_2T/aitutor/database/preflight/qb-extract/docx-cache/gaokao/biology/2015/2015年高考生物试卷（江苏）（解析卷）.docx
english,2012,anhui,independent,35,5,5,16,/home/flaskappuser/Desktop/NewDisk_2T/aitutor/database/preflight/qb-extract/docx-cache/gaokao/english/2012/2012年高考英语试卷（安徽）（解析卷）.docx
math,2013,shandong,independent,4,4,25,0,/home/flaskappuser/Desktop/NewDisk_2T/aitutor/database/preflight/qb-extract/docx-cache/gaokao/math/2013/2013年高考数学试卷（文）（山东）（解析卷）.docx
english,2020,national,national_i,56,4,19,38,/home/flaskappuser/Desktop/NewDisk_2T/aitutor/database/preflight/qb-extract/docx-cache/gaokao/english/2020/2020年高考英语试卷（新课标Ⅰ卷）（解析卷）.docx
english,2020,national,national_iii,35,4,16,20,/home/flaskappuser/Desktop/NewDisk_2T/aitutor/database/preflight/qb-extract/docx-cache/gaokao/english/2020/2020年高考英语试卷（新课标Ⅲ卷）（解析卷）.docx
english,2020,national,national_ii,36,4,16,20,/home/flaskappuser/Desktop/NewDisk_2T/aitutor/database/preflight/qb-extract/docx-cache/gaokao/english/2020/2020年高考英语试卷（新课标Ⅱ卷）（解析卷）.docx
chinese,2015,hunan,independent,10,4,16,0,/home/flaskappuser/Desktop/NewDisk_2T/aitutor/database/preflight/qb-extract/docx-cache/gaokao/chinese/2015/2015年高考语文试卷（湖南）（解析卷）.docx
physics,2009,shanghai,independent,4,4,16,0,/home/flaskappuser/Desktop/NewDisk_2T/aitutor/database/preflight/qb-extract/docx-cache/gaokao/physics/2009/2009年高考物理试卷（上海）（解析卷）.docx
chinese,2020,shandong,new_gaokao_i,11,4,15,0,/home/flaskappuser/Desktop/NewDisk_2T/aitutor/database/preflight/qb-extract/docx-cache/gaokao/chinese/2020/2020年高考语文试卷（新高考Ⅰ卷）（山东）（解析卷）.docx
chinese,2024,beijing,independent,14,4,15,0,/home/flaskappuser/Desktop/NewDisk_2T/aitutor/database/incoming/gaokao/chinese/2024/2024年高考语文试卷（北京）（解析卷）.docx
chinese,2015,hubei,independent,12,4,13,0,/home/flaskappuser/Desktop/NewDisk_2T/aitutor/database/preflight/qb-extract/docx-cache/gaokao/chinese/2015/2015年高考语文试卷（湖北）（解析卷）.docx
chinese,2022,national,national_b,11,4,13,0,/home/flaskappuser/Desktop/NewDisk_2T/aitutor/database/incoming/gaokao/chinese/2022/2022年高考语文试卷（全国乙卷）（解析卷）.docx
chinese,2022,beijing,independent,14,4,13,0,/home/flaskappuser/Desktop/NewDisk_2T/aitutor/database/incoming/gaokao/chinese/2022/2022年高考语文试卷（北京）（解析卷）.docx
english,2015,national,national_ii,38,4,13,20,/home/flaskappuser/Desktop/NewDisk_2T/aitutor/database/preflight/qb-extract/docx-cache/gaokao/english/2015/2015年高考英语试卷（新课标Ⅱ卷）（解析卷）.docx
math,2009,shandong,independent,13,4,12,0,/home/flaskappuser/Desktop/NewDisk_2T/aitutor/database/preflight/qb-extract/docx-cache/gaokao/math/2009/2009年高考数学试卷（文）（山东）（解析卷）.docx
politics,2018,national,national_iii,12,4,11,0,/home/flaskappuser/Desktop/NewDisk_2T/aitutor/database/preflight/qb-extract/docx-cache/gaokao/politics/2018/2018年高考政治试卷（新课标Ⅲ）（解析卷）.docx
politics,2018,beijing,independent,12,4,11,0,/home/flaskappuser/Desktop/NewDisk_2T/aitutor/database/preflight/qb-extract/docx-cache/gaokao/politics/2018/2018年高考政治试卷（北京）（解析卷）.docx
politics,2020,national,national_ii,12,4,11,0,/home/flaskappuser/Desktop/NewDisk_2T/aitutor/database/preflight/qb-extract/docx-cache/gaokao/politics/2020/2020年高考政治试卷（新课标Ⅱ）（解析卷）.docx
chinese,2021,tianjin,independent,15,4,10,0,/home/flaskappuser/Desktop/NewDisk_2T/aitutor/database/preflight/qb-extract/docx-cache/gaokao/chinese/2021/2021年高考语文试卷（天津）（解析卷）.docx
biology,2010,sichuan,independent,4,4,10,0,/home/flaskappuser/Desktop/NewDisk_2T/aitutor/database/preflight/qb-extract/docx-cache/gaokao/biology/2010/2010年高考生物试卷（四川）（解析卷）.docx
physics,2014,jiangsu,independent,11,4,10,0,/home/flaskappuser/Desktop/NewDisk_2T/aitutor/database/preflight/qb-extract/docx-cache/gaokao/physics/2014/2014年高考物理试卷（江苏）（解析卷）.docx
physics,2009,shandong,independent,6,4,10,0,/home/flaskappuser/Desktop/NewDisk_2T/aitutor/database/preflight/qb-extract/docx-cache/gaokao/physics/2009/2009年高考物理真题（山东）（解析卷）.docx
chinese,2024,national,national_a,12,4,10,0,/home/flaskappuser/Desktop/NewDisk_2T/aitutor/database/incoming/gaokao/chinese/2024/2024年高考语文试卷（全国甲卷）（解析卷）.docx
chinese,2012,fujian,independent,5,4,10,0,/home/flaskappuser/Desktop/NewDisk_2T/aitutor/database/preflight/qb-extract/docx-cache/gaokao/chinese/2012/2012年高考语文试卷（福建）（解析卷）.docx
biology,2022,hebei,independent,18,4,10,0,/home/flaskappuser/Desktop/NewDisk_2T/aitutor/database/incoming/gaokao/biology/2022/2022年高考生物试卷（河北）（解析卷）.docx
physics,2011,jiangsu,independent,10,4,9,0,/home/flaskappuser/Desktop/NewDisk_2T/aitutor/database/preflight/qb-extract/docx-cache/gaokao/physics/2011/2011年高考物理试卷（江苏）（解析卷）.docx
physics,2015,national,national_i,9,4,9,0,/home/flaskappuser/Desktop/NewDisk_2T/aitutor/database/preflight/qb-extract/docx-cache/gaokao/physics/2015/2015年高考物理试卷（新课标Ⅰ）（解析卷）.docx
chinese,2021,beijing,independent,14,4,9,0,/home/flaskappuser/Desktop/NewDisk_2T/aitutor/database/preflight/qb-extract/docx-cache/gaokao/chinese/2021/2021年高考语文试卷（北京）（解析卷）.docx
math,2021,shanghai,independent,4,4,9,0,/home/flaskappuser/Desktop/NewDisk_2T/aitutor/database/preflight/qb-extract/docx-cache/gaokao/math/2021/2021年高考数学试卷（上海）（春考）（解析卷）.docx
politics,2018,jiangsu,independent,33,4,9,0,/home/flaskappuser/Desktop/NewDisk_2T/aitutor/database/preflight/qb-extract/docx-cache/gaokao/politics/2018/2018年高考政治试卷（江苏）（解析卷）.docx
politics,2010,jiangsu,independent,33,4,9,0,/home/flaskappuser/Desktop/NewDisk_2T/aitutor/database/preflight/qb-extract/docx-cache/gaokao/politics/2010/2010年高考政治试卷（江苏）（解析卷）.docx
chemistry,2013,anhui,independent,4,4,8,0,/home/flaskappuser/Desktop/NewDisk_2T/aitutor/database/preflight/qb-extract/docx-cache/gaokao/chemistry/2013/2013年高考化学试卷（安徽）（解析卷）.docx
english,2010,tianjin,independent,30,4,8,0,/home/flaskappuser/Desktop/NewDisk_2T/aitutor/database/preflight/qb-extract/docx-cache/gaokao/english/2010/2010年高考英语试卷（天津）（解析卷）.docx
physics,2020,national,national_i,9,4,8,0,/home/flaskappuser/Desktop/NewDisk_2T/aitutor/database/preflight/qb-extract/docx-cache/gaokao/physics/2020/2020年高考物理试卷（新课标Ⅰ）（解析卷）.docx
physics,2019,national,national_i,10,4,8,0,/home/flaskappuser/Desktop/NewDisk_2T/aitutor/database/preflight/qb-extract/docx-cache/gaokao/physics/2019/2019年高考物理试卷（新课标Ⅰ）（解析卷）.docx
physics,2017,national,national_i,9,4,8,0,/home/flaskappuser/Desktop/NewDisk_2T/aitutor/database/preflight/qb-extract/docx-cache/gaokao/physics/2017/2017年高考物理试卷（新课标Ⅰ）（解析卷）.docx
physics,2020,national,national_iii,9,4,8,0,/home/flaskappuser/Desktop/NewDisk_2T/aitutor/database/preflight/qb-extract/docx-cache/gaokao/physics/2020/2020年高考物理试卷（新课标Ⅲ）（解析卷）.docx
english,2018,jiangsu,independent,50,4,8,20,/home/flaskappuser/Desktop/NewDisk_2T/aitutor/database/preflight/qb-extract/docx-cache/gaokao/english/2018/2018年高考英语试卷（江苏）（解析卷）   .docx
physics,2018,national,national_ii,9,4,8,0,/home/flaskappuser/Desktop/NewDisk_2T/aitutor/database/preflight/qb-extract/docx-cache/gaokao/physics/2018/2018年高考物理试卷（新课标Ⅱ）（解析卷）.docx
physics,2009,jiangsu,independent,9,4,8,0,/home/flaskappuser/Desktop/NewDisk_2T/aitutor/database/preflight/qb-extract/docx-cache/gaokao/physics/2009/2009年高考物理试卷（江苏）（解析卷）.docx
physics,2011,tianjin,independent,9,4,7,0,/home/flaskappuser/Desktop/NewDisk_2T/aitutor/database/preflight/qb-extract/docx-cache/gaokao/physics/2011/2011年高考物理真题（天津）（解析卷）.docx
physics,2011,sichuan,independent,4,4,7,0,/home/flaskappuser/Desktop/NewDisk_2T/aitutor/database/preflight/qb-extract/docx-cache/gaokao/physics/2011/2011年高考物理真题（四川）（解析卷）.docx
chinese,2017,national,national_i,6,4,7,0,/home/flaskappuser/Desktop/NewDisk_2T/aitutor/database/preflight/qb-extract/docx-cache/gaokao/chinese/2017/2017年高考语文试卷（新课标Ⅰ卷）（解析卷）.docx
physics,2019,national,national_ii,10,4,7,0,/home/flaskappuser/Desktop/NewDisk_2T/aitutor/database/preflight/qb-extract/docx-cache/gaokao/physics/2019/2019年高考物理试卷（新课标Ⅱ）（解析卷）.docx
math,2014,tianjin,independent,5,4,7,0,/home/flaskappuser/Desktop/NewDisk_2T/aitutor/database/preflight/qb-extract/docx-cache/gaokao/math/2014/2014年高考数学试卷（文）（天津）（解析卷）.docx
physics,2013,jiangsu,independent,13,4,7,0,/home/flaskappuser/Desktop/NewDisk_2T/aitutor/database/preflight/qb-extract/docx-cache/gaokao/physics/2013/2013年高考物理试卷（江苏）（解析卷）.docx
physics,2019,national,national_iii,10,4,7,0,/home/flaskappuser/Desktop/NewDisk_2T/aitutor/database/preflight/qb-extract/docx-cache/gaokao/physics/2019/2019年高考物理试卷（新课标Ⅲ）（解析卷）.docx
chinese,2012,jiangxi,independent,6,4,6,0,/home/flaskappuser/Desktop/NewDisk_2T/aitutor/database/preflight/qb-extract/docx-cache/gaokao/chinese/2012/2012年高考语文试卷（江西）（解析卷）.docx
physics,2012,tianjin,independent,11,4,6,0,/home/flaskappuser/Desktop/NewDisk_2T/aitutor/database/preflight/qb-extract/docx-cache/gaokao/physics/2012/2012年高考物理试卷（天津）（解析卷）.docx
history,2012,sichuan,independent,5,4,6,0,/home/flaskappuser/Desktop/NewDisk_2T/aitutor/database/preflight/qb-extract/docx-cache/gaokao/history/2012/2012年高考历史试卷（四川）（解析卷）.docx
chinese,2018,national,national_ii,6,4,6,0,/home/flaskappuser/Desktop/NewDisk_2T/aitutor/database/preflight/qb-extract/docx-cache/gaokao/chinese/2018/2018年高考语文试卷（新课标Ⅱ卷）（解析卷）.docx
biology,2016,jiangsu,independent,26,4,6,0,/home/flaskappuser/Desktop/NewDisk_2T/aitutor/database/preflight/qb-extract/docx-cache/gaokao/biology/2016/2016年高考生物试卷（江苏）（解析卷）.docx
biology,2014,jiangsu,independent,25,4,6,0,/home/flaskappuser/Desktop/NewDisk_2T/aitutor/database/preflight/qb-extract/docx-cache/gaokao/biology/2014/2014年高考生物试卷（江苏）（解析卷）.docx
physics,2018,jiangsu,independent,10,4,6,0,/home/flaskappuser/Desktop/NewDisk_2T/aitutor/database/preflight/qb-extract/docx-cache/gaokao/physics/2018/2018年高考物理试卷（江苏）（解析卷）.docx
politics,2015,national,national_i,12,4,6,0,/home/flaskappuser/Desktop/NewDisk_2T/aitutor/database/preflight/qb-extract/docx-cache/gaokao/politics/2015/2015年高考政治试卷（新课标Ⅰ）（解析卷）.docx
chinese,2019,tianjin,independent,7,4,5,0,/home/flaskappuser/Desktop/NewDisk_2T/aitutor/database/preflight/qb-extract/docx-cache/gaokao/chinese/2019/2019年高考语文试卷（天津）（解析卷）.docx
chemistry,2009,sichuan,independent,9,4,5,0,/home/flaskappuser/Desktop/NewDisk_2T/aitutor/database/preflight/qb-extract/docx-cache/gaokao/chemistry/2009/2009年高考化学试卷（四川）（解析卷）.docx
chemistry,2012,jiangsu,independent,15,4,5,0,/home/flaskappuser/Desktop/NewDisk_2T/aitutor/database/preflight/qb-extract/docx-cache/gaokao/chemistry/2012/2012年高考化学试卷（江苏）（解析卷）   .docx
physics,2016,jiangsu,independent,9,4,5,0,/home/flaskappuser/Desktop/NewDisk_2T/aitutor/database/preflight/qb-extract/docx-cache/gaokao/physics/2016/2016年高考物理试卷（江苏）（解析卷）.docx
physics,2014,chongqing,independent,5,4,5,0,/home/flaskappuser/Desktop/NewDisk_2T/aitutor/database/preflight/qb-extract/docx-cache/gaokao/physics/2014/2014年高考物理试卷（重庆）（解析卷）.docx
physics,2012,jiangsu,independent,9,4,5,0,/home/flaskappuser/Desktop/NewDisk_2T/aitutor/database/preflight/qb-extract/docx-cache/gaokao/physics/2012/2012年高考物理试卷（江苏）（解析卷）.docx
english,2020,tianjin,independent,41,4,5,0,/home/flaskappuser/Desktop/NewDisk_2T/aitutor/database/preflight/qb-extract/docx-cache/gaokao/english/2020/2020年高考英语试卷（天津）（第二次）（解析版）.docx
history,2012,chongqing,independent,6,4,5,0,/home/flaskappuser/Desktop/NewDisk_2T/aitutor/database/preflight/qb-extract/docx-cache/gaokao/history/2012/2012年高考历史试卷（重庆）（解析卷）.docx
geography,2018,jiangsu,independent,23,4,5,0,/home/flaskappuser/Desktop/NewDisk_2T/aitutor/database/preflight/qb-extract/docx-cache/gaokao/geography/2018/2018年高考地理试卷（江苏）（解析卷）   .docx
chemistry,2023,zhejiang,independent,22,4,4,0,/home/flaskappuser/Desktop/NewDisk_2T/aitutor/database/incoming/gaokao/chemistry/2023/2023年高考化学试卷（浙江）【1月】（解析卷）.docx
geography,2013,chongqing,independent,12,4,4,0,/home/flaskappuser/Desktop/NewDisk_2T/aitutor/database/preflight/qb-extract/docx-cache/gaokao/geography/2013/2013年高考地理试卷（重庆）（解析卷）.docx
english,2008,beijing,independent,54,4,4,20,/home/flaskappuser/Desktop/NewDisk_2T/aitutor/database/preflight/qb-extract/docx-cache/gaokao/english/2008/2008年高考英语试卷（北京）（解析卷）.docx
geography,2020,jiangsu,independent,26,4,4,0,/home/flaskappuser/Desktop/NewDisk_2T/aitutor/database/preflight/qb-extract/docx-cache/gaokao/geography/2020/2020年高考地理试卷（江苏）（解析卷）   .docx
geography,2012,guangdong,independent,7,4,4,0,/home/flaskappuser/Desktop/NewDisk_2T/aitutor/database/preflight/qb-extract/docx-cache/gaokao/geography/2012/2012年高考地理试卷（广东）（解析卷）.docx
biology,2023,hainan,independent,14,4,4,0,/home/flaskappuser/Desktop/NewDisk_2T/aitutor/database/incoming/gaokao/biology/2023/2023年高考生物真题（海南）（解析卷）.docx
chemistry,2009,jiangsu,independent,17,4,4,0,/home/flaskappuser/Desktop/NewDisk_2T/aitutor/database/preflight/qb-extract/docx-cache/gaokao/chemistry/2009/2009年高考化学试卷（江苏）（解析卷）.docx
english,2014,national,national_ii,36,4,4,20,/home/flaskappuser/Desktop/NewDisk_2T/aitutor/database/preflight/qb-extract/docx-cache/gaokao/english/2014/2014年高考英语试卷（新课标Ⅱ卷）（解析卷）.docx
english,2011,hunan,independent,48,4,4,14,/home/flaskappuser/Desktop/NewDisk_2T/aitutor/database/incoming/gaokao/english/2011/2011年高考英语试卷（湖南）（解析卷）.docx
chemistry,2008,sichuan,independent,12,4,4,0,/home/flaskappuser/Desktop/NewDisk_2T/aitutor/database/preflight/qb-extract/docx-cache/gaokao/chemistry/2008/2008年高考化学试卷（四川）（解析卷）.docx
biology,2015,shandong,independent,9,4,4,0,/home/flaskappuser/Desktop/NewDisk_2T/aitutor/database/preflight/qb-extract/docx-cache/gaokao/biology/2015/2015年高考生物试卷（山东）（解析卷）.docx
biology,2011,shanghai,independent,26,3,31,0,/home/flaskappuser/Desktop/NewDisk_2T/aitutor/database/preflight/qb-extract/docx-cache/gaokao/biology/2011/2011年高考生物试卷（上海）（解析卷）.docx
chinese,2020,jiangsu,independent,14,3,18,0,/home/flaskappuser/Desktop/NewDisk_2T/aitutor/database/preflight/qb-extract/docx-cache/gaokao/chinese/2020/2020年高考语文试卷（江苏）（解析卷）   .docx
politics,2009,shanghai,independent,12,3,15,0,/home/flaskappuser/Desktop/NewDisk_2T/aitutor/database/preflight/qb-extract/docx-cache/gaokao/politics/2009/2009年高考政治试卷（上海）（解析卷）.docx
math,2012,hunan,independent,3,3,15,0,/home/flaskappuser/Desktop/NewDisk_2T/aitutor/database/preflight/qb-extract/docx-cache/gaokao/math/2012/2012年高考数学试卷（文）（湖南）（解析卷）.docx
biology,2021,shanghai,independent,25,3,15,0,/home/flaskappuser/Desktop/NewDisk_2T/aitutor/database/incoming/gaokao/biology/2021/2021年高考生物试卷（上海）（答案卷）.docx
chinese,2009,zhejiang,independent,13,3,14,0,/home/flaskappuser/Desktop/NewDisk_2T/aitutor/database/preflight/qb-extract/docx-cache/gaokao/chinese/2009/2009年高考语文试卷（浙江）（解析卷）.docx
chinese,2011,beijing,independent,5,3,14,0,/home/flaskappuser/Desktop/NewDisk_2T/aitutor/database/preflight/qb-extract/docx-cache/gaokao/chinese/2011/2011年高考语文试卷（北京）（解析卷）.docx
english,2010,national,national_ii,39,3,13,0,/home/flaskappuser/Desktop/NewDisk_2T/aitutor/database/preflight/qb-extract/docx-cache/gaokao/english/2010/2010年高考英语试卷（新课标Ⅱ卷）（解析卷）.docx
chinese,2022,national,new_gaokao_i,11,3,12,0,/home/flaskappuser/Desktop/NewDisk_2T/aitutor/database/incoming/gaokao/chinese/2022/2022年高考语文试卷（新高考Ⅰ卷）（解析卷）.docx
chinese,2023,national,national_a,11,3,11,0,/home/flaskappuser/Desktop/NewDisk_2T/aitutor/database/incoming/gaokao/chinese/2023/2023年高考语文试卷（全国甲卷）（解析卷）.docx
math,2008,sichuan,independent,4,3,11,0,/home/flaskappuser/Desktop/NewDisk_2T/aitutor/database/preflight/qb-extract/docx-cache/gaokao/math/2008/2008年高考数学试卷（文）（四川）（非延考区）（解析卷）.docx
chinese,2008,hainan,independent,3,3,11,0,/home/flaskappuser/Desktop/NewDisk_2T/aitutor/database/preflight/qb-extract/docx-cache/gaokao/chinese/2008/2008年高考语文试卷（新课标）（海南宁夏）（解析卷）.docx
english,2016,jiangsu,independent,39,3,10,12,/home/flaskappuser/Desktop/NewDisk_2T/aitutor/database/preflight/qb-extract/docx-cache/gaokao/english/2016/2016年高考英语试卷（江苏）（解析卷）   .docx
chinese,2014,shandong,independent,7,3,10,0,/home/flaskappuser/Desktop/NewDisk_2T/aitutor/database/preflight/qb-extract/docx-cache/gaokao/chinese/2014/2014年高考语文试卷（山东）（解析卷）.docx
chinese,2017,shandong,independent,14,3,10,0,/home/flaskappuser/Desktop/NewDisk_2T/aitutor/database/preflight/qb-extract/docx-cache/gaokao/chinese/2017/2017年高考语文试卷（山东）（解析卷）.docx
english,2017,national,national_iii,36,3,9,20,/home/flaskappuser/Desktop/NewDisk_2T/aitutor/database/preflight/qb-extract/docx-cache/gaokao/english/2017/2017年高考英语试卷（新课标Ⅲ卷）（解析卷）.docx
physics,2008,hainan,independent,7,3,9,0,/home/flaskappuser/Desktop/NewDisk_2T/aitutor/database/preflight/qb-extract/docx-cache/gaokao/physics/2008/2008年高考物理试卷（海南）（解析卷）.docx
chinese,2020,beijing,independent,14,3,9,0,/home/flaskappuser/Desktop/NewDisk_2T/aitutor/database/preflight/qb-extract/docx-cache/gaokao/chinese/2020/2020年高考语文试卷（北京）（解析卷）.docx
politics,2020,national,national_iii,12,3,9,0,/home/flaskappuser/Desktop/NewDisk_2T/aitutor/database/preflight/qb-extract/docx-cache/gaokao/politics/2020/2020年高考政治试卷（新课标Ⅲ）（解析卷）.docx
biology,2009,beijing,independent,12,3,9,0,/home/flaskappuser/Desktop/NewDisk_2T/aitutor/database/preflight/qb-extract/docx-cache/gaokao/biology/2009/2009年高考生物试卷（北京）（解析卷）.docx
math,2012,hubei,independent,12,3,8,0,/home/flaskappuser/Desktop/NewDisk_2T/aitutor/database/preflight/qb-extract/docx-cache/gaokao/math/2012/2012年高考数学试卷（文）（湖北）（解析卷）.docx
math,2011,shaanxi,independent,11,3,8,0,/home/flaskappuser/Desktop/NewDisk_2T/aitutor/database/preflight/qb-extract/docx-cache/gaokao/math/2011/2011年高考数学试卷（文）（陕西）（解析卷）.docx
physics,2008,jiangsu,independent,8,3,8,0,/home/flaskappuser/Desktop/NewDisk_2T/aitutor/database/preflight/qb-extract/docx-cache/gaokao/physics/2008/2008年高考物理试卷（江苏）（解析卷）.docx
politics,2011,hainan,independent,21,3,8,0,/home/flaskappuser/Desktop/NewDisk_2T/aitutor/database/preflight/qb-extract/docx-cache/gaokao/politics/2011/2011年高考政治试卷（海南）（解析卷）.docx
physics,2010,anhui,independent,3,3,7,0,/home/flaskappuser/Desktop/NewDisk_2T/aitutor/database/incoming/gaokao/physics/2010/2010年高考物理试卷（安徽）（解析卷）.docx
physics,2014,national,national_i,8,3,7,0,/home/flaskappuser/Desktop/NewDisk_2T/aitutor/database/preflight/qb-extract/docx-cache/gaokao/physics/2014/2014年高考物理试卷（新课标Ⅰ）（解析卷）.docx
physics,2020,national,national_ii,9,3,7,0,/home/flaskappuser/Desktop/NewDisk_2T/aitutor/database/preflight/qb-extract/docx-cache/gaokao/physics/2020/2020年高考物理试卷（新课标Ⅱ）（解析卷）.docx
physics,2010,guangdong,independent,4,3,7,0,/home/flaskappuser/Desktop/NewDisk_2T/aitutor/database/preflight/qb-extract/docx-cache/gaokao/physics/2010/2010年高考物理试卷（广东）（解析卷）.docx
politics,2014,beijing,independent,13,3,6,0,/home/flaskappuser/Desktop/NewDisk_2T/aitutor/database/preflight/qb-extract/docx-cache/gaokao/politics/2014/2014年高考政治试卷（北京）（解析卷）.docx
politics,2013,chongqing,independent,3,3,6,0,/home/flaskappuser/Desktop/NewDisk_2T/aitutor/database/preflight/qb-extract/docx-cache/gaokao/politics/2013/2013年高考政治试卷（重庆）（解析卷）.docx
physics,2019,tianjin,independent,9,3,6,0,/home/flaskappuser/Desktop/NewDisk_2T/aitutor/database/preflight/qb-extract/docx-cache/gaokao/physics/2019/2019年高考物理试卷（天津）（解析卷）.docx
physics,2016,tianjin,independent,9,3,6,0,/home/flaskappuser/Desktop/NewDisk_2T/aitutor/database/preflight/qb-extract/docx-cache/gaokao/physics/2016/2016年高考物理试卷（天津）（解析卷）.docx
physics,2013,tianjin,independent,10,3,6,0,/home/flaskappuser/Desktop/NewDisk_2T/aitutor/database/preflight/qb-extract/docx-cache/gaokao/physics/2013/2013年高考物理试卷（天津）（解析卷）.docx
chinese,2020,national,national_ii,6,3,6,0,/home/flaskappuser/Desktop/NewDisk_2T/aitutor/database/preflight/qb-extract/docx-cache/gaokao/chinese/2020/2020年高考语文试卷（新课标Ⅱ卷）（解析卷）.docx
english,2009,shandong,independent,54,3,6,20,/home/flaskappuser/Desktop/NewDisk_2T/aitutor/database/preflight/qb-extract/docx-cache/gaokao/english/2009/2009年高考英语试卷（山东）（解析卷）.docx
english,2011,tianjin,independent,30,3,6,0,/home/flaskappuser/Desktop/NewDisk_2T/aitutor/database/preflight/qb-extract/docx-cache/gaokao/english/2011/2011年高考英语试卷（天津）（解析卷）.docx
physics,2018,tianjin,independent,10,3,6,0,/home/flaskappuser/Desktop/NewDisk_2T/aitutor/database/preflight/qb-extract/docx-cache/gaokao/physics/2018/2018年高考物理试卷（天津）（解析卷）.docx
politics,2014,tianjin,independent,11,3,6,0,/home/flaskappuser/Desktop/NewDisk_2T/aitutor/database/preflight/qb-extract/docx-cache/gaokao/politics/2014/2014年高考政治试卷（天津）（解析卷）.docx
physics,2015,tianjin,independent,10,3,6,0,/home/flaskappuser/Desktop/NewDisk_2T/aitutor/database/preflight/qb-extract/docx-cache/gaokao/physics/2015/2015年高考物理试卷（天津）（解析卷）.docx
biology,2011,shandong,independent,10,3,6,0,/home/flaskappuser/Desktop/NewDisk_2T/aitutor/database/preflight/qb-extract/docx-cache/gaokao/biology/2011/2011年高考生物试卷（山东）（解析卷）.docx
politics,2020,national,national_i,12,3,6,0,/home/flaskappuser/Desktop/NewDisk_2T/aitutor/database/preflight/qb-extract/docx-cache/gaokao/politics/2020/2020年高考政治试卷（新课标Ⅰ）（解析卷）.docx
physics,2009,tianjin,independent,9,3,6,0,/home/flaskappuser/Desktop/NewDisk_2T/aitutor/database/preflight/qb-extract/docx-cache/gaokao/physics/2009/2009年高考物理真题（天津）（解析卷）.docx
biology,2020,national,national_iii,6,3,6,0,/home/flaskappuser/Desktop/NewDisk_2T/aitutor/database/preflight/qb-extract/docx-cache/gaokao/biology/2020/2020年高考生物试卷（新课标Ⅲ）（解析卷）.docx
politics,2019,national,national_ii,12,3,6,0,/home/flaskappuser/Desktop/NewDisk_2T/aitutor/database/preflight/qb-extract/docx-cache/gaokao/politics/2019/2019年高考政治试卷（新课标Ⅱ）（解析卷）.docx
physics,2014,tianjin,independent,10,3,6,0,/home/flaskappuser/Desktop/NewDisk_2T/aitutor/database/preflight/qb-extract/docx-cache/gaokao/physics/2014/2014年高考物理试卷（天津）（解析卷）.docx
chinese,2012,guangdong,independent,6,3,6,0,/home/flaskappuser/Desktop/NewDisk_2T/aitutor/database/preflight/qb-extract/docx-cache/gaokao/chinese/2012/2012年高考语文试卷（广东）（解析卷）.docx
chemistry,2012,fujian,independent,4,3,5,0,/home/flaskappuser/Desktop/NewDisk_2T/aitutor/database/preflight/qb-extract/docx-cache/gaokao/chemistry/2012/2012年高考化学试卷（福建）（解析卷）.docx
physics,2008,sichuan,independent,7,3,5,0,/home/flaskappuser/Desktop/NewDisk_2T/aitutor/database/preflight/qb-extract/docx-cache/gaokao/physics/2008/2008年高考物理真题（四川）（解析卷）.docx
chinese,2019,beijing,independent,4,3,5,0,/home/flaskappuser/Desktop/NewDisk_2T/aitutor/database/preflight/qb-extract/docx-cache/gaokao/chinese/2019/2019年高考语文试卷（北京）（解析卷）.docx
chemistry,2014,guangdong,independent,3,3,5,0,/home/flaskappuser/Desktop/NewDisk_2T/aitutor/database/preflight/qb-extract/docx-cache/gaokao/chemistry/2014/2014年高考化学试卷（广东）（解析卷）.docx
chinese,2015,national,national_i,7,3,5,0,/home/flaskappuser/Desktop/NewDisk_2T/aitutor/database/preflight/qb-extract/docx-cache/gaokao/chinese/2015/2015年高考语文试卷（新课标Ⅰ卷）（解析卷）.docx
math,2012,sichuan,independent,4,3,5,0,/home/flaskappuser/Desktop/NewDisk_2T/aitutor/database/preflight/qb-extract/docx-cache/gaokao/math/2012/2012年高考数学试卷（文）（四川）（解析卷）.docx
chemistry,2015,jiangsu,independent,16,3,5,0,/home/flaskappuser/Desktop/NewDisk_2T/aitutor/database/preflight/qb-extract/docx-cache/gaokao/chemistry/2015/2015年高考化学试卷（江苏）（解析卷）   .docx
politics,2015,national,national_ii,12,3,5,0,/home/flaskappuser/Desktop/NewDisk_2T/aitutor/database/preflight/qb-extract/docx-cache/gaokao/politics/2015/2015年高考政治试卷（新课标Ⅱ）（解析卷）.docx
chinese,2019,national,national_ii,5,3,4,0,/home/flaskappuser/Desktop/NewDisk_2T/aitutor/database/preflight/qb-extract/docx-cache/gaokao/chinese/2019/2019年高考语文试卷（新课标Ⅱ卷）（解析卷）.docx
biology,2012,anhui,independent,3,3,4,0,/home/flaskappuser/Desktop/NewDisk_2T/aitutor/database/preflight/qb-extract/docx-cache/gaokao/biology/2012/2012年高考生物试卷（安徽）（解析卷）.docx
chinese,2018,tianjin,independent,7,3,4,0,/home/flaskappuser/Desktop/NewDisk_2T/aitutor/database/preflight/qb-extract/docx-cache/gaokao/chinese/2018/2018年高考语文试卷（天津）（解析卷）.docx
chinese,2018,national,national_i,6,3,4,0,/home/flaskappuser/Desktop/NewDisk_2T/aitutor/database/preflight/qb-extract/docx-cache/gaokao/chinese/2018/2018年高考语文试卷（新课标Ⅰ卷）（解析卷）.docx
chinese,2019,national,national_iii,5,3,4,0,/home/flaskappuser/Desktop/NewDisk_2T/aitutor/database/preflight/qb-extract/docx-cache/gaokao/chinese/2019/2019年高考语文试卷（新课标Ⅲ卷）（解析卷）.docx
chinese,2019,jiangsu,independent,9,3,4,0,/home/flaskappuser/Desktop/NewDisk_2T/aitutor/database/preflight/qb-extract/docx-cache/gaokao/chinese/2019/2019年高考语文试卷（江苏）（解析卷）   .docx
politics,2013,guangdong,independent,3,3,4,0,/home/flaskappuser/Desktop/NewDisk_2T/aitutor/database/preflight/qb-extract/docx-cache/gaokao/politics/2013/2013年高考政治试卷（广东）（解析卷）.docx
chemistry,2008,jiangsu,independent,14,3,4,0,/home/flaskappuser/Desktop/NewDisk_2T/aitutor/database/preflight/qb-extract/docx-cache/gaokao/chemistry/2008/2008年高考化学试卷（江苏）（解析卷）.docx
physics,2018,national,national_i,8,3,4,0,/home/flaskappuser/Desktop/NewDisk_2T/aitutor/database/preflight/qb-extract/docx-cache/gaokao/physics/2018/2018年高考物理试卷（新课标Ⅰ）（解析卷）.docx
english,2025,beijing,independent,19,3,4,0,/home/flaskappuser/Desktop/NewDisk_2T/aitutor/database/incoming/gaokao/english/2025/2025年高考英语试卷（北京）（解析卷）.docx
chinese,2012,hunan,independent,5,3,4,0,/home/flaskappuser/Desktop/NewDisk_2T/aitutor/database/preflight/qb-extract/docx-cache/gaokao/chinese/2012/2012年高考语文试卷（湖南）（解析卷）.docx
math,2012,fujian,independent,7,3,4,0,/home/flaskappuser/Desktop/NewDisk_2T/aitutor/database/preflight/qb-extract/docx-cache/gaokao/math/2012/2012年高考数学试卷（文）（福建）（解析卷）.docx
physics,2017,jiangsu,independent,7,3,4,0,/home/flaskappuser/Desktop/NewDisk_2T/aitutor/database/preflight/qb-extract/docx-cache/gaokao/physics/2017/2017年高考物理试卷（江苏）（解析卷）.docx
chemistry,2011,jiangsu,independent,15,3,4,0,/home/flaskappuser/Desktop/NewDisk_2T/aitutor/database/preflight/qb-extract/docx-cache/gaokao/chemistry/2011/2011年高考化学试卷（江苏）（解析卷）.docx
physics,2014,zhejiang,independent,7,3,4,0,/home/flaskappuser/Desktop/NewDisk_2T/aitutor/database/preflight/qb-extract/docx-cache/gaokao/physics/2014/2014年高考物理试卷（浙江）（解析卷）.docx
biology,2013,zhejiang,independent,4,3,4,0,/home/flaskappuser/Desktop/NewDisk_2T/aitutor/database/incoming/gaokao/biology/2013/2013年高考生物试卷（浙江）（解析卷）.docx
english,2010,jiangsu,independent,46,3,4,16,/home/flaskappuser/Desktop/NewDisk_2T/aitutor/database/preflight/qb-extract/docx-cache/gaokao/english/2010/2010年高考英语试卷（江苏）（解析卷）.docx
politics,2013,jiangsu,independent,34,3,4,0,/home/flaskappuser/Desktop/NewDisk_2T/aitutor/database/preflight/qb-extract/docx-cache/gaokao/politics/2013/2013年高考政治试卷（江苏）（解析卷）.docx
politics,2015,tianjin,independent,11,3,4,0,/home/flaskappuser/Desktop/NewDisk_2T/aitutor/database/preflight/qb-extract/docx-cache/gaokao/politics/2015/2015年高考政治试卷（天津）（解析卷）.docx
biology,2008,jiangsu,independent,25,3,4,0,/home/flaskappuser/Desktop/NewDisk_2T/aitutor/database/preflight/qb-extract/docx-cache/gaokao/biology/2008/2008年高考生物试卷（江苏）（解析卷）.docx
politics,2015,anhui,independent,3,3,4,0,/home/flaskappuser/Desktop/NewDisk_2T/aitutor/database/preflight/qb-extract/docx-cache/gaokao/politics/2015/2015年高考政治试卷（安徽）（解析卷）.docx
biology,2014,chongqing,independent,3,3,4,0,/home/flaskappuser/Desktop/NewDisk_2T/aitutor/database/preflight/qb-extract/docx-cache/gaokao/biology/2014/2014年高考生物试卷（重庆）（解析卷）.docx
chemistry,2013,guangdong,independent,3,3,3,0,/home/flaskappuser/Desktop/NewDisk_2T/aitutor/database/preflight/qb-extract/docx-cache/gaokao/chemistry/2013/2013年高考化学试卷（广东）（解析卷）.docx
physics,2012,fujian,independent,4,3,3,0,/home/flaskappuser/Desktop/NewDisk_2T/aitutor/database/preflight/qb-extract/docx-cache/gaokao/physics/2012/2012年高考物理试卷（福建）（解析卷）.docx
chemistry,2017,jiangsu,independent,15,3,3,0,/home/flaskappuser/Desktop/NewDisk_2T/aitutor/database/preflight/qb-extract/docx-cache/gaokao/chemistry/2017/2017年高考化学试卷（江苏）（解析卷）   .docx
english,2024,beijing,independent,18,3,3,0,/home/flaskappuser/Desktop/NewDisk_2T/aitutor/database/incoming/gaokao/english/2024/2024年高考英语试卷（北京）（机考 无听力）（解析卷）.docx
biology,2013,jiangsu,independent,16,3,3,0,/home/flaskappuser/Desktop/NewDisk_2T/aitutor/database/preflight/qb-extract/docx-cache/gaokao/biology/2013/2013年高考生物试卷（江苏）（解析卷）.docx
chemistry,2024,shanghai,independent,10,3,3,0,/home/flaskappuser/Desktop/NewDisk_2T/aitutor/database/incoming/gaokao/chemistry/2024/2024年高考化学试卷（上海）（解析卷）.docx
english,2017,tianjin,independent,35,3,3,0,/home/flaskappuser/Desktop/NewDisk_2T/aitutor/database/preflight/qb-extract/docx-cache/gaokao/english/2017/2017年高考英语试卷（天津）（解析卷）.docx
chemistry,2018,jiangsu,independent,15,3,3,0,/home/flaskappuser/Desktop/NewDisk_2T/aitutor/database/preflight/qb-extract/docx-cache/gaokao/chemistry/2018/2018年高考化学试卷（江苏）（解析卷）   .docx
chemistry,2019,jiangsu,independent,16,3,3,0,/home/flaskappuser/Desktop/NewDisk_2T/aitutor/database/preflight/qb-extract/docx-cache/gaokao/chemistry/2019/2019年高考化学试卷（江苏）（解析卷）   .docx
geography,2022,hebei,independent,8,3,3,0,/home/flaskappuser/Desktop/NewDisk_2T/aitutor/database/incoming/gaokao/geography/2022/2022年高考地理试卷（河北）（解析卷）.docx
physics,2010,sichuan,independent,6,3,3,0,/home/flaskappuser/Desktop/NewDisk_2T/aitutor/database/preflight/qb-extract/docx-cache/gaokao/physics/2010/2010年高考物理真题（四川）（解析卷）.docx
geography,2009,shanghai,independent,19,2,37,0,/home/flaskappuser/Desktop/NewDisk_2T/aitutor/database/preflight/qb-extract/docx-cache/gaokao/geography/2009/2009年高考地理试卷（上海）（解析卷）.docx
english,2016,shanghai,independent,15,2,26,0,/home/flaskappuser/Desktop/NewDisk_2T/aitutor/database/preflight/qb-extract/docx-cache/gaokao/english/2016/2016年高考英语试卷（上海）（秋考）（解析卷）.docx
math,2009,jiangxi,independent,10,2,26,0,/home/flaskappuser/Desktop/NewDisk_2T/aitutor/database/preflight/qb-extract/docx-cache/gaokao/math/2009/2009年高考数学试卷（文）（江西）（解析卷）.docx
chinese,2014,shanghai,independent,8,2,25,0,/home/flaskappuser/Desktop/NewDisk_2T/aitutor/database/preflight/qb-extract/docx-cache/gaokao/chinese/2014/2014年高考语文试卷（上海）（秋考）（解析卷）.docx
math,2010,shanghai,independent,2,2,20,0,/home/flaskappuser/Desktop/NewDisk_2T/aitutor/database/preflight/qb-extract/docx-cache/gaokao/math/2010/2010年高考数学试卷（文）（上海）（解析卷）.docx
chinese,2010,hainan,independent,11,2,16,0,/home/flaskappuser/Desktop/NewDisk_2T/aitutor/database/preflight/qb-extract/docx-cache/gaokao/chinese/2010/2010年高考语文试卷（新课标）（海南宁夏）（解析卷）.docx
chinese,2015,shanghai,independent,10,2,16,0,/home/flaskappuser/Desktop/NewDisk_2T/aitutor/database/preflight/qb-extract/docx-cache/gaokao/chinese/2015/2015年高考语文试卷（上海）（秋考）（解析卷）.docx
chinese,2010,guangdong,independent,10,2,15,0,/home/flaskappuser/Desktop/NewDisk_2T/aitutor/database/preflight/qb-extract/docx-cache/gaokao/chinese/2010/2010年高考语文试卷（广东）（解析卷）.docx
math,2008,jiangsu,independent,13,2,14,0,/home/flaskappuser/Desktop/NewDisk_2T/aitutor/database/preflight/qb-extract/docx-cache/gaokao/math/2008/2008年高考数学试卷（江苏）（解析卷）.docx
english,2015,national,national_i,37,2,13,20,/home/flaskappuser/Desktop/NewDisk_2T/aitutor/database/preflight/qb-extract/docx-cache/gaokao/english/2015/2015年高考英语试卷（新课标Ⅰ卷）（解析卷）.docx
chinese,2008,guangdong,independent,2,2,13,0,/home/flaskappuser/Desktop/NewDisk_2T/aitutor/database/preflight/qb-extract/docx-cache/gaokao/chinese/2008/2008年高考语文试卷（广东）（解析卷）.docx
math,2010,sichuan,independent,16,2,13,0,/home/flaskappuser/Desktop/NewDisk_2T/aitutor/database/preflight/qb-extract/docx-cache/gaokao/math/2010/2010年高考数学试卷（文）（四川）（解析卷）.docx
math,2016,jiangsu,independent,15,2,13,0,/home/flaskappuser/Desktop/NewDisk_2T/aitutor/database/preflight/qb-extract/docx-cache/gaokao/math/2016/2016年高考数学试卷（江苏）（解析卷）.docx
math,2009,hunan,independent,11,2,12,0,/home/flaskappuser/Desktop/NewDisk_2T/aitutor/database/preflight/qb-extract/docx-cache/gaokao/math/2009/2009年高考数学试卷（文）（湖南）（解析卷） .docx
chinese,2022,national,new_gaokao_ii,9,2,11,0,/home/flaskappuser/Desktop/NewDisk_2T/aitutor/database/incoming/gaokao/chinese/2022/2022年高考语文试卷（新高考Ⅱ卷）（解析卷）.docx
chinese,2022,zhejiang,independent,13,2,10,0,/home/flaskappuser/Desktop/NewDisk_2T/aitutor/database/incoming/gaokao/chinese/2022/2022年高考语文试卷（浙江）（解析卷）.docx
chinese,2018,beijing,independent,4,2,10,0,/home/flaskappuser/Desktop/NewDisk_2T/aitutor/database/preflight/qb-extract/docx-cache/gaokao/chinese/2018/2018年高考语文试卷（北京）（解析卷）.docx
physics,2009,guangdong,independent,5,2,9,0,/home/flaskappuser/Desktop/NewDisk_2T/aitutor/database/preflight/qb-extract/docx-cache/gaokao/physics/2009/2009年高考物理试卷（广东）（解析卷）.docx
history,2012,hainan,independent,14,2,9,0,/home/flaskappuser/Desktop/NewDisk_2T/aitutor/database/preflight/qb-extract/docx-cache/gaokao/history/2012/2012年高考历史试卷（海南）（解析卷）.docx
physics,2010,shandong,independent,2,2,9,0,/home/flaskappuser/Desktop/NewDisk_2T/aitutor/database/preflight/qb-extract/docx-cache/gaokao/physics/2010/2010年高考物理真题（山东）（解析卷）.docx
chinese,2010,jiangsu,independent,5,2,9,0,/home/flaskappuser/Desktop/NewDisk_2T/aitutor/database/preflight/qb-extract/docx-cache/gaokao/chinese/2010/2010年高考语文试卷（江苏）（解析卷）.docx
chinese,2017,beijing,independent,4,2,9,0,/home/flaskappuser/Desktop/NewDisk_2T/aitutor/database/preflight/qb-extract/docx-cache/gaokao/chinese/2017/2017年高考语文试卷（北京）（解析卷）.docx
geography,2011,hainan,independent,18,2,8,0,/home/flaskappuser/Desktop/NewDisk_2T/aitutor/database/preflight/qb-extract/docx-cache/gaokao/geography/2011/2011年高考地理试卷（海南）（解析卷）.docx
biology,2019,zhejiang,independent,32,2,7,0,/home/flaskappuser/Desktop/NewDisk_2T/aitutor/database/incoming/gaokao/biology/2019/2019年高考生物试卷（浙江）【4月】（解析卷）.docx
chinese,2017,jiangsu,independent,6,2,7,0,/home/flaskappuser/Desktop/NewDisk_2T/aitutor/database/preflight/qb-extract/docx-cache/gaokao/chinese/2017/2017年高考语文试卷（江苏）（解析卷）   .docx
politics,2011,jiangsu,independent,33,2,7,0,/home/flaskappuser/Desktop/NewDisk_2T/aitutor/database/preflight/qb-extract/docx-cache/gaokao/politics/2011/2011年高考政治试卷（江苏）（解析卷）.docx
chinese,2009,tianjin,independent,8,2,6,0,/home/flaskappuser/Desktop/NewDisk_2T/aitutor/database/preflight/qb-extract/docx-cache/gaokao/chinese/2009/2009年高考语文试卷（天津）（解析卷）.docx
chinese,2012,liaoning,independent,3,2,6,0,/home/flaskappuser/Desktop/NewDisk_2T/aitutor/database/preflight/qb-extract/docx-cache/gaokao/chinese/2012/2012年高考语文试卷（辽宁）（解析卷）.docx
biology,2019,beijing,independent,5,2,6,0,/home/flaskappuser/Desktop/NewDisk_2T/aitutor/database/preflight/qb-extract/docx-cache/gaokao/biology/2019/2019年高考生物试卷（北京）（解析卷）.docx
chinese,2015,jiangsu,independent,7,2,6,0,/home/flaskappuser/Desktop/NewDisk_2T/aitutor/database/preflight/qb-extract/docx-cache/gaokao/chinese/2015/2015年高考语文试卷（江苏）（解析卷）   .docx
biology,2020,tianjin,independent,19,2,6,0,/home/flaskappuser/Desktop/NewDisk_2T/aitutor/database/preflight/qb-extract/docx-cache/gaokao/biology/2020/2020年高考生物试卷（天津）（解析卷）.docx
chemistry,2014,shandong,independent,5,2,6,0,/home/flaskappuser/Desktop/NewDisk_2T/aitutor/database/preflight/qb-extract/docx-cache/gaokao/chemistry/2014/2014年高考化学试卷（山东）（解析卷）.docx
physics,2015,beijing,independent,11,2,6,0,/home/flaskappuser/Desktop/NewDisk_2T/aitutor/database/preflight/qb-extract/docx-cache/gaokao/physics/2015/2015年高考物理试卷（北京）（解析卷）.docx
chinese,2015,national,national_ii,7,2,6,0,/home/flaskappuser/Desktop/NewDisk_2T/aitutor/database/preflight/qb-extract/docx-cache/gaokao/chinese/2015/2015年高考语文试卷（新课标Ⅱ卷）（解析卷）.docx
chinese,2014,hunan,independent,4,2,6,0,/home/flaskappuser/Desktop/NewDisk_2T/aitutor/database/preflight/qb-extract/docx-cache/gaokao/chinese/2014/2014年高考语文试卷（湖南）（解析卷）.docx
math,2015,hunan,independent,13,2,6,0,/home/flaskappuser/Desktop/NewDisk_2T/aitutor/database/preflight/qb-extract/docx-cache/gaokao/math/2015/2015年高考数学试卷（文）（湖南）（解析卷）.docx
chinese,2016,national,national_iii,7,2,6,0,/home/flaskappuser/Desktop/NewDisk_2T/aitutor/database/preflight/qb-extract/docx-cache/gaokao/chinese/2016/2016年高考语文试卷（新课标Ⅲ卷）（解析卷）.docx
politics,2019,beijing,independent,12,2,5,0,/home/flaskappuser/Desktop/NewDisk_2T/aitutor/database/preflight/qb-extract/docx-cache/gaokao/politics/2019/2019年高考政治试卷（北京）（解析卷）.docx
politics,2015,beijing,independent,12,2,5,0,/home/flaskappuser/Desktop/NewDisk_2T/aitutor/database/preflight/qb-extract/docx-cache/gaokao/politics/2015/2015年高考政治试卷（北京）（解析卷）.docx
biology,2014,anhui,independent,3,2,5,0,/home/flaskappuser/Desktop/NewDisk_2T/aitutor/database/preflight/qb-extract/docx-cache/gaokao/biology/2014/2014年高考生物试卷（安徽）（解析卷）.docx
chinese,2016,national,national_ii,7,2,5,0,/home/flaskappuser/Desktop/NewDisk_2T/aitutor/database/preflight/qb-extract/docx-cache/gaokao/chinese/2016/2016年高考语文试卷（新课标Ⅱ卷）（解析卷）.docx
physics,2017,tianjin,independent,8,2,5,0,/home/flaskappuser/Desktop/NewDisk_2T/aitutor/database/preflight/qb-extract/docx-cache/gaokao/physics/2017/2017年高考物理试卷（天津）（解析卷）.docx
chinese,2012,shandong,independent,5,2,5,0,/home/flaskappuser/Desktop/NewDisk_2T/aitutor/database/preflight/qb-extract/docx-cache/gaokao/chinese/2012/2012年高考语文试卷（山东）（解析卷）.docx
chinese,2016,tianjin,independent,9,2,5,0,/home/flaskappuser/Desktop/NewDisk_2T/aitutor/database/preflight/qb-extract/docx-cache/gaokao/chinese/2016/2016年高考语文试卷（天津）（解析卷）.docx
chinese,2008,tianjin,independent,8,2,5,0,/home/flaskappuser/Desktop/NewDisk_2T/aitutor/database/preflight/qb-extract/docx-cache/gaokao/chinese/2008/2008年高考语文试卷（天津）（解析卷）.docx
politics,2013,tianjin,independent,11,2,5,0,/home/flaskappuser/Desktop/NewDisk_2T/aitutor/database/preflight/qb-extract/docx-cache/gaokao/politics/2013/2013年高考政治试卷（天津）（解析卷）.docx
english,2015,zhejiang,independent,43,2,5,1,/home/flaskappuser/Desktop/NewDisk_2T/aitutor/database/preflight/qb-extract/docx-cache/gaokao/english/2015/2015年高考英语试卷（浙江）（解析卷）.docx
chinese,2022,tianjin,independent,15,2,5,0,/home/flaskappuser/Desktop/NewDisk_2T/aitutor/database/incoming/gaokao/chinese/2022/2022年高考语文试卷（天津）（解析卷）.docx
politics,2018,tianjin,independent,11,2,5,0,/home/flaskappuser/Desktop/NewDisk_2T/aitutor/database/preflight/qb-extract/docx-cache/gaokao/politics/2018/2018年高考政治试卷（天津）（解析卷）.docx
physics,2010,tianjin,independent,9,2,5,0,/home/flaskappuser/Desktop/NewDisk_2T/aitutor/database/preflight/qb-extract/docx-cache/gaokao/physics/2010/2010年高考物理真题（天津）（解析卷）.docx
english,2016,national,national_ii,36,2,5,20,/home/flaskappuser/Desktop/NewDisk_2T/aitutor/database/preflight/qb-extract/docx-cache/gaokao/english/2016/2016年高考英语试卷（新课标Ⅱ卷）（解析卷）.docx
geography,2015,shandong,independent,12,2,5,0,/home/flaskappuser/Desktop/NewDisk_2T/aitutor/database/preflight/qb-extract/docx-cache/gaokao/geography/2015/2015年高考地理试卷（山东）（解析卷）.docx
chinese,2013,national,national_ii,7,2,5,0,/home/flaskappuser/Desktop/NewDisk_2T/aitutor/database/preflight/qb-extract/docx-cache/gaokao/chinese/2013/2013年高考语文试卷（新课标Ⅱ卷）（解析卷）.docx
physics,2014,national,national_ii,8,2,5,0,/home/flaskappuser/Desktop/NewDisk_2T/aitutor/database/preflight/qb-extract/docx-cache/gaokao/physics/2014/2014年高考物理试卷（新课标Ⅱ）（解析卷）.docx
politics,2009,tianjin,independent,11,2,5,0,/home/flaskappuser/Desktop/NewDisk_2T/aitutor/database/preflight/qb-extract/docx-cache/gaokao/politics/2009/2009年高考政治试卷（天津）（解析卷）.docx
history,2023,tianjin,independent,5,2,5,0,/home/flaskappuser/Desktop/NewDisk_2T/aitutor/database/incoming/gaokao/history/2023/2023年高考历史试卷（天津）（解析卷）.docx
politics,2016,beijing,independent,12,2,4,0,/home/flaskappuser/Desktop/NewDisk_2T/aitutor/database/preflight/qb-extract/docx-cache/gaokao/politics/2016/2016年高考政治试卷（北京）（解析卷）.docx
chinese,2008,shandong,independent,11,2,4,0,/home/flaskappuser/Desktop/NewDisk_2T/aitutor/database/preflight/qb-extract/docx-cache/gaokao/chinese/2008/2008年高考语文试卷（山东）（解析卷）.docx
geography,2009,zhejiang,independent,9,2,4,0,/home/flaskappuser/Desktop/NewDisk_2T/aitutor/database/incoming/gaokao/geography/2009/2009年高考地理试卷（浙江）（解析卷）.docx
english,2010,guangdong,independent,15,2,4,0,/home/flaskappuser/Desktop/NewDisk_2T/aitutor/database/preflight/qb-extract/docx-cache/gaokao/english/2010/2010年高考英语试卷（广东）（解析卷）.docx
geography,2011,zhejiang,independent,8,2,4,0,/home/flaskappuser/Desktop/NewDisk_2T/aitutor/database/preflight/qb-extract/docx-cache/gaokao/geography/2011/2011年高考地理试卷（浙江）（解析卷）.docx
chemistry,2013,jiangsu,independent,15,2,4,0,/home/flaskappuser/Desktop/NewDisk_2T/aitutor/database/preflight/qb-extract/docx-cache/gaokao/chemistry/2013/2013年高考化学试卷（江苏）（解析卷）   .docx
politics,2014,national,national_i,12,2,4,0,/home/flaskappuser/Desktop/NewDisk_2T/aitutor/database/preflight/qb-extract/docx-cache/gaokao/politics/2014/2014年高考政治试卷（新课标Ⅰ）（解析卷）.docx
biology,2021,hebei,independent,23,2,4,0,/home/flaskappuser/Desktop/NewDisk_2T/aitutor/database/preflight/qb-extract/docx-cache/gaokao/biology/2021/2021年高考生物试卷（河北）（解析卷）.docx
biology,2013,shandong,independent,3,2,4,0,/home/flaskappuser/Desktop/NewDisk_2T/aitutor/database/preflight/qb-extract/docx-cache/gaokao/biology/2013/2013年高考生物试卷（山东）（解析卷）.docx
chinese,2016,beijing,independent,3,2,4,0,/home/flaskappuser/Desktop/NewDisk_2T/aitutor/database/preflight/qb-extract/docx-cache/gaokao/chinese/2016/2016年高考语文试卷（北京）（解析卷）.docx
physics,2011,anhui,independent,2,2,4,0,/home/flaskappuser/Desktop/NewDisk_2T/aitutor/database/incoming/gaokao/physics/2011/2011年高考物理试卷（安徽）（解析卷）.docx
physics,2012,zhejiang,independent,2,2,4,0,/home/flaskappuser/Desktop/NewDisk_2T/aitutor/database/preflight/qb-extract/docx-cache/gaokao/physics/2012/2012年高考物理试卷（浙江）（解析卷）.docx
politics,2014,shandong,independent,2,2,3,0,/home/flaskappuser/Desktop/NewDisk_2T/aitutor/database/preflight/qb-extract/docx-cache/gaokao/politics/2014/2014年高考政治试卷（山东）（解析卷）.docx
biology,2024,jiangxi,independent,20,2,3,0,/home/flaskappuser/Desktop/NewDisk_2T/aitutor/database/incoming/gaokao/biology/2024/2024年高考生物试卷（江西）（解析卷）.docx
math,2014,chongqing,independent,6,2,3,0,/home/flaskappuser/Desktop/NewDisk_2T/aitutor/database/preflight/qb-extract/docx-cache/gaokao/math/2014/2014年高考数学试卷（文）（重庆）（解析卷）.docx
chemistry,2012,zhejiang,independent,12,2,3,0,/home/flaskappuser/Desktop/NewDisk_2T/aitutor/database/preflight/qb-extract/docx-cache/gaokao/chemistry/2012/2012年高考化学试卷（浙江）（解析卷）.docx
biology,2022,chongqing,independent,26,2,3,0,/home/flaskappuser/Desktop/NewDisk_2T/aitutor/database/incoming/gaokao/biology/2022/2022年高考生物试卷（重庆）（解析卷）.docx
biology,2011,jiangsu,independent,25,2,3,0,/home/flaskappuser/Desktop/NewDisk_2T/aitutor/database/preflight/qb-extract/docx-cache/gaokao/biology/2011/2011年高考生物试卷（江苏）（解析卷）.docx
chinese,2012,anhui,independent,4,2,3,0,/home/flaskappuser/Desktop/NewDisk_2T/aitutor/database/preflight/qb-extract/docx-cache/gaokao/chinese/2012/2012年高考语文试卷（安徽）（解析卷）.docx
geography,2021,guangdong,independent,5,2,3,0,/home/flaskappuser/Desktop/NewDisk_2T/aitutor/database/preflight/qb-extract/docx-cache/gaokao/geography/2021/2021年高考地理试卷（广东）（解析卷）.docx
chemistry,2012,guangdong,independent,2,2,3,0,/home/flaskappuser/Desktop/NewDisk_2T/aitutor/database/preflight/qb-extract/docx-cache/gaokao/chemistry/2012/2012年高考化学试卷（广东）（解析卷）.docx
english,2017,zhejiang,independent,30,2,3,20,/home/flaskappuser/Desktop/NewDisk_2T/aitutor/database/incoming/gaokao/english/2017/2017年高考英语试卷（浙江）（6月）（解析卷）.docx
biology,2012,jiangsu,independent,26,2,3,0,/home/flaskappuser/Desktop/NewDisk_2T/aitutor/database/preflight/qb-extract/docx-cache/gaokao/biology/2012/2012年高考生物试卷（江苏）（解析卷）.docx
biology,2016,national,national_i,5,2,3,0,/home/flaskappuser/Desktop/NewDisk_2T/aitutor/database/preflight/qb-extract/docx-cache/gaokao/biology/2016/2016年高考生物试卷（新课标Ⅰ）（解析卷）.docx
biology,2020,national,national_ii,5,2,3,0,/home/flaskappuser/Desktop/NewDisk_2T/aitutor/database/preflight/qb-extract/docx-cache/gaokao/biology/2020/2020年高考生物试卷（新课标Ⅱ）（解析卷）.docx
english,2015,anhui,independent,56,2,3,20,/home/flaskappuser/Desktop/NewDisk_2T/aitutor/database/incoming/gaokao/english/2015/2015年高考英语试卷（安徽）（解析卷）.docx
chinese,2018,national,national_iii,6,2,3,0,/home/flaskappuser/Desktop/NewDisk_2T/aitutor/database/preflight/qb-extract/docx-cache/gaokao/chinese/2018/2018年高考语文试卷（新课标Ⅲ卷）（解析卷）.docx
physics,2014,guangdong,independent,2,2,2,0,/home/flaskappuser/Desktop/NewDisk_2T/aitutor/database/preflight/qb-extract/docx-cache/gaokao/physics/2014/2014年高考物理试卷（广东）（解析卷）.docx
biology,2009,tianjin,independent,7,2,2,0,/home/flaskappuser/Desktop/NewDisk_2T/aitutor/database/preflight/qb-extract/docx-cache/gaokao/biology/2009/2009年高考生物试卷（天津）（解析卷）.docx
politics,2013,anhui,independent,2,2,2,0,/home/flaskappuser/Desktop/NewDisk_2T/aitutor/database/preflight/qb-extract/docx-cache/gaokao/politics/2013/2013年高考政治试卷（安徽）（解析卷）.docx
politics,2012,jiangsu,independent,33,2,2,0,/home/flaskappuser/Desktop/NewDisk_2T/aitutor/database/preflight/qb-extract/docx-cache/gaokao/politics/2012/2012年高考政治试卷（江苏）（解析卷）.docx
politics,2014,guangdong,independent,2,2,2,0,/home/flaskappuser/Desktop/NewDisk_2T/aitutor/database/preflight/qb-extract/docx-cache/gaokao/politics/2014/2014年高考政治试卷（广东）（解析卷）.docx
biology,2017,national,national_ii,7,2,2,0,/home/flaskappuser/Desktop/NewDisk_2T/aitutor/database/preflight/qb-extract/docx-cache/gaokao/biology/2017/2017年高考生物试卷（新课标Ⅱ）（解析卷）.docx
biology,2017,national,national_i,5,2,2,0,/home/flaskappuser/Desktop/NewDisk_2T/aitutor/database/preflight/qb-extract/docx-cache/gaokao/biology/2017/2017年高考生物试卷（新课标Ⅰ）（解析卷）.docx
politics,2014,zhejiang,independent,2,2,2,0,/home/flaskappuser/Desktop/NewDisk_2T/aitutor/database/preflight/qb-extract/docx-cache/gaokao/politics/2014/2014年高考政治试卷（浙江）（解析卷）.docx
biology,2016,tianjin,independent,6,2,2,0,/home/flaskappuser/Desktop/NewDisk_2T/aitutor/database/preflight/qb-extract/docx-cache/gaokao/biology/2016/2016年高考生物试卷（天津）（解析卷）.docx
english,2013,national,national_i,50,2,2,19,/home/flaskappuser/Desktop/NewDisk_2T/aitutor/database/preflight/qb-extract/docx-cache/gaokao/english/2013/2013年高考英语试卷（新课标Ⅰ卷）（解析卷）.docx
biology,2008,sichuan,independent,7,2,2,0,/home/flaskappuser/Desktop/NewDisk_2T/aitutor/database/preflight/qb-extract/docx-cache/gaokao/biology/2008/2008年高考生物试卷（四川）（解析卷）.docx
biology,2021,hunan,independent,18,2,2,0,/home/flaskappuser/Desktop/NewDisk_2T/aitutor/database/preflight/qb-extract/docx-cache/gaokao/biology/2021/2021年高考生物试卷（湖南）（解析卷）.docx
biology,2012,chongqing,independent,2,2,2,0,/home/flaskappuser/Desktop/NewDisk_2T/aitutor/database/preflight/qb-extract/docx-cache/gaokao/biology/2012/2012年高考生物试卷（重庆）（解析卷）.docx
history,2024,hunan,independent,4,2,2,0,/home/flaskappuser/Desktop/NewDisk_2T/aitutor/database/incoming/gaokao/history/2024/2024年高考历史试卷（湖南）（解析卷）.docx
history,2024,zhejiang,independent,16,2,2,0,/home/flaskappuser/Desktop/NewDisk_2T/aitutor/database/incoming/gaokao/history/2024/2024年高考历史试卷（浙江）（1月）（解析卷）.docx
history,2024,shanghai,independent,3,2,2,0,/home/flaskappuser/Desktop/NewDisk_2T/aitutor/database/incoming/gaokao/history/2024/2024年高考历史试卷（上海）（回忆版）（解析卷）.docx
history,2012,guangdong,independent,6,2,2,0,/home/flaskappuser/Desktop/NewDisk_2T/aitutor/database/preflight/qb-extract/docx-cache/gaokao/history/2012/2012年高考历史试卷（广东）（解析卷）.docx
english,2023,beijing,independent,19,2,2,0,/home/flaskappuser/Desktop/NewDisk_2T/aitutor/database/incoming/gaokao/english/2023/2023年高考英语试卷（北京）（机考 无听力）（解析卷）.docx
politics,2021,zhejiang,independent,13,2,2,0,/home/flaskappuser/Desktop/NewDisk_2T/aitutor/database/preflight/qb-extract/docx-cache/gaokao/politics/2021/2021年高考政治试卷（浙江）（1月）（解析卷）.docx
chemistry,2016,jiangsu,independent,17,2,2,0,/home/flaskappuser/Desktop/NewDisk_2T/aitutor/database/preflight/qb-extract/docx-cache/gaokao/chemistry/2016/2016年高考化学试卷（江苏）（解析卷）   .docx
chemistry,2014,chongqing,independent,9,2,2,0,/home/flaskappuser/Desktop/NewDisk_2T/aitutor/database/preflight/qb-extract/docx-cache/gaokao/chemistry/2014/2014年高考化学试卷（重庆）（解析卷）.docx
chemistry,2014,jiangsu,independent,16,2,2,0,/home/flaskappuser/Desktop/NewDisk_2T/aitutor/database/preflight/qb-extract/docx-cache/gaokao/chemistry/2014/2014年高考化学试卷（江苏）（解析卷）   .docx
biology,2023,tianjin,independent,18,2,2,0,/home/flaskappuser/Desktop/NewDisk_2T/aitutor/database/incoming/gaokao/biology/2023/2023年高考生物试卷（天津）（解析卷）.docx
chemistry,2013,chongqing,independent,2,2,2,0,/home/flaskappuser/Desktop/NewDisk_2T/aitutor/database/preflight/qb-extract/docx-cache/gaokao/chemistry/2013/2013年高考化学试卷（重庆）（解析卷）.docx
geography,2021,hainan,independent,20,2,2,0,/home/flaskappuser/Desktop/NewDisk_2T/aitutor/database/preflight/qb-extract/docx-cache/gaokao/geography/2021/2021年高考地理试卷（海南）（解析卷）.docx
geography,2011,tianjin,independent,13,2,2,0,/home/flaskappuser/Desktop/NewDisk_2T/aitutor/database/preflight/qb-extract/docx-cache/gaokao/geography/2011/2011年高考地理试卷（天津）（解析卷）.docx
chemistry,2010,guangdong,independent,9,2,2,0,/home/flaskappuser/Desktop/NewDisk_2T/aitutor/database/preflight/qb-extract/docx-cache/gaokao/chemistry/2010/2010年高考化学试卷（广东）（解析卷）.docx
chemistry,2010,sichuan,independent,9,2,2,0,/home/flaskappuser/Desktop/NewDisk_2T/aitutor/database/preflight/qb-extract/docx-cache/gaokao/chemistry/2010/2010年高考化学试卷（四川）（解析卷）.docx
geography,2022,jiangsu,independent,23,2,2,0,/home/flaskappuser/Desktop/NewDisk_2T/aitutor/database/incoming/gaokao/geography/2022/2022年高考地理试卷（江苏）（解析卷）.docx
biology,2023,chongqing,independent,19,2,2,0,/home/flaskappuser/Desktop/NewDisk_2T/aitutor/database/incoming/gaokao/biology/2023/2023年高考生物试卷（重庆）（解析卷）.docx
geography,2024,liaoning,independent,16,2,2,0,/home/flaskappuser/Desktop/NewDisk_2T/aitutor/database/incoming/gaokao/geography/2024/2024年高考地理试卷（辽宁）（解析卷）.docx
english,2013,shanghai,independent,3,1,41,0,/home/flaskappuser/Desktop/NewDisk_2T/aitutor/database/preflight/qb-extract/docx-cache/gaokao/english/2013/2013年高考英语试卷（上海）（秋考）（解析卷）.docx
math,2010,shaanxi,independent,1,1,31,0,/home/flaskappuser/Desktop/NewDisk_2T/aitutor/database/preflight/qb-extract/docx-cache/gaokao/math/2010/2010年高考数学试卷（文）（陕西）（解析卷）.docx
math,2019,jiangsu,independent,15,1,24,0,/home/flaskappuser/Desktop/NewDisk_2T/aitutor/database/preflight/qb-extract/docx-cache/gaokao/math/2019/2019年高考数学试卷（江苏）（解析卷）.docx
math,2013,jiangsu,independent,1,1,20,0,/home/flaskappuser/Desktop/NewDisk_2T/aitutor/database/preflight/qb-extract/docx-cache/gaokao/math/2013/2013年高考数学试卷（江苏）（解析卷）.docx
english,2015,shanghai,independent,14,1,18,0,/home/flaskappuser/Desktop/NewDisk_2T/aitutor/database/preflight/qb-extract/docx-cache/gaokao/english/2015/2015年高考英语试卷（上海）（秋考）（解析卷）.docx
chinese,2016,shanghai,independent,11,1,17,0,/home/flaskappuser/Desktop/NewDisk_2T/aitutor/database/preflight/qb-extract/docx-cache/gaokao/chinese/2016/2016年高考语文试卷（上海）（秋考）（解析卷）.docx
english,2016,national,national_i,33,1,17,20,/home/flaskappuser/Desktop/NewDisk_2T/aitutor/database/preflight/qb-extract/docx-cache/gaokao/english/2016/2016年高考英语试卷（新课标Ⅰ卷）（解析卷）.docx
chinese,2010,zhejiang,independent,9,1,15,0,/home/flaskappuser/Desktop/NewDisk_2T/aitutor/database/preflight/qb-extract/docx-cache/gaokao/chinese/2010/2010年高考语文试卷（浙江）（解析卷）.docx
english,2018,national,national_ii,35,1,14,20,/home/flaskappuser/Desktop/NewDisk_2T/aitutor/database/preflight/qb-extract/docx-cache/gaokao/english/2018/2018年高考英语试卷（新课标Ⅱ卷）（解析卷）.docx
chinese,2009,guangdong,independent,9,1,13,0,/home/flaskappuser/Desktop/NewDisk_2T/aitutor/database/preflight/qb-extract/docx-cache/gaokao/chinese/2009/2009年高考语文试卷（广东）（解析卷）.docx
english,2019,beijing,independent,16,1,13,1,/home/flaskappuser/Desktop/NewDisk_2T/aitutor/database/preflight/qb-extract/docx-cache/gaokao/english/2019/2019年高考英语试卷（北京）（机考 无听力）（解析卷）.docx
chinese,2010,tianjin,independent,4,1,13,0,/home/flaskappuser/Desktop/NewDisk_2T/aitutor/database/preflight/qb-extract/docx-cache/gaokao/chinese/2010/2010年高考语文试卷（天津）（解析卷）.docx
chinese,2011,hunan,independent,10,1,12,0,/home/flaskappuser/Desktop/NewDisk_2T/aitutor/database/preflight/qb-extract/docx-cache/gaokao/chinese/2011/2011年高考语文试卷（湖南）（解析卷）.docx
math,2011,jiangxi,independent,22,1,12,0,/home/flaskappuser/Desktop/NewDisk_2T/aitutor/database/preflight/qb-extract/docx-cache/gaokao/math/2011/2011年高考数学试卷（文）（江西）（解析卷）.docx
chinese,2016,national,national_i,5,1,12,0,/home/flaskappuser/Desktop/NewDisk_2T/aitutor/database/preflight/qb-extract/docx-cache/gaokao/chinese/2016/2016年高考语文试卷（新课标Ⅰ卷）（解析卷）.docx
english,2011,shaanxi,independent,41,1,11,0,/home/flaskappuser/Desktop/NewDisk_2T/aitutor/database/incoming/gaokao/english/2011/2011年高考英语试卷（陕西）（解析卷）.docx
chemistry,2018,zhejiang,independent,25,1,11,0,/home/flaskappuser/Desktop/NewDisk_2T/aitutor/database/incoming/gaokao/chemistry/2018/2018年高考化学试卷（浙江）【11月】（解析卷）.docx
english,2008,zhejiang,independent,39,1,11,0,/home/flaskappuser/Desktop/NewDisk_2T/aitutor/database/preflight/qb-extract/docx-cache/gaokao/english/2008/2008年高考英语试卷（浙江）（解析卷）.docx
english,2017,national,national_ii,37,1,11,20,/home/flaskappuser/Desktop/NewDisk_2T/aitutor/database/preflight/qb-extract/docx-cache/gaokao/english/2017/2017年高考英语试卷（新课标Ⅱ卷）（解析卷）.docx
chinese,2010,shandong,independent,10,1,11,0,/home/flaskappuser/Desktop/NewDisk_2T/aitutor/database/preflight/qb-extract/docx-cache/gaokao/chinese/2010/2010年高考语文试卷（山东）（解析卷）.docx
biology,2023,hunan,independent,22,1,10,0,/home/flaskappuser/Desktop/NewDisk_2T/aitutor/database/incoming/gaokao/biology/2023/2023年高考生物试卷（湖南）（解析卷）.docx
biology,2014,shanghai,independent,1,1,10,0,/home/flaskappuser/Desktop/NewDisk_2T/aitutor/database/preflight/qb-extract/docx-cache/gaokao/biology/2014/2014年高考生物试卷（上海）（解析卷）.docx
english,2010,national,national_i,55,1,10,20,/home/flaskappuser/Desktop/NewDisk_2T/aitutor/database/preflight/qb-extract/docx-cache/gaokao/english/2010/2010年高考英语试卷（新课标Ⅰ卷）（解析卷）.docx
biology,2020,shanghai,independent,26,1,8,0,/home/flaskappuser/Desktop/NewDisk_2T/aitutor/database/incoming/gaokao/biology/2020/2020年高考生物试卷（上海）（解析卷）.docx
chinese,2009,jiangsu,independent,6,1,8,0,/home/flaskappuser/Desktop/NewDisk_2T/aitutor/database/preflight/qb-extract/docx-cache/gaokao/chinese/2009/2009年高考语文试卷（江苏）（解析卷）.docx
chinese,2015,chongqing,independent,10,1,8,0,/home/flaskappuser/Desktop/NewDisk_2T/aitutor/database/preflight/qb-extract/docx-cache/gaokao/chinese/2015/2015年高考语文试卷（重庆）（解析卷）.docx
politics,2012,sichuan,independent,2,1,8,0,/home/flaskappuser/Desktop/NewDisk_2T/aitutor/database/preflight/qb-extract/docx-cache/gaokao/politics/2012/2012年高考政治试卷（四川）（解析卷）.docx
geography,2008,hainan,independent,19,1,8,0,/home/flaskappuser/Desktop/NewDisk_2T/aitutor/database/preflight/qb-extract/docx-cache/gaokao/geography/2008/2008年高考地理试卷（海南）（解析卷）.docx
math,2009,shaanxi,independent,12,1,7,0,/home/flaskappuser/Desktop/NewDisk_2T/aitutor/database/preflight/qb-extract/docx-cache/gaokao/math/2009/2009年高考数学试卷（文）（陕西）（解析卷）.docx
history,2022,national,national_a,10,1,7,0,/home/flaskappuser/Desktop/NewDisk_2T/aitutor/database/incoming/gaokao/history/2022/2022年高考历史试卷（全国甲卷）（解析卷）.docx
chinese,2016,shandong,independent,14,1,7,0,/home/flaskappuser/Desktop/NewDisk_2T/aitutor/database/preflight/qb-extract/docx-cache/gaokao/chinese/2016/2016年高考语文试卷（山东）（解析卷）.docx
chinese,2019,national,national_i,5,1,7,0,/home/flaskappuser/Desktop/NewDisk_2T/aitutor/database/preflight/qb-extract/docx-cache/gaokao/chinese/2019/2019年高考语文试卷（新课标Ⅰ卷）（解析卷）.docx
math,2017,national,national_iii,13,1,7,0,/home/flaskappuser/Desktop/NewDisk_2T/aitutor/database/preflight/qb-extract/docx-cache/gaokao/math/2017/2017年高考数学试卷（文）（新课标Ⅲ）（解析卷）.docx
chinese,2021,zhejiang,independent,12,1,6,0,/home/flaskappuser/Desktop/NewDisk_2T/aitutor/database/preflight/qb-extract/docx-cache/gaokao/chinese/2021/2021年高考语文试卷（浙江）（解析卷）.docx
history,2012,shandong,independent,3,1,6,0,/home/flaskappuser/Desktop/NewDisk_2T/aitutor/database/preflight/qb-extract/docx-cache/gaokao/history/2012/2012年高考历史试卷（山东）（解析卷）.docx
politics,2019,national,national_iii,10,1,6,0,/home/flaskappuser/Desktop/NewDisk_2T/aitutor/database/preflight/qb-extract/docx-cache/gaokao/politics/2019/2019年高考政治试卷（新课标Ⅲ）（解析卷）.docx
english,2014,tianjin,independent,35,1,6,0,/home/flaskappuser/Desktop/NewDisk_2T/aitutor/database/preflight/qb-extract/docx-cache/gaokao/english/2014/2014年高考英语试卷（天津）（解析卷）.docx
chinese,2009,beijing,independent,9,1,5,0,/home/flaskappuser/Desktop/NewDisk_2T/aitutor/database/preflight/qb-extract/docx-cache/gaokao/chinese/2009/2009年高考语文试卷（北京）（解析卷）.docx
chinese,2008,jiangsu,independent,7,1,5,0,/home/flaskappuser/Desktop/NewDisk_2T/aitutor/database/preflight/qb-extract/docx-cache/gaokao/chinese/2008/2008年高考语文试卷（江苏）（解析卷）.docx
math,2009,zhejiang,independent,11,1,5,0,/home/flaskappuser/Desktop/NewDisk_2T/aitutor/database/preflight/qb-extract/docx-cache/gaokao/math/2009/2009年高考数学试卷（文）（浙江）（解析卷）.docx
english,2011,shanghai,independent,1,1,5,0,/home/flaskappuser/Desktop/NewDisk_2T/aitutor/database/preflight/qb-extract/docx-cache/gaokao/english/2011/2011年高考英语试卷（上海）（秋考）（解析卷）.docx
chinese,2014,national,national_ii,7,1,5,0,/home/flaskappuser/Desktop/NewDisk_2T/aitutor/database/preflight/qb-extract/docx-cache/gaokao/chinese/2014/2014年高考语文试卷（新课标Ⅱ卷）（解析卷）.docx
chinese,2020,hainan,new_gaokao_ii,13,1,5,0,/home/flaskappuser/Desktop/NewDisk_2T/aitutor/database/incoming/gaokao/chinese/2020/2020年高考语文试卷（新高考Ⅱ卷）（海南）（解析卷）.docx
chinese,2012,beijing,independent,8,1,5,0,/home/flaskappuser/Desktop/NewDisk_2T/aitutor/database/preflight/qb-extract/docx-cache/gaokao/chinese/2012/2012年高考语文试卷（北京）（解析卷）.docx
chemistry,2014,anhui,independent,3,1,5,0,/home/flaskappuser/Desktop/NewDisk_2T/aitutor/database/preflight/qb-extract/docx-cache/gaokao/chemistry/2014/2014年高考化学试卷（安徽）（解析卷）.docx
chinese,2012,tianjin,independent,8,1,5,0,/home/flaskappuser/Desktop/NewDisk_2T/aitutor/database/preflight/qb-extract/docx-cache/gaokao/chinese/2012/2012年高考语文试卷（天津）（解析卷）.docx
chinese,2012,jiangsu,independent,3,1,5,0,/home/flaskappuser/Desktop/NewDisk_2T/aitutor/database/preflight/qb-extract/docx-cache/gaokao/chinese/2012/2012年高考语文试卷（江苏）（解析卷）   .docx
biology,2014,national,national_ii,5,1,5,0,/home/flaskappuser/Desktop/NewDisk_2T/aitutor/database/preflight/qb-extract/docx-cache/gaokao/biology/2014/2014年高考生物试卷（新课标Ⅱ）（解析卷）.docx
math,2012,shaanxi,independent,4,1,5,0,/home/flaskappuser/Desktop/NewDisk_2T/aitutor/database/preflight/qb-extract/docx-cache/gaokao/math/2012/2012年高考数学试卷（文）（陕西）（解析卷）.docx
chinese,2022,national,national_a,13,1,5,0,/home/flaskappuser/Desktop/NewDisk_2T/aitutor/database/incoming/gaokao/chinese/2022/2022年高考语文试卷（全国甲卷）（解析卷）.docx
geography,2012,shandong,independent,7,1,5,0,/home/flaskappuser/Desktop/NewDisk_2T/aitutor/database/preflight/qb-extract/docx-cache/gaokao/geography/2012/2012年高考地理试卷（山东）（解析卷）.docx
chinese,2013,jiangsu,independent,4,1,5,0,/home/flaskappuser/Desktop/NewDisk_2T/aitutor/database/preflight/qb-extract/docx-cache/gaokao/chinese/2013/2013年高考语文试卷（江苏）（解析卷）   .docx
politics,2019,tianjin,independent,11,1,5,0,/home/flaskappuser/Desktop/NewDisk_2T/aitutor/database/preflight/qb-extract/docx-cache/gaokao/politics/2019/2019年高考政治试卷（天津）（解析卷）.docx
physics,2014,beijing,independent,9,1,5,0,/home/flaskappuser/Desktop/NewDisk_2T/aitutor/database/preflight/qb-extract/docx-cache/gaokao/physics/2014/2014年高考物理试卷（北京）（解析卷）.docx
biology,2025,national,independent,24,1,4,0,/home/flaskappuser/Desktop/NewDisk_2T/aitutor/database/incoming/gaokao/biology/2025/2025年高考生物试卷（黑吉辽蒙卷）（解析卷）.docx
biology,2012,fujian,independent,1,1,4,0,/home/flaskappuser/Desktop/NewDisk_2T/aitutor/database/preflight/qb-extract/docx-cache/gaokao/biology/2012/2012年高考生物试卷（福建）（解析卷）.docx
biology,2014,guangdong,independent,1,1,4,0,/home/flaskappuser/Desktop/NewDisk_2T/aitutor/database/preflight/qb-extract/docx-cache/gaokao/biology/2014/2014年高考生物试卷（广东）（解析卷）.docx
biology,2019,national,national_iii,5,1,4,0,/home/flaskappuser/Desktop/NewDisk_2T/aitutor/database/preflight/qb-extract/docx-cache/gaokao/biology/2019/2019年高考生物试卷（新课标Ⅲ）（解析卷）.docx
biology,2024,hebei,independent,19,1,4,0,/home/flaskappuser/Desktop/NewDisk_2T/aitutor/database/incoming/gaokao/biology/2024/2024年高考生物试卷（河北）（解析卷）.docx
biology,2024,liaoning,independent,11,1,4,0,/home/flaskappuser/Desktop/NewDisk_2T/aitutor/database/incoming/gaokao/biology/2024/2024年高考生物试卷（辽宁）（解析卷）.docx
chemistry,2012,anhui,independent,1,1,4,0,/home/flaskappuser/Desktop/NewDisk_2T/aitutor/database/preflight/qb-extract/docx-cache/gaokao/chemistry/2012/2012年高考化学试卷（安徽）（解析卷）.docx
chemistry,2013,shandong,independent,2,1,4,0,/home/flaskappuser/Desktop/NewDisk_2T/aitutor/database/preflight/qb-extract/docx-cache/gaokao/chemistry/2013/2013年高考化学试卷（山东）（解析卷）.docx
chinese,2010,beijing,independent,9,1,4,0,/home/flaskappuser/Desktop/NewDisk_2T/aitutor/database/preflight/qb-extract/docx-cache/gaokao/chinese/2010/2010年高考语文试卷（北京）（解析卷）.docx
chinese,2014,national,national_i,7,1,4,0,/home/flaskappuser/Desktop/NewDisk_2T/aitutor/database/preflight/qb-extract/docx-cache/gaokao/chinese/2014/2014年高考语文试卷（新课标Ⅰ卷）（解析卷）.docx
chinese,2017,tianjin,independent,7,1,4,0,/home/flaskappuser/Desktop/NewDisk_2T/aitutor/database/preflight/qb-extract/docx-cache/gaokao/chinese/2017/2017年高考语文试卷（天津）（解析卷）.docx
chinese,2017,national,national_ii,7,1,4,0,/home/flaskappuser/Desktop/NewDisk_2T/aitutor/database/preflight/qb-extract/docx-cache/gaokao/chinese/2017/2017年高考语文试卷（新课标Ⅱ卷）（解析卷）.docx
english,2012,beijing,independent,27,1,4,1,/home/flaskappuser/Desktop/NewDisk_2T/aitutor/database/preflight/qb-extract/docx-cache/gaokao/english/2012/2012年高考英语试卷（北京）（解析卷）.docx
english,2014,national,national_i,36,1,4,20,/home/flaskappuser/Desktop/NewDisk_2T/aitutor/database/preflight/qb-extract/docx-cache/gaokao/english/2014/2014年高考英语试卷（新课标Ⅰ卷）（解析卷）.docx
english,2023,zhejiang,independent,37,1,4,20,/home/flaskappuser/Desktop/NewDisk_2T/aitutor/database/incoming/gaokao/english/2023/2023年高考英语试卷（浙江）（1月）（解析卷）.docx
geography,2011,sichuan,independent,12,1,4,0,/home/flaskappuser/Desktop/NewDisk_2T/aitutor/database/preflight/qb-extract/docx-cache/gaokao/geography/2011/2011年高考地理试卷（四川）（解析卷）.docx
geography,2015,zhejiang,independent,10,1,4,0,/home/flaskappuser/Desktop/NewDisk_2T/aitutor/database/incoming/gaokao/geography/2015/2015年高考地理试卷（浙江）（6月）（解析卷）.docx
geography,2023,chongqing,independent,15,1,4,0,/home/flaskappuser/Desktop/NewDisk_2T/aitutor/database/incoming/gaokao/geography/2023/2023年高考地理试卷（重庆）（解析卷）.docx
physics,2021,tianjin,independent,11,1,4,0,/home/flaskappuser/Desktop/NewDisk_2T/aitutor/database/preflight/qb-extract/docx-cache/gaokao/physics/2021/2021年高考物理试卷（天津）（解析卷）.docx
politics,2018,national,national_i,12,1,4,0,/home/flaskappuser/Desktop/NewDisk_2T/aitutor/database/preflight/qb-extract/docx-cache/gaokao/politics/2018/2018年高考政治试卷（新课标Ⅰ）（解析卷）.docx
politics,2018,hainan,independent,21,1,4,0,/home/flaskappuser/Desktop/NewDisk_2T/aitutor/database/incoming/gaokao/politics/2018/2018年高考政治试卷（海南）（解析卷）.docx
biology,2019,tianjin,independent,7,1,3,0,/home/flaskappuser/Desktop/NewDisk_2T/aitutor/database/preflight/qb-extract/docx-cache/gaokao/biology/2019/2019年高考生物试卷（天津）（解析卷）.docx
biology,2020,beijing,independent,20,1,3,0,/home/flaskappuser/Desktop/NewDisk_2T/aitutor/database/preflight/qb-extract/docx-cache/gaokao/biology/2020/2020年高考生物试卷（北京）（解析卷）.docx
chemistry,2023,hunan,independent,17,1,3,0,/home/flaskappuser/Desktop/NewDisk_2T/aitutor/database/incoming/gaokao/chemistry/2023/2023年高考化学试卷（湖南）（解析卷）.docx
chemistry,2023,chongqing,independent,15,1,3,0,/home/flaskappuser/Desktop/NewDisk_2T/aitutor/database/incoming/gaokao/chemistry/2023/2023年高考化学试卷（重庆）（解析卷）.docx
english,2014,anhui,independent,50,1,3,20,/home/flaskappuser/Desktop/NewDisk_2T/aitutor/database/preflight/qb-extract/docx-cache/gaokao/english/2014/2014年高考英语试卷（安徽）（解析卷）.docx
biology,2021,beijing,independent,17,1,3,0,/home/flaskappuser/Desktop/NewDisk_2T/aitutor/database/preflight/qb-extract/docx-cache/gaokao/biology/2021/2021年高考生物试卷（北京）（解析卷）.docx
english,2014,shaanxi,independent,22,1,3,0,/home/flaskappuser/Desktop/NewDisk_2T/aitutor/database/incoming/gaokao/english/2014/2014年高考英语试卷（陕西）（解析卷）.docx
biology,2024,hunan,independent,19,1,3,0,/home/flaskappuser/Desktop/NewDisk_2T/aitutor/database/incoming/gaokao/biology/2024/2024年高考生物试卷（湖南）（解析卷）.docx
geography,2021,tianjin,independent,15,1,3,0,/home/flaskappuser/Desktop/NewDisk_2T/aitutor/database/preflight/qb-extract/docx-cache/gaokao/geography/2021/2021年高考地理试卷（天津）（解析卷）.docx
biology,2024,jiangsu,independent,2,1,3,0,/home/flaskappuser/Desktop/NewDisk_2T/aitutor/database/incoming/gaokao/biology/2024/2024年高考生物试卷（江苏）（解析卷）.docx
chinese,2013,national,national_i,8,1,3,0,/home/flaskappuser/Desktop/NewDisk_2T/aitutor/database/preflight/qb-extract/docx-cache/gaokao/chinese/2013/2013年高考语文试卷（新课标Ⅰ卷）（解析卷）.docx
physics,2024,zhejiang,independent,18,1,3,0,/home/flaskappuser/Desktop/NewDisk_2T/aitutor/database/incoming/gaokao/physics/2024/2024年高考物理试卷（浙江）（1月）（解析卷）.docx
history,2021,hainan,independent,6,1,3,0,/home/flaskappuser/Desktop/NewDisk_2T/aitutor/database/preflight/qb-extract/docx-cache/gaokao/history/2021/2021年高考历史试卷（海南）（解析卷）.docx
biology,2012,shandong,independent,1,1,3,0,/home/flaskappuser/Desktop/NewDisk_2T/aitutor/database/preflight/qb-extract/docx-cache/gaokao/biology/2012/2012年高考生物试卷（山东）（解析卷）.docx
biology,2012,guangdong,independent,5,1,3,0,/home/flaskappuser/Desktop/NewDisk_2T/aitutor/database/preflight/qb-extract/docx-cache/gaokao/biology/2012/2012年高考生物试卷（广东）（解析卷）.docx
geography,2010,guangdong,independent,11,1,3,0,/home/flaskappuser/Desktop/NewDisk_2T/aitutor/database/incoming/gaokao/geography/2010/2010年高考地理试卷（广东）（解析卷）.docx
politics,2024,liaoning,independent,3,1,3,0,/home/flaskappuser/Desktop/NewDisk_2T/aitutor/database/incoming/gaokao/politics/2024/2024年高考政治试卷（辽宁）（解析卷）.docx
history,2023,guangdong,independent,3,1,3,0,/home/flaskappuser/Desktop/NewDisk_2T/aitutor/database/incoming/gaokao/history/2023/2023年高考历史试卷（广东）（解析卷）.docx
history,2023,liaoning,independent,17,1,3,0,/home/flaskappuser/Desktop/NewDisk_2T/aitutor/database/incoming/gaokao/history/2023/2023年高考历史试卷（辽宁）（解析卷）.docx
chinese,2011,tianjin,independent,8,1,3,0,/home/flaskappuser/Desktop/NewDisk_2T/aitutor/database/preflight/qb-extract/docx-cache/gaokao/chinese/2011/2011年高考语文试卷（天津）（解析卷）.docx
chinese,2013,tianjin,independent,8,1,3,0,/home/flaskappuser/Desktop/NewDisk_2T/aitutor/database/preflight/qb-extract/docx-cache/gaokao/chinese/2013/2013年高考语文试卷（天津）（解析卷）.docx
geography,2008,tianjin,independent,11,1,3,0,/home/flaskappuser/Desktop/NewDisk_2T/aitutor/database/preflight/qb-extract/docx-cache/gaokao/geography/2008/2008年高考地理试卷（天津）（解析卷）.docx
chemistry,2022,chongqing,independent,19,1,3,0,/home/flaskappuser/Desktop/NewDisk_2T/aitutor/database/incoming/gaokao/chemistry/2022/2022年高考化学试卷（重庆）（解析卷）.docx
politics,2017,beijing,independent,12,1,3,0,/home/flaskappuser/Desktop/NewDisk_2T/aitutor/database/preflight/qb-extract/docx-cache/gaokao/politics/2017/2017年高考政治试卷（北京）（解析卷）.docx
biology,2015,guangdong,independent,7,1,3,0,/home/flaskappuser/Desktop/NewDisk_2T/aitutor/database/preflight/qb-extract/docx-cache/gaokao/biology/2015/2015年高考生物试卷（广东）（解析卷）.docx
english,2008,sichuan,independent,35,1,3,0,/home/flaskappuser/Desktop/NewDisk_2T/aitutor/database/preflight/qb-extract/docx-cache/gaokao/english/2008/2008年高考英语试卷（四川）（解析卷）.docx
physics,2013,shanghai,independent,8,1,3,0,/home/flaskappuser/Desktop/NewDisk_2T/aitutor/database/preflight/qb-extract/docx-cache/gaokao/physics/2013/2013年高考物理试卷（上海）（解析卷）.docx
physics,2015,shandong,independent,9,1,3,0,/home/flaskappuser/Desktop/NewDisk_2T/aitutor/database/preflight/qb-extract/docx-cache/gaokao/physics/2015/2015年高考物理试卷（山东）（解析卷）.docx
physics,2015,guangdong,independent,9,1,3,0,/home/flaskappuser/Desktop/NewDisk_2T/aitutor/database/preflight/qb-extract/docx-cache/gaokao/physics/2015/2015年高考物理试卷（广东）（解析卷）.docx
physics,2015,chongqing,independent,4,1,3,0,/home/flaskappuser/Desktop/NewDisk_2T/aitutor/database/preflight/qb-extract/docx-cache/gaokao/physics/2015/2015年高考物理试卷（重庆）（解析卷）.docx
politics,2014,national,national_ii,12,1,3,0,/home/flaskappuser/Desktop/NewDisk_2T/aitutor/database/preflight/qb-extract/docx-cache/gaokao/politics/2014/2014年高考政治试卷（新课标Ⅱ）（解析卷）.docx
math,2014,anhui,independent,5,1,3,0,/home/flaskappuser/Desktop/NewDisk_2T/aitutor/database/preflight/qb-extract/docx-cache/gaokao/math/2014/2014年高考数学试卷（文）（安徽）（解析卷）.docx
chemistry,2012,hainan,independent,8,1,3,0,/home/flaskappuser/Desktop/NewDisk_2T/aitutor/database/preflight/qb-extract/docx-cache/gaokao/chemistry/2012/2012年高考化学试卷（海南）（解析卷）.docx
geography,2019,shanghai,independent,19,1,2,0,/home/flaskappuser/Desktop/NewDisk_2T/aitutor/database/preflight/qb-extract/docx-cache/gaokao/geography/2019/2019年高考地理试题（上海）（解析卷）.docx
chinese,2020,national,national_iii,6,1,2,0,/home/flaskappuser/Desktop/NewDisk_2T/aitutor/database/preflight/qb-extract/docx-cache/gaokao/chinese/2020/2020年高考语文试卷（新课标Ⅲ卷）（解析卷）.docx
biology,2023,hubei,independent,6,1,2,0,/home/flaskappuser/Desktop/NewDisk_2T/aitutor/database/incoming/gaokao/biology/2023/2023年高考生物试卷（湖北）（解析卷）.docx
history,2012,anhui,independent,7,1,2,0,/home/flaskappuser/Desktop/NewDisk_2T/aitutor/database/preflight/qb-extract/docx-cache/gaokao/history/2012/2012年高考历史试卷（安徽）（解析卷）.docx
history,2024,national,national_a,7,1,2,0,/home/flaskappuser/Desktop/NewDisk_2T/aitutor/database/incoming/gaokao/history/2024/2024年高考历史试卷（全国甲卷）（解析卷）.docx
history,2023,hubei,independent,15,1,2,0,/home/flaskappuser/Desktop/NewDisk_2T/aitutor/database/incoming/gaokao/history/2023/2023年高考历史试卷（湖北）（解析卷）.docx
biology,2013,anhui,independent,2,1,2,0,/home/flaskappuser/Desktop/NewDisk_2T/aitutor/database/preflight/qb-extract/docx-cache/gaokao/biology/2013/2013年高考生物试卷（安徽）（解析卷）.docx
geography,2018,hainan,independent,19,1,2,0,/home/flaskappuser/Desktop/NewDisk_2T/aitutor/database/incoming/gaokao/geography/2018/2018年高考地理试卷（海南）（解析卷）.docx
english,2022,national,national_a,34,1,2,18,/home/flaskappuser/Desktop/NewDisk_2T/aitutor/database/incoming/gaokao/english/2022/2022年高考英语试卷（全国甲卷）（解析卷）.docx
english,2022,national,national_b,33,1,2,18,/home/flaskappuser/Desktop/NewDisk_2T/aitutor/database/incoming/gaokao/english/2022/2022年高考英语试卷（全国乙卷）（解析卷）.docx
politics,2022,hainan,independent,5,1,2,0,/home/flaskappuser/Desktop/NewDisk_2T/aitutor/database/incoming/gaokao/politics/2022/2022年高考政治试卷（海南）（解析卷）.docx
math,2010,tianjin,independent,10,1,2,0,/home/flaskappuser/Desktop/NewDisk_2T/aitutor/database/incoming/gaokao/math/2010/2010年高考数学试卷（理）（天津）（解析卷）.docx
biology,2016,national,national_iii,5,1,2,0,/home/flaskappuser/Desktop/NewDisk_2T/aitutor/database/preflight/qb-extract/docx-cache/gaokao/biology/2016/2016年高考生物试卷（新课标Ⅲ）（解析卷）.docx
geography,2021,hunan,independent,9,1,2,0,/home/flaskappuser/Desktop/NewDisk_2T/aitutor/database/preflight/qb-extract/docx-cache/gaokao/geography/2021/2021年高考地理试卷（湖南）（解析卷）.docx
politics,2012,chongqing,independent,5,1,2,0,/home/flaskappuser/Desktop/NewDisk_2T/aitutor/database/preflight/qb-extract/docx-cache/gaokao/politics/2012/2012年高考政治试卷（重庆）（解析卷）.docx
chemistry,2010,jiangsu,independent,14,1,2,0,/home/flaskappuser/Desktop/NewDisk_2T/aitutor/database/preflight/qb-extract/docx-cache/gaokao/chemistry/2010/2010年高考化学试卷（江苏）（解析卷）.docx
politics,2024,zhejiang,independent,8,1,2,0,/home/flaskappuser/Desktop/NewDisk_2T/aitutor/database/incoming/gaokao/politics/2024/2024年高考政治试卷（浙江）（1月）（解析卷）.docx
geography,2009,tianjin,independent,9,1,2,0,/home/flaskappuser/Desktop/NewDisk_2T/aitutor/database/preflight/qb-extract/docx-cache/gaokao/geography/2009/2009年高考地理试卷（天津）（解析卷）.docx
history,2015,zhejiang,independent,3,1,2,0,/home/flaskappuser/Desktop/NewDisk_2T/aitutor/database/preflight/qb-extract/docx-cache/gaokao/history/2015/2015年高考历史试卷（浙江）（6月）（解析卷）.docx
physics,2014,shandong,independent,2,1,2,0,/home/flaskappuser/Desktop/NewDisk_2T/aitutor/database/preflight/qb-extract/docx-cache/gaokao/physics/2014/2014年高考物理试卷（山东）（解析卷）.docx
chinese,2018,jiangsu,independent,6,1,2,0,/home/flaskappuser/Desktop/NewDisk_2T/aitutor/database/preflight/qb-extract/docx-cache/gaokao/chinese/2018/2018年高考语文试卷（江苏）（解析卷）   .docx
politics,2023,hainan,independent,5,1,2,0,/home/flaskappuser/Desktop/NewDisk_2T/aitutor/database/incoming/gaokao/politics/2023/2023年高考政治试卷（海南）（解析卷）.docx
biology,2021,jiangsu,independent,24,1,2,0,/home/flaskappuser/Desktop/NewDisk_2T/aitutor/database/incoming/gaokao/biology/2021/2021年高考生物试卷（江苏）（解析卷）.docx
english,2014,chongqing,independent,1,1,2,0,/home/flaskappuser/Desktop/NewDisk_2T/aitutor/database/preflight/qb-extract/docx-cache/gaokao/english/2014/2014年高考英语试卷（重庆）（解析卷）.docx
biology,2015,tianjin,independent,7,1,2,0,/home/flaskappuser/Desktop/NewDisk_2T/aitutor/database/preflight/qb-extract/docx-cache/gaokao/biology/2015/2015年高考生物试卷（天津）（解析卷）.docx
history,2012,fujian,independent,8,1,2,0,/home/flaskappuser/Desktop/NewDisk_2T/aitutor/database/preflight/qb-extract/docx-cache/gaokao/history/2012/2012年高考历史试卷（福建）（解析卷）.docx
biology,2021,chongqing,independent,18,1,2,0,/home/flaskappuser/Desktop/NewDisk_2T/aitutor/database/preflight/qb-extract/docx-cache/gaokao/biology/2021/2021年高考生物试卷（重庆）（解析卷）.docx
geography,2023,jiangsu,independent,23,1,2,0,/home/flaskappuser/Desktop/NewDisk_2T/aitutor/database/incoming/gaokao/geography/2023/2023年高考地理试卷（江苏）（解析卷）.docx
geography,2024,zhejiang,independent,13,1,2,0,/home/flaskappuser/Desktop/NewDisk_2T/aitutor/database/incoming/gaokao/geography/2024/2024年高考地理试卷（浙江）（1月）（解析卷）.docx
biology,2017,beijing,independent,6,1,2,0,/home/flaskappuser/Desktop/NewDisk_2T/aitutor/database/preflight/qb-extract/docx-cache/gaokao/biology/2017/2017年高考生物试卷（北京）（解析卷）.docx
politics,2015,chongqing,independent,3,1,2,0,/home/flaskappuser/Desktop/NewDisk_2T/aitutor/database/preflight/qb-extract/docx-cache/gaokao/politics/2015/2015年高考政治试卷（重庆）（解析卷）.docx
chinese,2015,beijing,independent,4,1,2,0,/home/flaskappuser/Desktop/NewDisk_2T/aitutor/database/preflight/qb-extract/docx-cache/gaokao/chinese/2015/2015年高考语文试卷（北京）（解析卷）.docx
chemistry,2021,shanghai,independent,23,1,2,0,/home/flaskappuser/Desktop/NewDisk_2T/aitutor/database/incoming/gaokao/chemistry/2021/2021年高考化学试卷（上海）（解析卷）.docx
geography,2013,zhejiang,independent,12,1,2,0,/home/flaskappuser/Desktop/NewDisk_2T/aitutor/database/incoming/gaokao/geography/2013/2013年高考地理试卷（浙江）（解析卷）.docx
chemistry,2012,chongqing,independent,2,1,2,0,/home/flaskappuser/Desktop/NewDisk_2T/aitutor/database/preflight/qb-extract/docx-cache/gaokao/chemistry/2012/2012年高考化学试卷（重庆）（解析卷）.docx
chemistry,2021,hunan,independent,15,1,2,0,/home/flaskappuser/Desktop/NewDisk_2T/aitutor/database/preflight/qb-extract/docx-cache/gaokao/chemistry/2021/2021年高考化学试卷（湖南）（解析卷）.docx
physics,2012,chongqing,independent,2,1,2,0,/home/flaskappuser/Desktop/NewDisk_2T/aitutor/database/preflight/qb-extract/docx-cache/gaokao/physics/2012/2012年高考物理试卷（重庆）（解析卷）.docx
chinese,2020,national,national_i,6,1,2,0,/home/flaskappuser/Desktop/NewDisk_2T/aitutor/database/preflight/qb-extract/docx-cache/gaokao/chinese/2020/2020年高考语文试卷（新课标Ⅰ卷）（解析卷）.docx
geography,2023,hebei,independent,13,1,2,0,/home/flaskappuser/Desktop/NewDisk_2T/aitutor/database/incoming/gaokao/geography/2023/2023年高考地理试卷（河北）（解析卷）.docx
physics,2023,national,national_b,11,1,2,0,/home/flaskappuser/Desktop/NewDisk_2T/aitutor/database/incoming/gaokao/physics/2023/2023年高考物理试卷（全国乙卷）（解析卷）.docx
history,2024,hainan,independent,15,1,2,0,/home/flaskappuser/Desktop/NewDisk_2T/aitutor/database/incoming/gaokao/history/2024/2024年高考历史试卷（海南）（解析卷）.docx
geography,2023,hunan,independent,16,1,2,0,/home/flaskappuser/Desktop/NewDisk_2T/aitutor/database/incoming/gaokao/geography/2023/2023年高考地理试卷（湖南）（解析卷）.docx
math,2018,tianjin,independent,1,1,2,0,/home/flaskappuser/Desktop/NewDisk_2T/aitutor/database/preflight/qb-extract/docx-cache/gaokao/math/2018/2018年高考数学试卷（文）（天津）（解析卷）.docx
math,2015,chongqing,independent,15,1,1,0,/home/flaskappuser/Desktop/NewDisk_2T/aitutor/database/preflight/qb-extract/docx-cache/gaokao/math/2015/2015年高考数学试卷（文）（重庆）（解析卷）.docx
chemistry,2023,guangdong,independent,21,1,1,0,/home/flaskappuser/Desktop/NewDisk_2T/aitutor/database/incoming/gaokao/chemistry/2023/2023年高考化学试卷（广东）（解析卷）.docx
chemistry,2024,guangdong,independent,18,1,1,0,/home/flaskappuser/Desktop/NewDisk_2T/aitutor/database/incoming/gaokao/chemistry/2024/2024年高考化学试卷（广东）（解析卷）.docx
chemistry,2024,zhejiang,independent,21,1,1,0,/home/flaskappuser/Desktop/NewDisk_2T/aitutor/database/incoming/gaokao/chemistry/2024/2024年高考化学试卷（浙江）（1月）（解析卷）.docx
chemistry,2024,fujian,independent,14,1,1,0,/home/flaskappuser/Desktop/NewDisk_2T/aitutor/database/incoming/gaokao/chemistry/2024/2024年高考化学试卷（福建）（解析卷）.docx
chemistry,2024,guizhou,independent,18,1,1,0,/home/flaskappuser/Desktop/NewDisk_2T/aitutor/database/incoming/gaokao/chemistry/2024/2024年高考化学试卷（贵州）（解析卷）.docx
geography,2023,hubei,independent,10,1,1,0,/home/flaskappuser/Desktop/NewDisk_2T/aitutor/database/incoming/gaokao/geography/2023/2023年高考地理试卷（湖北）（解析卷）.docx
geography,2024,national,national_a,10,1,1,0,/home/flaskappuser/Desktop/NewDisk_2T/aitutor/database/incoming/gaokao/geography/2024/2024年高考地理试卷（全国甲卷）（解析卷）.docx
geography,2024,anhui,independent,16,1,1,0,/home/flaskappuser/Desktop/NewDisk_2T/aitutor/database/incoming/gaokao/geography/2024/2024年高考地理试卷（安徽）（解析卷）.docx
geography,2024,jiangsu,independent,22,1,1,0,/home/flaskappuser/Desktop/NewDisk_2T/aitutor/database/incoming/gaokao/geography/2024/2024年高考地理试卷（江苏）（解析卷）.docx
geography,2024,hubei,independent,15,1,1,0,/home/flaskappuser/Desktop/NewDisk_2T/aitutor/database/incoming/gaokao/geography/2024/2024年高考地理试卷（湖北）（解析卷）.docx
geography,2024,hunan,independent,16,1,1,0,/home/flaskappuser/Desktop/NewDisk_2T/aitutor/database/incoming/gaokao/geography/2024/2024年高考地理试卷（湖南）（解析卷）.docx
geography,2025,hunan,independent,17,1,1,0,/home/flaskappuser/Desktop/NewDisk_2T/aitutor/database/incoming/gaokao/geography/2025/2025年湖南省新高考地理高考真题（解析版）.docx
biology,2013,national,national_ii,6,1,1,0,/home/flaskappuser/Desktop/NewDisk_2T/aitutor/database/preflight/qb-extract/docx-cache/gaokao/biology/2013/2013年高考生物试卷（新课标Ⅱ）（解析卷）.docx
history,2009,jiangsu,independent,20,1,1,0,/home/flaskappuser/Desktop/NewDisk_2T/aitutor/database/preflight/qb-extract/docx-cache/gaokao/history/2009/2009年高考历史试卷（江苏）（解析卷）.docx
biology,2015,beijing,independent,5,1,1,0,/home/flaskappuser/Desktop/NewDisk_2T/aitutor/database/preflight/qb-extract/docx-cache/gaokao/biology/2015/2015年高考生物试卷（北京）（解析卷）.docx
biology,2015,national,national_i,6,1,1,0,/home/flaskappuser/Desktop/NewDisk_2T/aitutor/database/preflight/qb-extract/docx-cache/gaokao/biology/2015/2015年高考生物试卷（新课标Ⅰ）（解析卷）.docx
biology,2015,zhejiang,independent,6,1,1,0,/home/flaskappuser/Desktop/NewDisk_2T/aitutor/database/preflight/qb-extract/docx-cache/gaokao/biology/2015/2015年高考生物试卷（浙江）【6月】（解析卷）.docx
biology,2015,chongqing,independent,10,1,1,0,/home/flaskappuser/Desktop/NewDisk_2T/aitutor/database/preflight/qb-extract/docx-cache/gaokao/biology/2015/2015年高考生物试卷（重庆）（解析卷）.docx
biology,2016,beijing,independent,4,1,1,0,/home/flaskappuser/Desktop/NewDisk_2T/aitutor/database/preflight/qb-extract/docx-cache/gaokao/biology/2016/2016年高考生物试卷（北京）（解析卷）.docx
biology,2016,national,national_ii,5,1,1,0,/home/flaskappuser/Desktop/NewDisk_2T/aitutor/database/preflight/qb-extract/docx-cache/gaokao/biology/2016/2016年高考生物试卷（新课标Ⅱ）（解析卷）.docx
biology,2017,tianjin,independent,7,1,1,0,/home/flaskappuser/Desktop/NewDisk_2T/aitutor/database/preflight/qb-extract/docx-cache/gaokao/biology/2017/2017年高考生物试卷（天津）（解析卷）.docx
biology,2017,national,national_iii,5,1,1,0,/home/flaskappuser/Desktop/NewDisk_2T/aitutor/database/preflight/qb-extract/docx-cache/gaokao/biology/2017/2017年高考生物试卷（新课标Ⅲ）（解析卷）.docx
biology,2018,tianjin,independent,6,1,1,0,/home/flaskappuser/Desktop/NewDisk_2T/aitutor/database/preflight/qb-extract/docx-cache/gaokao/biology/2018/2018年高考生物试卷（天津）（解析卷）.docx
biology,2018,national,national_iii,4,1,1,0,/home/flaskappuser/Desktop/NewDisk_2T/aitutor/database/preflight/qb-extract/docx-cache/gaokao/biology/2018/2018年高考生物试卷（新课标Ⅲ）（解析卷）.docx
history,2015,guangdong,independent,6,1,1,0,/home/flaskappuser/Desktop/NewDisk_2T/aitutor/database/preflight/qb-extract/docx-cache/gaokao/history/2015/2015年高考历史试卷（广东）（解析卷）.docx
politics,2012,shandong,independent,4,1,1,0,/home/flaskappuser/Desktop/NewDisk_2T/aitutor/database/preflight/qb-extract/docx-cache/gaokao/politics/2012/2012年高考政治试卷（山东）（解析卷）.docx
politics,2012,anhui,independent,3,1,1,0,/home/flaskappuser/Desktop/NewDisk_2T/aitutor/database/preflight/qb-extract/docx-cache/gaokao/politics/2012/2012年高考政治试卷（安徽）（解析卷）.docx
biology,2022,hubei,independent,22,1,1,0,/home/flaskappuser/Desktop/NewDisk_2T/aitutor/database/incoming/gaokao/biology/2022/2022年高考生物试卷（湖北）（解析卷）.docx
biology,2022,liaoning,independent,7,1,1,0,/home/flaskappuser/Desktop/NewDisk_2T/aitutor/database/incoming/gaokao/biology/2022/2022年高考生物试卷（辽宁）（解析卷）.docx
biology,2023,shandong,independent,25,1,1,0,/home/flaskappuser/Desktop/NewDisk_2T/aitutor/database/incoming/gaokao/biology/2023/2023年高考生物试卷（山东）（解析卷）.docx
physics,2024,fujian,independent,13,1,1,0,/home/flaskappuser/Desktop/NewDisk_2T/aitutor/database/incoming/gaokao/physics/2024/2024年高考物理试卷（福建）（解析卷）.docx
physics,2024,hunan,independent,12,1,1,0,/home/flaskappuser/Desktop/NewDisk_2T/aitutor/database/incoming/gaokao/physics/2024/2024年高考物理试卷（湖南）（解析卷）.docx
physics,2024,jiangxi,independent,13,1,1,0,/home/flaskappuser/Desktop/NewDisk_2T/aitutor/database/incoming/gaokao/physics/2024/2024年高考物理试卷（江西）（解析卷）.docx
physics,2023,hunan,independent,13,1,1,0,/home/flaskappuser/Desktop/NewDisk_2T/aitutor/database/incoming/gaokao/physics/2023/2023年高考物理试卷（湖南）（解析卷）.docx
physics,2023,national,national_a,11,1,1,0,/home/flaskappuser/Desktop/NewDisk_2T/aitutor/database/incoming/gaokao/physics/2023/2023年高考物理试卷（全国甲卷）（解析卷）.docx
physics,2022,liaoning,independent,13,1,1,0,/home/flaskappuser/Desktop/NewDisk_2T/aitutor/database/incoming/gaokao/physics/2022/2022年高考物理试卷（辽宁）（解析卷）.docx
physics,2022,hubei,independent,14,1,1,0,/home/flaskappuser/Desktop/NewDisk_2T/aitutor/database/incoming/gaokao/physics/2022/2022年高考物理试卷（湖北）（解析卷）.docx
physics,2022,zhejiang,independent,20,1,1,0,/home/flaskappuser/Desktop/NewDisk_2T/aitutor/database/incoming/gaokao/physics/2022/2022年高考物理试卷（浙江）【1月】（解析卷）.docx
physics,2022,national,national_a,13,1,1,0,/home/flaskappuser/Desktop/NewDisk_2T/aitutor/database/incoming/gaokao/physics/2022/2022年高考物理试卷（全国甲卷）（解析卷）.docx
physics,2021,hubei,independent,14,1,1,0,/home/flaskappuser/Desktop/NewDisk_2T/aitutor/database/preflight/qb-extract/docx-cache/gaokao/physics/2021/2021年高考物理试卷（湖北）（解析卷）.docx
history,2023,fujian,independent,10,1,1,0,/home/flaskappuser/Desktop/NewDisk_2T/aitutor/database/incoming/gaokao/history/2023/2023年高考历史试卷（福建）（解析卷）.docx
physics,2021,jiangsu,independent,12,1,1,0,/home/flaskappuser/Desktop/NewDisk_2T/aitutor/database/preflight/qb-extract/docx-cache/gaokao/physics/2021/2021年高考物理试卷（江苏）（解析卷）.docx
physics,2021,beijing,independent,16,1,1,0,/home/flaskappuser/Desktop/NewDisk_2T/aitutor/database/preflight/qb-extract/docx-cache/gaokao/physics/2021/2021年高考物理试卷（北京）（解析卷）.docx
history,2024,guangdong,independent,10,1,1,0,/home/flaskappuser/Desktop/NewDisk_2T/aitutor/database/incoming/gaokao/history/2024/2024年高考历史试卷（广东）（解析卷）.docx
physics,2020,jiangsu,independent,18,1,1,0,/home/flaskappuser/Desktop/NewDisk_2T/aitutor/database/preflight/qb-extract/docx-cache/gaokao/physics/2020/2020年高考物理试卷（江苏）（解析卷）.docx
physics,2020,shandong,independent,15,1,1,0,/home/flaskappuser/Desktop/NewDisk_2T/aitutor/database/preflight/qb-extract/docx-cache/gaokao/physics/2020/2020年高考物理试卷（山东）（解析卷）.docx
physics,2020,beijing,independent,17,1,1,0,/home/flaskappuser/Desktop/NewDisk_2T/aitutor/database/preflight/qb-extract/docx-cache/gaokao/physics/2020/2020年高考物理试卷（北京）（解析卷）.docx
physics,2019,zhejiang,independent,19,1,1,0,/home/flaskappuser/Desktop/NewDisk_2T/aitutor/database/incoming/gaokao/physics/2019/2019年高考物理试卷（浙江）【11月】（解析卷）.docx
biology,2024,hubei,independent,4,1,1,0,/home/flaskappuser/Desktop/NewDisk_2T/aitutor/database/incoming/gaokao/biology/2024/2024年高考生物试卷（湖北）（解析卷）.docx
biology,2024,gansu,independent,12,1,1,0,/home/flaskappuser/Desktop/NewDisk_2T/aitutor/database/incoming/gaokao/biology/2024/2024年高考生物试卷（甘肃）（解析卷）.docx
english,2016,zhejiang,independent,42,1,1,1,/home/flaskappuser/Desktop/NewDisk_2T/aitutor/database/incoming/gaokao/english/2016/2016年高考英语试卷（浙江）（6月）（解析卷）.docx
biology,2024,chongqing,independent,20,1,1,0,/home/flaskappuser/Desktop/NewDisk_2T/aitutor/database/incoming/gaokao/biology/2024/2024年高考生物试卷（重庆）（解析卷）.docx
physics,2018,hainan,independent,13,1,1,0,/home/flaskappuser/Desktop/NewDisk_2T/aitutor/database/incoming/gaokao/physics/2018/2018年高考物理试卷（海南）（解析卷）.docx
chemistry,2008,shanghai,independent,30,1,1,0,/home/flaskappuser/Desktop/NewDisk_2T/aitutor/database/preflight/qb-extract/docx-cache/gaokao/chemistry/2008/2008年高考化学试卷（上海）（解析卷）.docx
english,2014,hunan,independent,21,1,1,12,/home/flaskappuser/Desktop/NewDisk_2T/aitutor/database/preflight/qb-extract/docx-cache/gaokao/english/2014/2014年高考英语试卷（湖南）（解析卷）.docx
english,2014,guangdong,independent,1,1,1,0,/home/flaskappuser/Desktop/NewDisk_2T/aitutor/database/preflight/qb-extract/docx-cache/gaokao/english/2014/2014年高考英语试卷（广东）（解析卷）.docx
chemistry,2011,hainan,independent,1,1,1,0,/home/flaskappuser/Desktop/NewDisk_2T/aitutor/database/preflight/qb-extract/docx-cache/gaokao/chemistry/2011/2011年高考化学试卷（海南）（解析卷）.docx
physics,2017,shanghai,independent,17,1,1,0,/home/flaskappuser/Desktop/NewDisk_2T/aitutor/database/preflight/qb-extract/docx-cache/gaokao/physics/2017/2017年高考物理试卷（上海）（解析卷）.docx
english,2011,zhejiang,independent,45,1,1,0,/home/flaskappuser/Desktop/NewDisk_2T/aitutor/database/preflight/qb-extract/docx-cache/gaokao/english/2011/2011年高考英语试卷（浙江）（解析卷）.docx
english,2011,jiangsu,independent,47,1,1,18,/home/flaskappuser/Desktop/NewDisk_2T/aitutor/database/preflight/qb-extract/docx-cache/gaokao/english/2011/2011年高考英语试卷（江苏）（解析卷）.docx
math,2011,shandong,independent,1,1,1,0,/home/flaskappuser/Desktop/NewDisk_2T/aitutor/database/preflight/qb-extract/docx-cache/gaokao/math/2011/2011年高考数学试卷（文）（山东）（解析卷）.docx
english,2009,beijing,independent,42,1,1,16,/home/flaskappuser/Desktop/NewDisk_2T/aitutor/database/preflight/qb-extract/docx-cache/gaokao/english/2009/2009年高考英语试卷（北京）（解析卷）.docx
chemistry,2013,beijing,independent,6,1,1,0,/home/flaskappuser/Desktop/NewDisk_2T/aitutor/database/preflight/qb-extract/docx-cache/gaokao/chemistry/2013/2013年高考化学试卷（北京）（解析卷）.docx
geography,2022,shandong,independent,16,1,1,0,/home/flaskappuser/Desktop/NewDisk_2T/aitutor/database/incoming/gaokao/geography/2022/2022年高考地理试卷（山东）（解析卷）.docx
chemistry,2015,guangdong,independent,9,1,1,0,/home/flaskappuser/Desktop/NewDisk_2T/aitutor/database/preflight/qb-extract/docx-cache/gaokao/chemistry/2015/2015年高考化学试卷（广东）（解析卷）.docx
physics,2015,shanghai,independent,19,1,1,0,/home/flaskappuser/Desktop/NewDisk_2T/aitutor/database/preflight/qb-extract/docx-cache/gaokao/physics/2015/2015年高考物理试卷（上海）（解析卷）.docx
physics,2013,chongqing,independent,7,1,1,0,/home/flaskappuser/Desktop/NewDisk_2T/aitutor/database/preflight/qb-extract/docx-cache/gaokao/physics/2013/2013年高考物理试卷（重庆）（解析卷）.docx
physics,2013,guangdong,independent,9,1,1,0,/home/flaskappuser/Desktop/NewDisk_2T/aitutor/database/preflight/qb-extract/docx-cache/gaokao/physics/2013/2013年高考物理试卷（广东）（解析卷）.docx
chemistry,2020,shandong,independent,20,1,1,0,/home/flaskappuser/Desktop/NewDisk_2T/aitutor/database/incoming/gaokao/chemistry/2020/2020年高考化学试卷（山东）（解析卷）.docx
chemistry,2020,jiangsu,independent,22,1,1,0,/home/flaskappuser/Desktop/NewDisk_2T/aitutor/database/preflight/qb-extract/docx-cache/gaokao/chemistry/2020/2020年高考化学试卷（江苏）（解析卷）   .docx
geography,2022,fujian,independent,8,1,1,0,/home/flaskappuser/Desktop/NewDisk_2T/aitutor/database/incoming/gaokao/geography/2022/2022年高考地理试卷（福建）（解析卷）.docx
chemistry,2021,zhejiang,independent,27,1,1,0,/home/flaskappuser/Desktop/NewDisk_2T/aitutor/database/incoming/gaokao/chemistry/2021/2021年高考化学试卷（浙江）【1月】（解析卷）.docx
geography,2023,national,national_b,9,1,1,0,/home/flaskappuser/Desktop/NewDisk_2T/aitutor/database/incoming/gaokao/geography/2023/2023年高考地理试卷（全国乙卷）（解析卷）.docx
geography,2023,shandong,independent,15,1,1,0,/home/flaskappuser/Desktop/NewDisk_2T/aitutor/database/incoming/gaokao/geography/2023/2023年高考地理试卷（山东）（解析卷）.docx
chemistry,2022,beijing,independent,19,1,1,0,/home/flaskappuser/Desktop/NewDisk_2T/aitutor/database/incoming/gaokao/chemistry/2022/2022年高考化学试卷（北京）（解析卷）.docx
geography,2023,guangdong,independent,16,1,1,0,/home/flaskappuser/Desktop/NewDisk_2T/aitutor/database/incoming/gaokao/geography/2023/2023年高考地理试卷（广东）（解析卷）.docx
chemistry,2022,guangdong,independent,22,1,1,0,/home/flaskappuser/Desktop/NewDisk_2T/aitutor/database/incoming/gaokao/chemistry/2022/2022年高考化学试卷（广东）（解析卷）.docx
english,2017,shanghai,independent,0,0,57,0,/home/flaskappuser/Desktop/NewDisk_2T/aitutor/database/incoming/gaokao/english/2017/2017年高考英语试卷（上海）（春考）（解析卷）.docx
math,2015,jiangsu,independent,0,0,38,0,/home/flaskappuser/Desktop/NewDisk_2T/aitutor/database/preflight/qb-extract/docx-cache/gaokao/math/2015/2015年高考数学试卷（江苏）（解析卷）.docx
math,2017,jiangsu,independent,0,0,38,0,/home/flaskappuser/Desktop/NewDisk_2T/aitutor/database/preflight/qb-extract/docx-cache/gaokao/math/2017/2017年高考数学试卷（江苏）（解析卷）.docx
english,2008,shanghai,independent,0,0,35,0,/home/flaskappuser/Desktop/NewDisk_2T/aitutor/database/preflight/qb-extract/docx-cache/gaokao/english/2008/2008年高考英语试卷（上海）（秋考）（解析卷）.docx
politics,2019,zhejiang,independent,22,0,29,0,/home/flaskappuser/Desktop/NewDisk_2T/aitutor/database/preflight/qb-extract/docx-cache/gaokao/politics/2019/2019年高考政治试卷（浙江）（1月）（解析卷）.docx
math,2011,sichuan,independent,12,0,27,0,/home/flaskappuser/Desktop/NewDisk_2T/aitutor/database/preflight/qb-extract/docx-cache/gaokao/math/2011/2011年高考数学试卷（文）（四川）（解析卷）.docx
english,2018,shanghai,independent,0,0,25,0,/home/flaskappuser/Desktop/NewDisk_2T/aitutor/database/preflight/qb-extract/docx-cache/gaokao/english/2018/2018年高考英语试卷（上海）（春考）（解析卷）.docx
geography,2013,shanghai,independent,0,0,25,0,/home/flaskappuser/Desktop/NewDisk_2T/aitutor/database/preflight/qb-extract/docx-cache/gaokao/geography/2013/2013年高考地理试题（上海）（解析卷）.docx
chinese,2012,shanghai,independent,0,0,24,0,/home/flaskappuser/Desktop/NewDisk_2T/aitutor/database/preflight/qb-extract/docx-cache/gaokao/chinese/2012/2012年高考语文试卷（上海）（秋考）（答案卷）.docx
geography,2014,shanghai,independent,0,0,24,0,/home/flaskappuser/Desktop/NewDisk_2T/aitutor/database/preflight/qb-extract/docx-cache/gaokao/geography/2014/2014年高考地理试题（上海）（解析卷）.docx
math,2011,jiangsu,independent,0,0,20,0,/home/flaskappuser/Desktop/NewDisk_2T/aitutor/database/preflight/qb-extract/docx-cache/gaokao/math/2011/2011年高考数学试卷（江苏）（解析卷）.docx
geography,2016,shanghai,independent,0,0,20,0,/home/flaskappuser/Desktop/NewDisk_2T/aitutor/database/preflight/qb-extract/docx-cache/gaokao/geography/2016/2016年高考地理试题（上海）（解析卷）.docx
math,2008,shandong,independent,10,0,19,0,/home/flaskappuser/Desktop/NewDisk_2T/aitutor/database/preflight/qb-extract/docx-cache/gaokao/math/2008/2008年高考数学试卷（文）（山东）（解析卷）.docx
math,2018,jiangsu,independent,0,0,19,0,/home/flaskappuser/Desktop/NewDisk_2T/aitutor/database/preflight/qb-extract/docx-cache/gaokao/math/2018/2018年高考数学试卷（江苏）（解析卷）.docx
math,2016,shanghai,independent,15,0,18,0,/home/flaskappuser/Desktop/NewDisk_2T/aitutor/database/preflight/qb-extract/docx-cache/gaokao/math/2016/2016年高考数学试卷（上海）（春考）（解析卷）.docx
biology,2017,shanghai,independent,0,0,17,0,/home/flaskappuser/Desktop/NewDisk_2T/aitutor/database/incoming/gaokao/biology/2017/2017年高考生物试卷（上海）（答案卷）.docx
math,2020,shanghai,independent,3,0,17,0,/home/flaskappuser/Desktop/NewDisk_2T/aitutor/database/incoming/gaokao/math/2020/2020年高考数学试卷（上海）（春考）（解析卷）.docx
biology,2020,jiangsu,independent,33,0,17,0,/home/flaskappuser/Desktop/NewDisk_2T/aitutor/database/preflight/qb-extract/docx-cache/gaokao/biology/2020/2020年高考生物试卷（江苏）（解析卷）.docx
chinese,2013,shanghai,independent,0,0,16,0,/home/flaskappuser/Desktop/NewDisk_2T/aitutor/database/preflight/qb-extract/docx-cache/gaokao/chinese/2013/2013年高考语文试卷（上海）（秋考）（答案卷）.docx
chinese,2020,zhejiang,independent,2,0,16,0,/home/flaskappuser/Desktop/NewDisk_2T/aitutor/database/incoming/gaokao/chinese/2020/2020年高考语文试卷（浙江）（解析卷）.docx
math,2017,shanghai,independent,4,0,15,0,/home/flaskappuser/Desktop/NewDisk_2T/aitutor/database/incoming/gaokao/math/2017/2017年高考数学试卷（上海）（春考）（解析卷）.docx
math,2019,shanghai,independent,4,0,15,0,/home/flaskappuser/Desktop/NewDisk_2T/aitutor/database/incoming/gaokao/math/2019/2019年高考数学试卷（上海）（春考）（解析卷）.docx
geography,2015,shanghai,independent,0,0,14,0,/home/flaskappuser/Desktop/NewDisk_2T/aitutor/database/preflight/qb-extract/docx-cache/gaokao/geography/2015/2015年高考地理试题（上海）（解析卷）.docx
math,2022,shanghai,independent,4,0,14,0,/home/flaskappuser/Desktop/NewDisk_2T/aitutor/database/incoming/gaokao/math/2022/2022年高考数学试卷（上海）（春考）（解析卷）.docx
biology,2019,shanghai,independent,0,0,13,0,/home/flaskappuser/Desktop/NewDisk_2T/aitutor/database/incoming/gaokao/biology/2019/2019年高考生物试卷（上海）（答案卷）.docx
geography,2021,shanghai,independent,0,0,12,0,/home/flaskappuser/Desktop/NewDisk_2T/aitutor/database/incoming/gaokao/geography/2021/2021年高考地理试题（上海）（答案）.docx
english,2020,beijing,independent,17,0,12,0,/home/flaskappuser/Desktop/NewDisk_2T/aitutor/database/preflight/qb-extract/docx-cache/gaokao/english/2020/2020年高考英语试卷（北京）（机考 无听力）（解析卷）.docx
math,2014,jiangsu,independent,0,0,12,0,/home/flaskappuser/Desktop/NewDisk_2T/aitutor/database/preflight/qb-extract/docx-cache/gaokao/math/2014/2014年高考数学试卷（江苏）（解析卷）.docx
biology,2020,shandong,independent,24,0,12,0,/home/flaskappuser/Desktop/NewDisk_2T/aitutor/database/preflight/qb-extract/docx-cache/gaokao/biology/2020/2020年高考生物试卷（山东）（解析卷）.docx
politics,2021,fujian,independent,0,0,11,0,/home/flaskappuser/Desktop/NewDisk_2T/aitutor/database/preflight/qb-extract/docx-cache/gaokao/politics/2021/2021年高考政治试卷（福建）（解析卷）.docx
english,2021,shanghai,independent,0,0,11,0,/home/flaskappuser/Desktop/NewDisk_2T/aitutor/database/incoming/gaokao/english/2021/2021年高考英语试卷（上海）（春考）（解析卷）.docx
biology,2021,zhejiang,independent,30,0,11,0,/home/flaskappuser/Desktop/NewDisk_2T/aitutor/database/preflight/qb-extract/docx-cache/gaokao/biology/2021/2021年高考生物试卷（浙江）【1月】（解析卷）.docx
english,2014,shanghai,independent,0,0,11,0,/home/flaskappuser/Desktop/NewDisk_2T/aitutor/database/preflight/qb-extract/docx-cache/gaokao/english/2014/2014年高考英语试卷（上海）（秋考）（解析卷）.docx
chinese,2015,zhejiang,independent,0,0,11,0,/home/flaskappuser/Desktop/NewDisk_2T/aitutor/database/preflight/qb-extract/docx-cache/gaokao/chinese/2015/2015年高考语文试卷（浙江）（解析卷）.docx
biology,2020,hainan,independent,20,0,10,0,/home/flaskappuser/Desktop/NewDisk_2T/aitutor/database/preflight/qb-extract/docx-cache/gaokao/biology/2020/2020年高考生物试卷（海南）（解析卷）.docx
chinese,2008,hunan,independent,12,0,10,0,/home/flaskappuser/Desktop/NewDisk_2T/aitutor/database/preflight/qb-extract/docx-cache/gaokao/chinese/2008/2008年高考语文试卷（湖南）（解析卷）.docx
physics,2020,hainan,independent,0,0,10,0,/home/flaskappuser/Desktop/NewDisk_2T/aitutor/database/incoming/gaokao/physics/2020/2020年高考物理试卷（海南）（解析卷）.docx
english,2018,national,national_i,37,0,10,20,/home/flaskappuser/Desktop/NewDisk_2T/aitutor/database/preflight/qb-extract/docx-cache/gaokao/english/2018/2018年高考英语试卷（新课标Ⅰ卷）（解析卷）.docx
english,2021,national,new_gaokao_i,36,0,10,19,/home/flaskappuser/Desktop/NewDisk_2T/aitutor/database/preflight/qb-extract/docx-cache/gaokao/english/2021/2021年高考英语试卷（新高考Ⅰ卷）（解析卷）.docx
chinese,2012,zhejiang,independent,8,0,9,0,/home/flaskappuser/Desktop/NewDisk_2T/aitutor/database/preflight/qb-extract/docx-cache/gaokao/chinese/2012/2012年高考语文试卷（浙江）（解析卷）.docx
math,2015,national,national_i,12,0,9,0,/home/flaskappuser/Desktop/NewDisk_2T/aitutor/database/preflight/qb-extract/docx-cache/gaokao/math/2015/2015年高考数学试卷（文）（新课标Ⅰ）（解析卷）.docx
chinese,2011,jiangsu,independent,4,0,9,0,/home/flaskappuser/Desktop/NewDisk_2T/aitutor/database/preflight/qb-extract/docx-cache/gaokao/chinese/2011/2011年高考语文试卷（江苏）（解析卷）.docx
math,2012,jiangsu,independent,0,0,9,0,/home/flaskappuser/Desktop/NewDisk_2T/aitutor/database/preflight/qb-extract/docx-cache/gaokao/math/2012/2012年高考数学试卷（江苏）（解析卷）.docx
history,2009,hainan,independent,12,0,9,0,/home/flaskappuser/Desktop/NewDisk_2T/aitutor/database/preflight/qb-extract/docx-cache/gaokao/history/2009/2009高考历史试卷（海南）（解析卷）.docx
math,2013,national,national_i,12,0,9,0,/home/flaskappuser/Desktop/NewDisk_2T/aitutor/database/preflight/qb-extract/docx-cache/gaokao/math/2013/2013年高考数学试卷（文）（新课标Ⅰ）（解析卷）.docx
chinese,2009,hainan,independent,5,0,9,0,/home/flaskappuser/Desktop/NewDisk_2T/aitutor/database/preflight/qb-extract/docx-cache/gaokao/chinese/2009/2009年高考语文试卷（新课标）（海南宁夏）（解析卷）.docx
chinese,2008,beijing,independent,8,0,9,0,/home/flaskappuser/Desktop/NewDisk_2T/aitutor/database/preflight/qb-extract/docx-cache/gaokao/chinese/2008/2008年高考语文试卷（北京）（解析卷）.docx
math,2016,national,national_ii,12,0,9,0,/home/flaskappuser/Desktop/NewDisk_2T/aitutor/database/preflight/qb-extract/docx-cache/gaokao/math/2016/2016年高考数学试卷（文）（新课标Ⅱ）（解析卷）.docx
math,2013,national,national_ii,12,0,8,0,/home/flaskappuser/Desktop/NewDisk_2T/aitutor/database/preflight/qb-extract/docx-cache/gaokao/math/2013/2013年高考数学试卷（文）（新课标Ⅱ）（解析卷）.docx
politics,2022,liaoning,independent,16,0,8,0,/home/flaskappuser/Desktop/NewDisk_2T/aitutor/database/incoming/gaokao/politics/2022/2022年高考政治试卷（辽宁）（解析卷）.docx
politics,2022,hubei,independent,16,0,8,0,/home/flaskappuser/Desktop/NewDisk_2T/aitutor/database/incoming/gaokao/politics/2022/2022年高考政治试卷（湖北）（解析卷）.docx
english,2021,zhejiang,independent,28,0,8,17,/home/flaskappuser/Desktop/NewDisk_2T/aitutor/database/preflight/qb-extract/docx-cache/gaokao/english/2021/2021年高考英语试卷（浙江）（1月）（解析卷）.docx
math,2014,national,national_i,12,0,8,0,/home/flaskappuser/Desktop/NewDisk_2T/aitutor/database/preflight/qb-extract/docx-cache/gaokao/math/2014/2014年高考数学试卷（文）（新课标Ⅰ）（解析卷）.docx
math,2014,national,national_ii,12,0,8,0,/home/flaskappuser/Desktop/NewDisk_2T/aitutor/database/preflight/qb-extract/docx-cache/gaokao/math/2014/2014年高考数学试卷（文）（新课标Ⅱ）（解析卷）.docx
math,2015,national,national_ii,12,0,8,0,/home/flaskappuser/Desktop/NewDisk_2T/aitutor/database/preflight/qb-extract/docx-cache/gaokao/math/2015/2015年高考数学试卷（文）（新课标Ⅱ）（解析卷）.docx
math,2016,national,national_i,11,0,8,0,/home/flaskappuser/Desktop/NewDisk_2T/aitutor/database/preflight/qb-extract/docx-cache/gaokao/math/2016/2016年高考数学试卷（文）（新课标Ⅰ）（解析卷）.docx
math,2016,national,national_iii,12,0,8,0,/home/flaskappuser/Desktop/NewDisk_2T/aitutor/database/preflight/qb-extract/docx-cache/gaokao/math/2016/2016年高考数学试卷（文）（新课标Ⅲ）（解析卷）.docx
math,2018,national,national_i,12,0,7,0,/home/flaskappuser/Desktop/NewDisk_2T/aitutor/database/preflight/qb-extract/docx-cache/gaokao/math/2018/2018年高考数学试卷（文）（新课标Ⅰ）（解析卷）.docx
physics,2021,fujian,independent,1,0,7,0,/home/flaskappuser/Desktop/NewDisk_2T/aitutor/database/preflight/qb-extract/docx-cache/gaokao/physics/2021/2021年高考物理试卷（福建）（解析卷）.docx
chemistry,2018,hainan,independent,0,0,7,0,/home/flaskappuser/Desktop/NewDisk_2T/aitutor/database/incoming/gaokao/chemistry/2018/2018年高考化学试卷（海南）（解析卷）.docx
chemistry,2016,zhejiang,independent,0,0,7,0,/home/flaskappuser/Desktop/NewDisk_2T/aitutor/database/incoming/gaokao/chemistry/2016/2016年高考化学试卷（浙江）【10月】（解析卷）.docx
math,2016,beijing,independent,8,0,7,0,/home/flaskappuser/Desktop/NewDisk_2T/aitutor/database/preflight/qb-extract/docx-cache/gaokao/math/2016/2016年高考数学试卷（文）（北京）（解析卷）.docx
english,2023,shanghai,independent,1,0,7,0,/home/flaskappuser/Desktop/NewDisk_2T/aitutor/database/incoming/gaokao/english/2023/2023年高考英语试卷（上海）（春考）（解析卷）.docx
math,2017,national,national_i,12,0,7,0,/home/flaskappuser/Desktop/NewDisk_2T/aitutor/database/preflight/qb-extract/docx-cache/gaokao/math/2017/2017年高考数学试卷（文）（新课标Ⅰ）（解析卷）.docx
english,2012,shanghai,independent,26,0,7,0,/home/flaskappuser/Desktop/NewDisk_2T/aitutor/database/preflight/qb-extract/docx-cache/gaokao/english/2012/2012年高考英语试卷（上海）（秋考）（解析卷）.docx
history,2017,shanghai,independent,0,0,7,0,/home/flaskappuser/Desktop/NewDisk_2T/aitutor/database/preflight/qb-extract/docx-cache/gaokao/history/2017/2017年高考历史试卷（上海）（答案）.docx
math,2011,shanghai,independent,0,0,7,0,/home/flaskappuser/Desktop/NewDisk_2T/aitutor/database/preflight/qb-extract/docx-cache/gaokao/math/2011/2011年高考数学试卷（文）（上海）（解析卷）.docx
math,2017,national,national_ii,12,0,7,0,/home/flaskappuser/Desktop/NewDisk_2T/aitutor/database/preflight/qb-extract/docx-cache/gaokao/math/2017/2017年高考数学试卷（文）（新课标Ⅱ）（解析卷）.docx
math,2018,national,national_iii,12,0,7,0,/home/flaskappuser/Desktop/NewDisk_2T/aitutor/database/preflight/qb-extract/docx-cache/gaokao/math/2018/2018年高考数学试卷（文）（新课标Ⅲ）（解析卷）.docx
math,2018,national,national_ii,12,0,7,0,/home/flaskappuser/Desktop/NewDisk_2T/aitutor/database/preflight/qb-extract/docx-cache/gaokao/math/2018/2018年高考数学试卷（文）（新课标Ⅱ）（解析卷）.docx
biology,2023,national,national_b,12,0,6,0,/home/flaskappuser/Desktop/NewDisk_2T/aitutor/database/incoming/gaokao/biology/2023/2023年高考生物试卷（全国乙卷）（解析卷）.docx
math,2015,beijing,independent,8,0,6,0,/home/flaskappuser/Desktop/NewDisk_2T/aitutor/database/preflight/qb-extract/docx-cache/gaokao/math/2015/2015年高考数学试卷（文）（北京）（解析卷）.docx
math,2011,liaoning,independent,11,0,6,0,/home/flaskappuser/Desktop/NewDisk_2T/aitutor/database/preflight/qb-extract/docx-cache/gaokao/math/2011/2011年高考数学试卷（理）（辽宁）（解析卷）.docx
chemistry,2008,shandong,independent,7,0,6,0,/home/flaskappuser/Desktop/NewDisk_2T/aitutor/database/preflight/qb-extract/docx-cache/gaokao/chemistry/2008/2008年高考化学试卷（山东）（解析卷）.docx
math,2018,beijing,independent,8,0,6,0,/home/flaskappuser/Desktop/NewDisk_2T/aitutor/database/preflight/qb-extract/docx-cache/gaokao/math/2018/2018年高考数学试卷（文）（北京）（解析卷）.docx
politics,2015,guangdong,independent,12,0,6,0,/home/flaskappuser/Desktop/NewDisk_2T/aitutor/database/preflight/qb-extract/docx-cache/gaokao/politics/2015/2015年高考政治试卷（广东）（解析卷）.docx
math,2016,tianjin,independent,14,0,6,0,/home/flaskappuser/Desktop/NewDisk_2T/aitutor/database/preflight/qb-extract/docx-cache/gaokao/math/2016/2016年高考数学试卷（文）（天津）（解析卷）.docx
math,2011,zhejiang,independent,10,0,6,0,/home/flaskappuser/Desktop/NewDisk_2T/aitutor/database/preflight/qb-extract/docx-cache/gaokao/math/2011/2011年高考数学试卷（文）（浙江）（解析卷）.docx
math,2012,tianjin,independent,14,0,6,0,/home/flaskappuser/Desktop/NewDisk_2T/aitutor/database/preflight/qb-extract/docx-cache/gaokao/math/2012/2012年高考数学试卷（文）（天津）（解析卷）.docx
physics,2011,shanghai,independent,4,0,6,0,/home/flaskappuser/Desktop/NewDisk_2T/aitutor/database/preflight/qb-extract/docx-cache/gaokao/physics/2011/2011年高考物理试卷（上海）（解析卷）.docx
math,2012,beijing,independent,8,0,6,0,/home/flaskappuser/Desktop/NewDisk_2T/aitutor/database/preflight/qb-extract/docx-cache/gaokao/math/2012/2012年高考数学试卷（文）（北京）（解析卷）.docx
math,2009,beijing,independent,7,0,6,0,/home/flaskappuser/Desktop/NewDisk_2T/aitutor/database/preflight/qb-extract/docx-cache/gaokao/math/2009/2009年高考数学试卷（文）（北京）（解析卷）.docx
math,2017,beijing,independent,8,0,6,0,/home/flaskappuser/Desktop/NewDisk_2T/aitutor/database/preflight/qb-extract/docx-cache/gaokao/math/2017/2017年高考数学试卷（文）（北京）（解析卷）.docx
politics,2022,jiangsu,independent,15,0,6,0,/home/flaskappuser/Desktop/NewDisk_2T/aitutor/database/incoming/gaokao/politics/2022/2022年高考政治试卷（江苏）（解析卷）.docx
math,2019,beijing,independent,8,0,6,0,/home/flaskappuser/Desktop/NewDisk_2T/aitutor/database/preflight/qb-extract/docx-cache/gaokao/math/2019/2019年高考数学试卷（文）（北京）（解析卷）.docx
politics,2021,hainan,independent,21,0,6,0,/home/flaskappuser/Desktop/NewDisk_2T/aitutor/database/incoming/gaokao/politics/2021/2021年高考政治试卷（海南）（解析卷）.docx
physics,2008,guangdong,independent,0,0,6,0,/home/flaskappuser/Desktop/NewDisk_2T/aitutor/database/incoming/gaokao/physics/2008/2008年高考物理试卷（广东）（解析卷）.docx
math,2014,beijing,independent,8,0,6,0,/home/flaskappuser/Desktop/NewDisk_2T/aitutor/database/preflight/qb-extract/docx-cache/gaokao/math/2014/2014年高考数学试卷（文）（北京）（解析卷）.docx
geography,2010,shandong,independent,8,0,6,0,/home/flaskappuser/Desktop/NewDisk_2T/aitutor/database/preflight/qb-extract/docx-cache/gaokao/geography/2010/2010年高考地理试卷（山东）（解析卷）.docx
geography,2009,shandong,independent,8,0,6,0,/home/flaskappuser/Desktop/NewDisk_2T/aitutor/database/preflight/qb-extract/docx-cache/gaokao/geography/2009/2009年高考地理试卷（山东）（解析卷）.docx
math,2010,zhejiang,independent,10,0,6,0,/home/flaskappuser/Desktop/NewDisk_2T/aitutor/database/incoming/gaokao/math/2010/2010年高考数学试卷（文）（浙江）（解析卷）.docx
chinese,2021,national,new_gaokao_i,13,0,6,0,/home/flaskappuser/Desktop/NewDisk_2T/aitutor/database/preflight/qb-extract/docx-cache/gaokao/chinese/2021/2021年高考语文试卷（新高考Ⅰ卷）（解析卷）.docx
politics,2010,hainan,independent,22,0,6,0,/home/flaskappuser/Desktop/NewDisk_2T/aitutor/database/incoming/gaokao/politics/2010/2010年高考政治试卷（海南）（解析卷）.docx
math,2013,beijing,independent,8,0,6,0,/home/flaskappuser/Desktop/NewDisk_2T/aitutor/database/preflight/qb-extract/docx-cache/gaokao/math/2013/2013年高考数学试卷（文）（北京）（解析卷）.docx
math,2014,zhejiang,independent,15,0,5,0,/home/flaskappuser/Desktop/NewDisk_2T/aitutor/database/preflight/qb-extract/docx-cache/gaokao/math/2014/2014年高考数学试卷（文）（浙江）（解析卷）.docx
geography,2009,hainan,independent,18,0,5,0,/home/flaskappuser/Desktop/NewDisk_2T/aitutor/database/preflight/qb-extract/docx-cache/gaokao/geography/2009/2009年高考地理试卷（海南）（解析卷）.docx
english,2021,beijing,independent,14,0,5,0,/home/flaskappuser/Desktop/NewDisk_2T/aitutor/database/preflight/qb-extract/docx-cache/gaokao/english/2021/2021年高考英语试卷（北京）（机考 无听力）（解析卷）.docx
english,2020,shandong,new_gaokao_i,17,0,5,1,/home/flaskappuser/Desktop/NewDisk_2T/aitutor/database/preflight/qb-extract/docx-cache/gaokao/english/2020/2020年高考英语试卷（新高考Ⅰ卷）（山东）（解析卷） .docx
english,2019,shanghai,independent,9,0,5,0,/home/flaskappuser/Desktop/NewDisk_2T/aitutor/database/preflight/qb-extract/docx-cache/gaokao/english/2019/2019年高考英语试卷（上海）（春考）（解析卷）.docx
english,2015,tianjin,independent,35,0,5,0,/home/flaskappuser/Desktop/NewDisk_2T/aitutor/database/preflight/qb-extract/docx-cache/gaokao/english/2015/2015年高考英语试卷（天津）（解析卷）.docx
english,2013,beijing,independent,30,0,5,0,/home/flaskappuser/Desktop/NewDisk_2T/aitutor/database/preflight/qb-extract/docx-cache/gaokao/english/2013/2013年高考英语试卷（北京）（解析卷）.docx
english,2011,guangdong,independent,20,0,5,0,/home/flaskappuser/Desktop/NewDisk_2T/aitutor/database/preflight/qb-extract/docx-cache/gaokao/english/2011/2011年高考英语试卷（广东）（解析卷）.docx
english,2010,shanghai,independent,0,0,5,0,/home/flaskappuser/Desktop/NewDisk_2T/aitutor/database/preflight/qb-extract/docx-cache/gaokao/english/2010/2010年高考英语试卷（上海）（秋考）（解析卷）.docx
english,2009,guangdong,independent,16,0,5,0,/home/flaskappuser/Desktop/NewDisk_2T/aitutor/database/preflight/qb-extract/docx-cache/gaokao/english/2009/2009年高考英语试卷（广东）（解析卷）.docx
math,2012,jiangxi,independent,0,0,5,0,/home/flaskappuser/Desktop/NewDisk_2T/aitutor/database/preflight/qb-extract/docx-cache/gaokao/math/2012/2012年高考数学试卷（文）（江西）（解析卷）.docx
math,2012,zhejiang,independent,10,0,5,0,/home/flaskappuser/Desktop/NewDisk_2T/aitutor/database/preflight/qb-extract/docx-cache/gaokao/math/2012/2012年高考数学试卷（文）（浙江）（解析卷）.docx
math,2013,zhejiang,independent,10,0,5,0,/home/flaskappuser/Desktop/NewDisk_2T/aitutor/database/preflight/qb-extract/docx-cache/gaokao/math/2013/2013年高考数学试卷（文）（浙江）（解析卷）.docx
chinese,2019,zhejiang,independent,2,0,5,0,/home/flaskappuser/Desktop/NewDisk_2T/aitutor/database/preflight/qb-extract/docx-cache/gaokao/chinese/2019/2019年高考语文试卷（浙江）（解析卷）.docx
math,2015,zhejiang,independent,8,0,5,0,/home/flaskappuser/Desktop/NewDisk_2T/aitutor/database/preflight/qb-extract/docx-cache/gaokao/math/2015/2015年高考数学试卷（文）（浙江）（解析卷）.docx
math,2016,zhejiang,independent,8,0,5,0,/home/flaskappuser/Desktop/NewDisk_2T/aitutor/database/preflight/qb-extract/docx-cache/gaokao/math/2016/2016年高考数学试卷（文）（浙江）（解析卷）.docx
math,2017,zhejiang,independent,8,0,5,0,/home/flaskappuser/Desktop/NewDisk_2T/aitutor/database/preflight/qb-extract/docx-cache/gaokao/math/2017/2017年高考数学试卷（理）（浙江）（解析卷）.docx
math,2018,zhejiang,independent,10,0,5,0,/home/flaskappuser/Desktop/NewDisk_2T/aitutor/database/incoming/gaokao/math/2018/2018年高考数学试卷（浙江）（解析卷）.docx
math,2020,zhejiang,independent,10,0,5,0,/home/flaskappuser/Desktop/NewDisk_2T/aitutor/database/preflight/qb-extract/docx-cache/gaokao/math/2020/2020年高考数学试卷（浙江）（解析卷）.docx
math,2023,shanghai,independent,0,0,5,0,/home/flaskappuser/Desktop/NewDisk_2T/aitutor/database/incoming/gaokao/math/2023/2023年高考数学试卷（上海）（春考）（解析卷）.docx
politics,2012,shanghai,independent,0,0,5,0,/home/flaskappuser/Desktop/NewDisk_2T/aitutor/database/preflight/qb-extract/docx-cache/gaokao/politics/2012/2012年高考政治试卷（上海）（答案）.docx
politics,2012,hainan,independent,0,0,5,0,/home/flaskappuser/Desktop/NewDisk_2T/aitutor/database/preflight/qb-extract/docx-cache/gaokao/politics/2012/2012年高考政治试卷（海南）（解析卷）.docx
politics,2012,fujian,independent,5,0,5,0,/home/flaskappuser/Desktop/NewDisk_2T/aitutor/database/preflight/qb-extract/docx-cache/gaokao/politics/2012/2012年高考政治试卷（福建）（解析卷）.docx
biology,2018,hainan,independent,29,0,5,0,/home/flaskappuser/Desktop/NewDisk_2T/aitutor/database/incoming/gaokao/biology/2018/2018年高考生物试卷（海南）（解析卷）.docx
biology,2016,zhejiang,independent,0,0,5,0,/home/flaskappuser/Desktop/NewDisk_2T/aitutor/database/incoming/gaokao/biology/2016/2016年高考生物试卷（浙江）【10月】（答案）.docx
politics,2015,shanghai,independent,30,0,5,0,/home/flaskappuser/Desktop/NewDisk_2T/aitutor/database/preflight/qb-extract/docx-cache/gaokao/politics/2015/2015年高考政治试卷（上海）（解析）.docx
politics,2016,jiangsu,independent,33,0,5,0,/home/flaskappuser/Desktop/NewDisk_2T/aitutor/database/preflight/qb-extract/docx-cache/gaokao/politics/2016/2016年高考政治试卷（江苏）（解析卷）.docx
politics,2021,tianjin,independent,15,0,5,0,/home/flaskappuser/Desktop/NewDisk_2T/aitutor/database/preflight/qb-extract/docx-cache/gaokao/politics/2021/2021年高考政治试卷（天津）（解析卷）.docx
politics,2023,jiangsu,independent,14,0,5,0,/home/flaskappuser/Desktop/NewDisk_2T/aitutor/database/incoming/gaokao/politics/2023/2023年高考政治试卷（江苏）（解析卷）.docx
physics,2021,chongqing,independent,9,0,4,0,/home/flaskappuser/Desktop/NewDisk_2T/aitutor/database/preflight/qb-extract/docx-cache/gaokao/physics/2021/2021年高考物理试卷（重庆）（解析卷）.docx
english,2017,beijing,independent,31,0,4,0,/home/flaskappuser/Desktop/NewDisk_2T/aitutor/database/preflight/qb-extract/docx-cache/gaokao/english/2017/2017年高考英语试卷（北京）（解析卷）.docx
physics,2012,beijing,independent,9,0,4,0,/home/flaskappuser/Desktop/NewDisk_2T/aitutor/database/preflight/qb-extract/docx-cache/gaokao/physics/2012/2012年高考物理试卷（北京）（解析卷）.docx
biology,2024,guangdong,independent,21,0,4,0,/home/flaskappuser/Desktop/NewDisk_2T/aitutor/database/incoming/gaokao/biology/2024/2024年高考生物试卷（广东）（解析卷）.docx
history,2016,zhejiang,independent,30,0,4,0,/home/flaskappuser/Desktop/NewDisk_2T/aitutor/database/preflight/qb-extract/docx-cache/gaokao/history/2016/2016年高考历史试卷（浙江）（10月）（解析卷）.docx
physics,2012,shandong,independent,2,0,4,0,/home/flaskappuser/Desktop/NewDisk_2T/aitutor/database/preflight/qb-extract/docx-cache/gaokao/physics/2012/2012年高考物理试卷（山东）（解析卷）.docx
biology,2022,zhejiang,independent,30,0,4,0,/home/flaskappuser/Desktop/NewDisk_2T/aitutor/database/incoming/gaokao/biology/2022/2022年高考生物试卷（浙江）【6月】（解析卷）.docx
politics,2008,hainan,independent,22,0,4,0,/home/flaskappuser/Desktop/NewDisk_2T/aitutor/database/preflight/qb-extract/docx-cache/gaokao/politics/2008/2008年高考政治试卷（海南）（解析卷）.docx
history,2018,zhejiang,independent,30,0,4,0,/home/flaskappuser/Desktop/NewDisk_2T/aitutor/database/incoming/gaokao/history/2018/2018年高考历史试卷（浙江）（11月）（解析卷）.docx
politics,2011,guangdong,independent,7,0,4,0,/home/flaskappuser/Desktop/NewDisk_2T/aitutor/database/incoming/gaokao/politics/2011/2011年高考政治试卷（广东）（解析卷）.docx
history,2022,liaoning,independent,0,0,4,0,/home/flaskappuser/Desktop/NewDisk_2T/aitutor/database/incoming/gaokao/history/2022/2022年高考历史试卷（辽宁）（解析卷）.docx
politics,2021,shandong,independent,15,0,4,0,/home/flaskappuser/Desktop/NewDisk_2T/aitutor/database/preflight/qb-extract/docx-cache/gaokao/politics/2021/2021年高考政治试卷（山东）（解析卷）.docx
politics,2020,jiangsu,independent,33,0,4,0,/home/flaskappuser/Desktop/NewDisk_2T/aitutor/database/preflight/qb-extract/docx-cache/gaokao/politics/2020/2020年高考政治试卷（江苏）（解析卷）.docx
chinese,2016,jiangsu,independent,6,0,4,0,/home/flaskappuser/Desktop/NewDisk_2T/aitutor/database/preflight/qb-extract/docx-cache/gaokao/chinese/2016/2016年高考语文试卷（江苏）（解析卷）   .docx
geography,2010,zhejiang,independent,9,0,4,0,/home/flaskappuser/Desktop/NewDisk_2T/aitutor/database/preflight/qb-extract/docx-cache/gaokao/geography/2010/2010年高考地理试卷（浙江）（解析卷）.docx
chemistry,2020,beijing,independent,18,0,4,0,/home/flaskappuser/Desktop/NewDisk_2T/aitutor/database/preflight/qb-extract/docx-cache/gaokao/chemistry/2020/2020年高考化学试卷（北京）（解析卷）.docx
chinese,2021,national,new_gaokao_ii,13,0,4,0,/home/flaskappuser/Desktop/NewDisk_2T/aitutor/database/preflight/qb-extract/docx-cache/gaokao/chinese/2021/2021年高考语文试卷（新高考Ⅱ卷）（解析卷）.docx
chemistry,2025,national,independent,19,0,4,0,/home/flaskappuser/Desktop/NewDisk_2T/aitutor/database/incoming/gaokao/chemistry/2025/2025年高考化学试卷（黑吉辽蒙卷）（解析卷）.docx
politics,2023,hebei,independent,16,0,4,0,/home/flaskappuser/Desktop/NewDisk_2T/aitutor/database/incoming/gaokao/politics/2023/2023年高考政治试卷（河北）（解析卷）.docx
english,2022,beijing,independent,14,0,4,0,/home/flaskappuser/Desktop/NewDisk_2T/aitutor/database/incoming/gaokao/english/2022/2022年高考英语试卷（北京）（机考 无听力）（解析卷）.docx
physics,2015,anhui,independent,5,0,4,0,/home/flaskappuser/Desktop/NewDisk_2T/aitutor/database/preflight/qb-extract/docx-cache/gaokao/physics/2015/2015年高考物理试卷（安徽）（解析卷）.docx
chinese,2014,tianjin,independent,8,0,4,0,/home/flaskappuser/Desktop/NewDisk_2T/aitutor/database/preflight/qb-extract/docx-cache/gaokao/chinese/2014/2014年高考语文试卷（天津）（解析卷）.docx
english,2021,national,new_gaokao_ii,35,0,4,20,/home/flaskappuser/Desktop/NewDisk_2T/aitutor/database/preflight/qb-extract/docx-cache/gaokao/english/2021/2021年高考英语试卷（新高考Ⅱ卷）（解析卷）.docx
history,2013,shanghai,independent,0,0,4,0,/home/flaskappuser/Desktop/NewDisk_2T/aitutor/database/preflight/qb-extract/docx-cache/gaokao/history/2013/2013年高考历史试卷（上海）（答案）.docx
physics,2016,beijing,independent,9,0,4,0,/home/flaskappuser/Desktop/NewDisk_2T/aitutor/database/preflight/qb-extract/docx-cache/gaokao/physics/2016/2016年高考物理试卷（北京）（解析卷）.docx
biology,2018,shanghai,independent,0,0,4,0,/home/flaskappuser/Desktop/NewDisk_2T/aitutor/database/preflight/qb-extract/docx-cache/gaokao/biology/2018/2018年高考生物试卷（上海）（答案卷）.docx
math,2012,shanghai,independent,4,0,4,0,/home/flaskappuser/Desktop/NewDisk_2T/aitutor/database/preflight/qb-extract/docx-cache/gaokao/math/2012/2012年高考数学试卷（文）（上海）（解析卷）.docx
english,2009,tianjin,independent,56,0,4,0,/home/flaskappuser/Desktop/NewDisk_2T/aitutor/database/preflight/qb-extract/docx-cache/gaokao/english/2009/2009年高考英语试卷（天津）（解析卷）.docx
physics,2009,hainan,independent,7,0,4,0,/home/flaskappuser/Desktop/NewDisk_2T/aitutor/database/preflight/qb-extract/docx-cache/gaokao/physics/2009/2009年高考物理试卷（海南）（解析卷）.docx
politics,2021,hunan,independent,16,0,4,0,/home/flaskappuser/Desktop/NewDisk_2T/aitutor/database/preflight/qb-extract/docx-cache/gaokao/politics/2021/2021年高考政治试卷（湖南）（解析卷）.docx
politics,2025,national,independent,16,0,3,0,/home/flaskappuser/Desktop/NewDisk_2T/aitutor/database/incoming/gaokao/politics/2025/2025年高考政治试卷（黑吉辽蒙卷）（解析卷）.docx
physics,2017,beijing,independent,9,0,3,0,/home/flaskappuser/Desktop/NewDisk_2T/aitutor/database/preflight/qb-extract/docx-cache/gaokao/physics/2017/2017年高考物理试卷（北京）（解析卷）.docx
chinese,2017,national,national_iii,8,0,3,0,/home/flaskappuser/Desktop/NewDisk_2T/aitutor/database/preflight/qb-extract/docx-cache/gaokao/chinese/2017/2017年高考语文试卷（新课标Ⅲ卷）（解析卷）.docx
politics,2021,guangdong,independent,16,0,3,0,/home/flaskappuser/Desktop/NewDisk_2T/aitutor/database/preflight/qb-extract/docx-cache/gaokao/politics/2021/2021年高考政治试卷（广东）（解析卷）.docx
chemistry,2019,zhejiang,independent,16,0,3,0,/home/flaskappuser/Desktop/NewDisk_2T/aitutor/database/incoming/gaokao/chemistry/2019/2019年高考化学试卷（浙江）【1月】（解析卷）.docx
chemistry,2019,national,national_iii,8,0,3,0,/home/flaskappuser/Desktop/NewDisk_2T/aitutor/database/preflight/qb-extract/docx-cache/gaokao/chemistry/2019/2019年高考化学试卷（新课标Ⅲ）（解析卷）.docx
chemistry,2023,fujian,independent,9,0,3,0,/home/flaskappuser/Desktop/NewDisk_2T/aitutor/database/incoming/gaokao/chemistry/2023/2023年高考化学试卷（福建）（解析卷）.docx
biology,2012,zhejiang,independent,8,0,3,0,/home/flaskappuser/Desktop/NewDisk_2T/aitutor/database/incoming/gaokao/biology/2012/2012年高考生物试卷（浙江）（解析卷）.docx
biology,2013,guangdong,independent,1,0,3,0,/home/flaskappuser/Desktop/NewDisk_2T/aitutor/database/preflight/qb-extract/docx-cache/gaokao/biology/2013/2013年高考生物试卷（广东）（解析卷）.docx
politics,2013,shanghai,independent,0,0,3,0,/home/flaskappuser/Desktop/NewDisk_2T/aitutor/database/preflight/qb-extract/docx-cache/gaokao/politics/2013/2013年高考政治试卷（上海）（答案）.docx
math,2010,shandong,independent,1,0,3,0,/home/flaskappuser/Desktop/NewDisk_2T/aitutor/database/preflight/qb-extract/docx-cache/gaokao/math/2010/2010年高考数学试卷（文）（山东）（解析卷）.docx
history,2010,beijing,independent,11,0,3,0,/home/flaskappuser/Desktop/NewDisk_2T/aitutor/database/preflight/qb-extract/docx-cache/gaokao/history/2010/2010年高考历史试卷（北京）（解析卷）.docx
history,2010,shandong,independent,3,0,3,0,/home/flaskappuser/Desktop/NewDisk_2T/aitutor/database/preflight/qb-extract/docx-cache/gaokao/history/2010/2010年高考历史试卷（山东）（解析卷）.docx
history,2010,guangdong,independent,3,0,3,0,/home/flaskappuser/Desktop/NewDisk_2T/aitutor/database/preflight/qb-extract/docx-cache/gaokao/history/2010/2010年高考历史试卷（广东）（解析卷）.docx
politics,2023,fujian,independent,15,0,3,0,/home/flaskappuser/Desktop/NewDisk_2T/aitutor/database/incoming/gaokao/politics/2023/2023年高考政治试卷（福建）（解析卷）.docx
politics,2016,tianjin,independent,11,0,3,0,/home/flaskappuser/Desktop/NewDisk_2T/aitutor/database/preflight/qb-extract/docx-cache/gaokao/politics/2016/2016年高考政治试卷（天津）（解析卷）.docx
politics,2016,shanghai,independent,20,0,3,0,/home/flaskappuser/Desktop/NewDisk_2T/aitutor/database/preflight/qb-extract/docx-cache/gaokao/politics/2016/2016年高考政治试卷（上海）（解析）.docx
history,2011,shandong,independent,1,0,3,0,/home/flaskappuser/Desktop/NewDisk_2T/aitutor/database/incoming/gaokao/history/2011/2011年高考历史试卷（山东）（解析卷）.docx
english,2022,zhejiang,independent,31,0,3,20,/home/flaskappuser/Desktop/NewDisk_2T/aitutor/database/incoming/gaokao/english/2022/2022年高考英语试卷（浙江）（1月）（解析卷）.docx
english,2022,national,new_gaokao_ii,37,0,3,20,/home/flaskappuser/Desktop/NewDisk_2T/aitutor/database/incoming/gaokao/english/2022/2022年高考英语试卷（新高考Ⅱ卷）（解析卷）.docx
history,2015,shandong,independent,11,0,3,0,/home/flaskappuser/Desktop/NewDisk_2T/aitutor/database/preflight/qb-extract/docx-cache/gaokao/history/2015/2015年高考历史试卷（山东）（解析卷）.docx
physics,2018,beijing,independent,9,0,3,0,/home/flaskappuser/Desktop/NewDisk_2T/aitutor/database/preflight/qb-extract/docx-cache/gaokao/physics/2018/2018年高考物理试卷（北京）（解析卷）.docx
english,2008,guangdong,independent,15,0,3,0,/home/flaskappuser/Desktop/NewDisk_2T/aitutor/database/preflight/qb-extract/docx-cache/gaokao/english/2008/2008年高考英语试卷（广东）（解析卷）.docx
math,2012,anhui,independent,0,0,3,0,/home/flaskappuser/Desktop/NewDisk_2T/aitutor/database/preflight/qb-extract/docx-cache/gaokao/math/2012/2012年高考数学试卷（文）（安徽）（解析卷）.docx
english,2018,beijing,independent,30,0,3,0,/home/flaskappuser/Desktop/NewDisk_2T/aitutor/database/preflight/qb-extract/docx-cache/gaokao/english/2018/2018年高考英语试卷（北京）（机考 无听力）（解析卷）.docx
physics,2008,tianjin,independent,8,0,3,0,/home/flaskappuser/Desktop/NewDisk_2T/aitutor/database/preflight/qb-extract/docx-cache/gaokao/physics/2008/2008年高考物理真题（天津）（解析卷）.docx
history,2025,national,independent,16,0,3,0,/home/flaskappuser/Desktop/NewDisk_2T/aitutor/database/incoming/gaokao/history/2025/2025年高考历史试卷（黑吉辽蒙卷）（解析卷）.docx
chinese,2015,tianjin,independent,8,0,3,0,/home/flaskappuser/Desktop/NewDisk_2T/aitutor/database/preflight/qb-extract/docx-cache/gaokao/chinese/2015/2015年高考语文试卷（天津）（解析卷）.docx
physics,2009,sichuan,independent,7,0,3,0,/home/flaskappuser/Desktop/NewDisk_2T/aitutor/database/preflight/qb-extract/docx-cache/gaokao/physics/2009/2009年高考物理真题（四川）（解析卷）.docx
history,2024,liaoning,independent,11,0,3,0,/home/flaskappuser/Desktop/NewDisk_2T/aitutor/database/incoming/gaokao/history/2024/2024年高考历史试卷（辽宁）（解析卷）.docx
history,2015,jiangsu,independent,19,0,3,0,/home/flaskappuser/Desktop/NewDisk_2T/aitutor/database/preflight/qb-extract/docx-cache/gaokao/history/2015/2015年高考历史试卷（江苏）（解析卷卷）   .docx
politics,2012,tianjin,independent,11,0,3,0,/home/flaskappuser/Desktop/NewDisk_2T/aitutor/database/preflight/qb-extract/docx-cache/gaokao/politics/2012/2012年高考政治试卷（天津）（解析卷）.docx
geography,2023,fujian,independent,14,0,3,0,/home/flaskappuser/Desktop/NewDisk_2T/aitutor/database/incoming/gaokao/geography/2023/2023年高考地理试卷（福建）（解析卷）.docx
politics,2010,tianjin,independent,11,0,3,0,/home/flaskappuser/Desktop/NewDisk_2T/aitutor/database/preflight/qb-extract/docx-cache/gaokao/politics/2010/2010年高考政治试卷（天津）（解析卷）.docx
history,2024,shandong,independent,15,0,3,0,/home/flaskappuser/Desktop/NewDisk_2T/aitutor/database/incoming/gaokao/history/2024/2024年高考历史试卷（山东）（解析卷）.docx
politics,2010,sichuan,independent,11,0,3,0,/home/flaskappuser/Desktop/NewDisk_2T/aitutor/database/preflight/qb-extract/docx-cache/gaokao/politics/2010/2010年高考政治试卷（四川）（解析卷）.docx
english,2009,shanghai,independent,31,0,3,0,/home/flaskappuser/Desktop/NewDisk_2T/aitutor/database/preflight/qb-extract/docx-cache/gaokao/english/2009/2009年高考英语试卷（上海）（秋考）（解析卷）.docx
biology,2010,shandong,independent,8,0,3,0,/home/flaskappuser/Desktop/NewDisk_2T/aitutor/database/preflight/qb-extract/docx-cache/gaokao/biology/2010/2010年高考生物政治（山东）（解析卷）.docx
english,2015,beijing,independent,29,0,3,0,/home/flaskappuser/Desktop/NewDisk_2T/aitutor/database/preflight/qb-extract/docx-cache/gaokao/english/2015/2015年高考英语试卷（北京）（解析卷）.docx
physics,2025,national,independent,11,0,3,0,/home/flaskappuser/Desktop/NewDisk_2T/aitutor/database/incoming/gaokao/physics/2025/2025年高考物理试卷（黑吉辽蒙卷）（解析卷）.docx
biology,2023,guangdong,independent,20,0,3,0,/home/flaskappuser/Desktop/NewDisk_2T/aitutor/database/incoming/gaokao/biology/2023/2023年高考生物试卷（广东）（解析卷）.docx
history,2023,jiangsu,independent,13,0,3,0,/home/flaskappuser/Desktop/NewDisk_2T/aitutor/database/incoming/gaokao/history/2023/2023年高考历史试卷（江苏）（解析卷）.docx
english,2020,jiangsu,independent,51,0,3,19,/home/flaskappuser/Desktop/NewDisk_2T/aitutor/database/preflight/qb-extract/docx-cache/gaokao/english/2020/2020年高考英语试卷（江苏）（解析卷）   .docx
biology,2008,shandong,independent,8,0,3,0,/home/flaskappuser/Desktop/NewDisk_2T/aitutor/database/preflight/qb-extract/docx-cache/gaokao/biology/2008/2008年高考生物政治（山东）（解析卷）.docx
english,2016,beijing,independent,29,0,3,0,/home/flaskappuser/Desktop/NewDisk_2T/aitutor/database/preflight/qb-extract/docx-cache/gaokao/english/2016/2016年高考英语试卷（北京）（解析卷）.docx
chinese,2013,beijing,independent,9,0,3,0,/home/flaskappuser/Desktop/NewDisk_2T/aitutor/database/preflight/qb-extract/docx-cache/gaokao/chinese/2013/2013年高考语文试卷（北京）（解析卷）.docx
politics,2013,beijing,independent,9,0,3,0,/home/flaskappuser/Desktop/NewDisk_2T/aitutor/database/preflight/qb-extract/docx-cache/gaokao/politics/2013/2013年高考政治试卷（北京）（解析卷）.docx
biology,2010,beijing,independent,12,0,3,0,/home/flaskappuser/Desktop/NewDisk_2T/aitutor/database/preflight/qb-extract/docx-cache/gaokao/biology/2010/2010年高考生物试卷（北京）（解析卷）.docx
english,2013,tianjin,independent,34,0,3,0,/home/flaskappuser/Desktop/NewDisk_2T/aitutor/database/preflight/qb-extract/docx-cache/gaokao/english/2013/2013年高考英语试卷（天津）（解析卷）.docx
chemistry,2024,liaoning,independent,19,0,3,0,/home/flaskappuser/Desktop/NewDisk_2T/aitutor/database/incoming/gaokao/chemistry/2024/2024年高考化学试卷（辽宁）（解析卷）.docx
biology,2012,beijing,independent,6,0,3,0,/home/flaskappuser/Desktop/NewDisk_2T/aitutor/database/preflight/qb-extract/docx-cache/gaokao/biology/2012/2012年高考生物试卷（北京）（解析卷）.docx
physics,2013,beijing,independent,9,0,3,0,/home/flaskappuser/Desktop/NewDisk_2T/aitutor/database/preflight/qb-extract/docx-cache/gaokao/physics/2013/2013年高考物理试卷（北京）（解析卷）.docx
english,2010,zhejiang,independent,73,0,2,0,/home/flaskappuser/Desktop/NewDisk_2T/aitutor/database/preflight/qb-extract/docx-cache/gaokao/english/2010/2010年高考英语试卷（浙江）（解析卷）.docx
math,2024,tianjin,independent,15,0,2,0,/home/flaskappuser/Desktop/NewDisk_2T/aitutor/database/incoming/gaokao/math/2024/2024年高考数学试卷（天津）（解析卷）.docx
chinese,2014,beijing,independent,8,0,2,0,/home/flaskappuser/Desktop/NewDisk_2T/aitutor/database/preflight/qb-extract/docx-cache/gaokao/chinese/2014/2014年高考语文试卷（北京）（解析卷）.docx
chinese,2014,jiangsu,independent,6,0,2,0,/home/flaskappuser/Desktop/NewDisk_2T/aitutor/database/preflight/qb-extract/docx-cache/gaokao/chinese/2014/2014年高考语文试卷（江苏）（解析卷）   .docx
chemistry,2021,tianjin,independent,16,0,2,0,/home/flaskappuser/Desktop/NewDisk_2T/aitutor/database/preflight/qb-extract/docx-cache/gaokao/chemistry/2021/2021年高考化学试卷（天津）（解析卷）.docx
math,2015,hubei,independent,17,0,2,0,/home/flaskappuser/Desktop/NewDisk_2T/aitutor/database/preflight/qb-extract/docx-cache/gaokao/math/2015/2015年高考数学试卷（文）（湖北）（解析卷）.docx
chemistry,2020,zhejiang,independent,31,0,2,0,/home/flaskappuser/Desktop/NewDisk_2T/aitutor/database/incoming/gaokao/chemistry/2020/2020年高考化学试卷（浙江）【1月】（解析卷）.docx
math,2015,shanghai,independent,4,0,2,0,/home/flaskappuser/Desktop/NewDisk_2T/aitutor/database/preflight/qb-extract/docx-cache/gaokao/math/2015/2015年高考数学试卷（文）（上海）（解析卷）.docx
physics,2013,zhejiang,independent,0,0,2,0,/home/flaskappuser/Desktop/NewDisk_2T/aitutor/database/preflight/qb-extract/docx-cache/gaokao/physics/2013/2013年高考物理试卷（浙江）（解析卷）.docx
chemistry,2018,national,national_ii,7,0,2,0,/home/flaskappuser/Desktop/NewDisk_2T/aitutor/database/preflight/qb-extract/docx-cache/gaokao/chemistry/2018/2018年高考化学试卷（新课标Ⅱ）（解析卷）.docx
chinese,2023,national,national_b,12,0,2,0,/home/flaskappuser/Desktop/NewDisk_2T/aitutor/database/incoming/gaokao/chinese/2023/2023年高考语文试卷（全国乙卷）（解析卷）.docx
chemistry,2015,shandong,independent,12,0,2,0,/home/flaskappuser/Desktop/NewDisk_2T/aitutor/database/preflight/qb-extract/docx-cache/gaokao/chemistry/2015/2015年高考化学试卷（山东）（解析卷）.docx
physics,2015,zhejiang,independent,0,0,2,0,/home/flaskappuser/Desktop/NewDisk_2T/aitutor/database/preflight/qb-extract/docx-cache/gaokao/physics/2015/2015年高考物理试卷（浙江）【10月】（解析卷）.docx
chemistry,2012,sichuan,independent,2,0,2,0,/home/flaskappuser/Desktop/NewDisk_2T/aitutor/database/preflight/qb-extract/docx-cache/gaokao/chemistry/2012/2012年高考化学试卷（四川）（解析卷）.docx
english,2014,beijing,independent,31,0,2,0,/home/flaskappuser/Desktop/NewDisk_2T/aitutor/database/preflight/qb-extract/docx-cache/gaokao/english/2014/2014年高考英语试卷（北京）（解析卷）.docx
chemistry,2009,shanghai,independent,3,0,2,0,/home/flaskappuser/Desktop/NewDisk_2T/aitutor/database/preflight/qb-extract/docx-cache/gaokao/chemistry/2009/2009年高考化学试卷（上海）（解析卷）.docx
english,2014,zhejiang,independent,37,0,2,0,/home/flaskappuser/Desktop/NewDisk_2T/aitutor/database/preflight/qb-extract/docx-cache/gaokao/english/2014/2014年高考英语试卷（浙江）（解析卷）.docx
physics,2019,beijing,independent,9,0,2,0,/home/flaskappuser/Desktop/NewDisk_2T/aitutor/database/preflight/qb-extract/docx-cache/gaokao/physics/2019/2019年高考物理试卷（北京）（解析卷）.docx
english,2018,tianjin,independent,20,0,2,1,/home/flaskappuser/Desktop/NewDisk_2T/aitutor/database/preflight/qb-extract/docx-cache/gaokao/english/2018/2018年高考英语试卷（天津）（解析卷）.docx
physics,2020,shanghai,independent,16,0,2,0,/home/flaskappuser/Desktop/NewDisk_2T/aitutor/database/preflight/qb-extract/docx-cache/gaokao/physics/2020/2020年高考物理试卷（上海）（解析卷）.docx
history,2025,hunan,independent,6,0,2,0,/home/flaskappuser/Desktop/NewDisk_2T/aitutor/database/incoming/gaokao/history/2025/2025年湖南省新高考历史高考真题（解析版）.docx
biology,2023,liaoning,independent,23,0,2,0,/home/flaskappuser/Desktop/NewDisk_2T/aitutor/database/incoming/gaokao/biology/2023/2023年高考生物试卷（辽宁）（解析卷）.docx
english,2019,national,national_iii,35,0,2,19,/home/flaskappuser/Desktop/NewDisk_2T/aitutor/database/preflight/qb-extract/docx-cache/gaokao/english/2019/2019年高考英语试卷（新课标Ⅲ卷）（解析卷）.docx
biology,2023,beijing,independent,21,0,2,0,/home/flaskappuser/Desktop/NewDisk_2T/aitutor/database/incoming/gaokao/biology/2023/2023年高考生物试卷（北京）（解析卷）.docx
politics,2008,zhejiang,independent,11,0,2,0,/home/flaskappuser/Desktop/NewDisk_2T/aitutor/database/preflight/qb-extract/docx-cache/gaokao/politics/2008/2008年高考政治试卷（浙江）（解析卷）.docx
politics,2009,sichuan,independent,12,0,2,0,/home/flaskappuser/Desktop/NewDisk_2T/aitutor/database/preflight/qb-extract/docx-cache/gaokao/politics/2009/2009年高考政治试卷（四川）（解析卷）.docx
biology,2022,shandong,independent,24,0,2,0,/home/flaskappuser/Desktop/NewDisk_2T/aitutor/database/incoming/gaokao/biology/2022/2022年高考生物试卷（山东）（解析卷）.docx
biology,2021,hubei,independent,23,0,2,0,/home/flaskappuser/Desktop/NewDisk_2T/aitutor/database/preflight/qb-extract/docx-cache/gaokao/biology/2021/2021年高考生物试卷（湖北）（解析卷）.docx
politics,2010,guangdong,independent,12,0,2,0,/home/flaskappuser/Desktop/NewDisk_2T/aitutor/database/incoming/gaokao/politics/2010/2010年高考政治试卷（广东）（解析卷）.docx
politics,2010,zhejiang,independent,12,0,2,0,/home/flaskappuser/Desktop/NewDisk_2T/aitutor/database/preflight/qb-extract/docx-cache/gaokao/politics/2010/2010年高考政治试卷（浙江）（解析卷）.docx
politics,2011,sichuan,independent,13,0,2,0,/home/flaskappuser/Desktop/NewDisk_2T/aitutor/database/preflight/qb-extract/docx-cache/gaokao/politics/2011/2011年高考政治试卷（四川）（解析卷）.docx
politics,2011,tianjin,independent,10,0,2,0,/home/flaskappuser/Desktop/NewDisk_2T/aitutor/database/preflight/qb-extract/docx-cache/gaokao/politics/2011/2011年高考政治试卷（天津）（解析卷）.docx
politics,2011,zhejiang,independent,11,0,2,0,/home/flaskappuser/Desktop/NewDisk_2T/aitutor/database/preflight/qb-extract/docx-cache/gaokao/politics/2011/2011年高考政治试卷（浙江）（解析卷）.docx
geography,2020,shanghai,independent,20,0,2,0,/home/flaskappuser/Desktop/NewDisk_2T/aitutor/database/preflight/qb-extract/docx-cache/gaokao/geography/2020/2020年高考地理试题（上海）（解析卷）.docx
biology,2020,zhejiang,independent,30,0,2,0,/home/flaskappuser/Desktop/NewDisk_2T/aitutor/database/preflight/qb-extract/docx-cache/gaokao/biology/2020/2020年高考生物试卷（浙江）【1月】（解析卷）.docx
politics,2013,national,national_i,12,0,2,0,/home/flaskappuser/Desktop/NewDisk_2T/aitutor/database/preflight/qb-extract/docx-cache/gaokao/politics/2013/2013年高考政治试卷（新课标Ⅰ）（解析卷）.docx
politics,2013,national,national_ii,12,0,2,0,/home/flaskappuser/Desktop/NewDisk_2T/aitutor/database/preflight/qb-extract/docx-cache/gaokao/politics/2013/2013年高考政治试卷（新课标Ⅱ）（解析卷）.docx
politics,2013,zhejiang,independent,0,0,2,0,/home/flaskappuser/Desktop/NewDisk_2T/aitutor/database/preflight/qb-extract/docx-cache/gaokao/politics/2013/2013年高考政治试卷（浙江）（解析卷）.docx
politics,2024,guangxi,independent,16,0,2,0,/home/flaskappuser/Desktop/NewDisk_2T/aitutor/database/incoming/gaokao/politics/2024/2024年高考政治试卷（广西）（解析卷）.docx
history,2014,shanghai,independent,0,0,2,0,/home/flaskappuser/Desktop/NewDisk_2T/aitutor/database/preflight/qb-extract/docx-cache/gaokao/history/2014/2014年高考历史试卷（上海）（答案）.docx
history,2013,shandong,independent,8,0,2,0,/home/flaskappuser/Desktop/NewDisk_2T/aitutor/database/preflight/qb-extract/docx-cache/gaokao/history/2013/2013年高考历史试卷（山东）（解析卷）.docx
politics,2024,hebei,independent,16,0,2,0,/home/flaskappuser/Desktop/NewDisk_2T/aitutor/database/incoming/gaokao/politics/2024/2024年高考政治试卷（河北）（解析卷）.docx
geography,2018,national,national_ii,9,0,2,0,/home/flaskappuser/Desktop/NewDisk_2T/aitutor/database/preflight/qb-extract/docx-cache/gaokao/geography/2018/2018年高考地理试卷（新课标Ⅱ）（解析卷）.docx
english,2022,national,new_gaokao_i,38,0,2,22,/home/flaskappuser/Desktop/NewDisk_2T/aitutor/database/incoming/gaokao/english/2022/2022年高考英语试卷（新高考Ⅰ卷）（解析卷）.docx
geography,2008,sichuan,independent,10,0,2,0,/home/flaskappuser/Desktop/NewDisk_2T/aitutor/database/preflight/qb-extract/docx-cache/gaokao/geography/2008/2008年高考地理试卷（四川）（解析卷）.docx
politics,2016,national,national_ii,12,0,2,0,/home/flaskappuser/Desktop/NewDisk_2T/aitutor/database/preflight/qb-extract/docx-cache/gaokao/politics/2016/2016年高考政治试卷（新课标Ⅱ）（解析卷）.docx
politics,2016,national,national_iii,12,0,2,0,/home/flaskappuser/Desktop/NewDisk_2T/aitutor/database/preflight/qb-extract/docx-cache/gaokao/politics/2016/2016年高考政治试卷（新课标Ⅲ）（解析卷）.docx
history,2009,tianjin,independent,5,0,2,0,/home/flaskappuser/Desktop/NewDisk_2T/aitutor/database/preflight/qb-extract/docx-cache/gaokao/history/2009/2009年高考历史试卷（天津）（解析卷）.docx
geography,2010,sichuan,independent,10,0,2,0,/home/flaskappuser/Desktop/NewDisk_2T/aitutor/database/preflight/qb-extract/docx-cache/gaokao/geography/2010/2010年高考地理试卷（四川）（解析卷）.docx
biology,2013,tianjin,independent,6,0,2,0,/home/flaskappuser/Desktop/NewDisk_2T/aitutor/database/preflight/qb-extract/docx-cache/gaokao/biology/2013/2013年高考生物试卷（天津）（解析卷）.docx
biology,2012,shanghai,independent,0,0,2,0,/home/flaskappuser/Desktop/NewDisk_2T/aitutor/database/preflight/qb-extract/docx-cache/gaokao/biology/2012/2012年高考生物试卷（上海）（解析卷）.docx
geography,2012,sichuan,independent,0,0,2,0,/home/flaskappuser/Desktop/NewDisk_2T/aitutor/database/preflight/qb-extract/docx-cache/gaokao/geography/2012/2012年高考地理试卷（四川）（解析卷）.docx
politics,2020,beijing,independent,15,0,2,0,/home/flaskappuser/Desktop/NewDisk_2T/aitutor/database/preflight/qb-extract/docx-cache/gaokao/politics/2020/2020年高考政治试卷（北京）（解析卷）.docx
politics,2020,shandong,independent,15,0,2,0,/home/flaskappuser/Desktop/NewDisk_2T/aitutor/database/preflight/qb-extract/docx-cache/gaokao/politics/2020/2020年高考政治试卷（山东）（解析卷）.docx
biology,2011,shandong,independent,6,0,2,0,/home/flaskappuser/Desktop/NewDisk_2T/aitutor/database/preflight/qb-extract/docx-cache/gaokao/biology/2011/2011年高考生物政治（山东）（解析卷）.docx
politics,2021,hebei,independent,15,0,2,0,/home/flaskappuser/Desktop/NewDisk_2T/aitutor/database/preflight/qb-extract/docx-cache/gaokao/politics/2021/2021年高考政治试卷（河北）（解析卷）.docx
politics,2022,zhejiang,independent,14,0,2,0,/home/flaskappuser/Desktop/NewDisk_2T/aitutor/database/incoming/gaokao/politics/2022/2022年高考政治试卷（浙江）（1月）（解析卷）.docx
geography,2017,zhejiang,independent,27,0,2,0,/home/flaskappuser/Desktop/NewDisk_2T/aitutor/database/incoming/gaokao/geography/2017/2017年高考地理试卷（浙江）（11月）（解析卷）.docx
math,2025,tianjin,independent,15,0,2,0,/home/flaskappuser/Desktop/NewDisk_2T/aitutor/database/incoming/gaokao/math/2025/2025年高考数学试卷（天津）（解析卷）.docx
chemistry,2022,liaoning,independent,17,0,1,0,/home/flaskappuser/Desktop/NewDisk_2T/aitutor/database/incoming/gaokao/chemistry/2022/2022年高考化学试卷（辽宁）（解析卷）.docx
english,2019,national,national_i,35,0,1,19,/home/flaskappuser/Desktop/NewDisk_2T/aitutor/database/preflight/qb-extract/docx-cache/gaokao/english/2019/2019年高考英语试卷（新课标Ⅰ卷）（解析卷）.docx
english,2019,tianjin,independent,19,0,1,0,/home/flaskappuser/Desktop/NewDisk_2T/aitutor/database/preflight/qb-extract/docx-cache/gaokao/english/2019/2019年高考英语试卷（天津）（解析卷）.docx
math,2021,tianjin,independent,15,0,1,0,/home/flaskappuser/Desktop/NewDisk_2T/aitutor/database/preflight/qb-extract/docx-cache/gaokao/math/2021/2021年高考数学试卷（天津）（解析卷）.docx
history,2017,national,national_iii,12,0,1,0,/home/flaskappuser/Desktop/NewDisk_2T/aitutor/database/preflight/qb-extract/docx-cache/gaokao/history/2017/2017年高考历史试卷（新课标Ⅲ）（解析卷）.docx
chinese,2009,hunan,independent,9,0,1,0,/home/flaskappuser/Desktop/NewDisk_2T/aitutor/database/preflight/qb-extract/docx-cache/gaokao/chinese/2009/2009年高考语文试卷（湖南）（解析卷）.docx
history,2017,national,national_i,10,0,1,0,/home/flaskappuser/Desktop/NewDisk_2T/aitutor/database/preflight/qb-extract/docx-cache/gaokao/history/2017/2017年高考历史试卷（新课标Ⅰ）（解析卷）.docx
biology,2024,tianjin,independent,13,0,1,0,/home/flaskappuser/Desktop/NewDisk_2T/aitutor/database/incoming/gaokao/biology/2024/2024年高考生物试卷（天津）（解析卷）.docx
biology,2010,tianjin,independent,5,0,1,0,/home/flaskappuser/Desktop/NewDisk_2T/aitutor/database/preflight/qb-extract/docx-cache/gaokao/biology/2010/2010年高考生物试卷（天津）（解析卷）.docx
chemistry,2020,national,national_ii,9,0,1,0,/home/flaskappuser/Desktop/NewDisk_2T/aitutor/database/preflight/qb-extract/docx-cache/gaokao/chemistry/2020/2020年高考化学试卷（新课标Ⅱ）（解析卷）.docx
math,2008,shaanxi,independent,12,0,1,0,/home/flaskappuser/Desktop/NewDisk_2T/aitutor/database/preflight/qb-extract/docx-cache/gaokao/math/2008/2008年高考数学试卷（文）（陕西）（解析卷）.docx
history,2016,jiangsu,independent,10,0,1,0,/home/flaskappuser/Desktop/NewDisk_2T/aitutor/database/preflight/qb-extract/docx-cache/gaokao/history/2016/2016年高考历史试卷（江苏）（解析卷卷）   .docx
math,2015,anhui,independent,0,0,1,0,/home/flaskappuser/Desktop/NewDisk_2T/aitutor/database/preflight/qb-extract/docx-cache/gaokao/math/2015/2015年高考数学试卷（文）（安徽）（解析卷）.docx
history,2016,shanghai,independent,0,0,1,0,/home/flaskappuser/Desktop/NewDisk_2T/aitutor/database/preflight/qb-extract/docx-cache/gaokao/history/2016/2016年高考历史试卷（上海）（答案）.docx
geography,2017,tianjin,independent,11,0,1,0,/home/flaskappuser/Desktop/NewDisk_2T/aitutor/database/preflight/qb-extract/docx-cache/gaokao/geography/2017/2017年高考地理试卷（天津）（解析卷）.docx
politics,2012,beijing,independent,12,0,1,0,/home/flaskappuser/Desktop/NewDisk_2T/aitutor/database/preflight/qb-extract/docx-cache/gaokao/politics/2012/2012年高考政治试卷（北京）（解析卷）.docx
physics,2012,guangdong,independent,3,0,1,0,/home/flaskappuser/Desktop/NewDisk_2T/aitutor/database/preflight/qb-extract/docx-cache/gaokao/physics/2012/2012年高考物理试卷（广东）（解析卷）.docx
english,2016,tianjin,independent,35,0,1,0,/home/flaskappuser/Desktop/NewDisk_2T/aitutor/database/preflight/qb-extract/docx-cache/gaokao/english/2016/2016年高考英语试卷（天津）（解析卷）.docx
history,2015,chongqing,independent,12,0,1,0,/home/flaskappuser/Desktop/NewDisk_2T/aitutor/database/preflight/qb-extract/docx-cache/gaokao/history/2015/2015年高考历史试卷（重庆）（解析卷）.docx
chemistry,2009,beijing,independent,7,0,1,0,/home/flaskappuser/Desktop/NewDisk_2T/aitutor/database/preflight/qb-extract/docx-cache/gaokao/chemistry/2009/2009年高考化学试卷（北京）（解析卷）.docx
politics,2012,guangdong,independent,3,0,1,0,/home/flaskappuser/Desktop/NewDisk_2T/aitutor/database/preflight/qb-extract/docx-cache/gaokao/politics/2012/2012年高考政治试卷（广东）（解析卷）.docx
chemistry,2011,beijing,independent,7,0,1,0,/home/flaskappuser/Desktop/NewDisk_2T/aitutor/database/preflight/qb-extract/docx-cache/gaokao/chemistry/2011/2011年高考化学试卷（北京）（解析卷）.docx
politics,2012,zhejiang,independent,11,0,1,0,/home/flaskappuser/Desktop/NewDisk_2T/aitutor/database/preflight/qb-extract/docx-cache/gaokao/politics/2012/2012年高考政治试卷（浙江）（解析卷）.docx
chemistry,2011,shandong,independent,7,0,1,0,/home/flaskappuser/Desktop/NewDisk_2T/aitutor/database/preflight/qb-extract/docx-cache/gaokao/chemistry/2011/2011年高考化学试卷（山东）（解析卷）.docx
politics,2024,shandong,independent,15,0,1,0,/home/flaskappuser/Desktop/NewDisk_2T/aitutor/database/incoming/gaokao/politics/2024/2024年高考政治试卷（山东）（解析卷）.docx
history,2015,anhui,independent,1,0,1,0,/home/flaskappuser/Desktop/NewDisk_2T/aitutor/database/preflight/qb-extract/docx-cache/gaokao/history/2015/2015年高考历史试卷（安徽）（解析卷）.docx
chemistry,2012,beijing,independent,7,0,1,0,/home/flaskappuser/Desktop/NewDisk_2T/aitutor/database/preflight/qb-extract/docx-cache/gaokao/chemistry/2012/2012年高考化学试卷（北京）（解析卷）.docx
chemistry,2024,beijing,independent,0,0,1,0,/home/flaskappuser/Desktop/NewDisk_2T/aitutor/database/incoming/gaokao/chemistry/2024/2024年高考化学试卷（北京）（解析卷）.docx
history,2015,shanghai,independent,1,0,1,0,/home/flaskappuser/Desktop/NewDisk_2T/aitutor/database/preflight/qb-extract/docx-cache/gaokao/history/2015/2015年高考历史试卷（上海）（答案）.docx
chemistry,2013,national,national_ii,7,0,1,0,/home/flaskappuser/Desktop/NewDisk_2T/aitutor/database/preflight/qb-extract/docx-cache/gaokao/chemistry/2013/2013年高考化学试卷（新课标Ⅱ）（解析卷）.docx
politics,2013,shandong,independent,1,0,1,0,/home/flaskappuser/Desktop/NewDisk_2T/aitutor/database/preflight/qb-extract/docx-cache/gaokao/politics/2013/2013年高考政治试卷（山东）（解析卷）.docx
biology,2019,national,national_ii,6,0,1,0,/home/flaskappuser/Desktop/NewDisk_2T/aitutor/database/preflight/qb-extract/docx-cache/gaokao/biology/2019/2019年高考生物试卷（新课标Ⅱ）（解析卷）.docx
chemistry,2021,jiangsu,independent,18,0,1,0,/home/flaskappuser/Desktop/NewDisk_2T/aitutor/database/incoming/gaokao/chemistry/2021/2021年高考化学试卷（江苏）（解析卷）.docx
politics,2021,jiangsu,independent,15,0,1,0,/home/flaskappuser/Desktop/NewDisk_2T/aitutor/database/incoming/gaokao/politics/2021/2021年高考政治试卷（江苏）（解析卷）.docx
history,2014,national,national_i,10,0,1,0,/home/flaskappuser/Desktop/NewDisk_2T/aitutor/database/preflight/qb-extract/docx-cache/gaokao/history/2014/2014年高考历史试卷（新课标Ⅰ）（解析卷）.docx
chemistry,2024,hunan,independent,16,0,1,0,/home/flaskappuser/Desktop/NewDisk_2T/aitutor/database/incoming/gaokao/chemistry/2024/2024年高考化学试卷（湖南）（解析卷）.docx
english,2021,national,national_b,34,0,1,20,/home/flaskappuser/Desktop/NewDisk_2T/aitutor/database/incoming/gaokao/english/2021/2021年高考英语试卷（全国乙卷）（新课标Ⅰ）（解析卷）.docx
politics,2014,shanghai,independent,0,0,1,0,/home/flaskappuser/Desktop/NewDisk_2T/aitutor/database/preflight/qb-extract/docx-cache/gaokao/politics/2014/2014年高考政治试卷（上海）（答案）.docx
chinese,2015,guangdong,independent,9,0,1,0,/home/flaskappuser/Desktop/NewDisk_2T/aitutor/database/preflight/qb-extract/docx-cache/gaokao/chinese/2015/2015年高考语文试卷（广东）（解析卷）.docx
geography,2023,liaoning,independent,16,0,1,0,/home/flaskappuser/Desktop/NewDisk_2T/aitutor/database/incoming/gaokao/geography/2023/2023年高考地理试卷（辽宁）（解析卷）.docx
history,2013,zhejiang,independent,1,0,1,0,/home/flaskappuser/Desktop/NewDisk_2T/aitutor/database/preflight/qb-extract/docx-cache/gaokao/history/2013/2013年高考历史试卷（浙江）（解析卷）.docx
chemistry,2014,beijing,independent,7,0,1,0,/home/flaskappuser/Desktop/NewDisk_2T/aitutor/database/preflight/qb-extract/docx-cache/gaokao/chemistry/2014/2014年高考化学试卷（北京）（解析卷）.docx
chemistry,2021,hubei,independent,18,0,1,0,/home/flaskappuser/Desktop/NewDisk_2T/aitutor/database/preflight/qb-extract/docx-cache/gaokao/chemistry/2021/2021年高考化学试卷（湖北）（解析卷）.docx
history,2013,tianjin,independent,11,0,1,0,/home/flaskappuser/Desktop/NewDisk_2T/aitutor/database/preflight/qb-extract/docx-cache/gaokao/history/2013/2013年高考历史试卷（天津）（解析卷）.docx
chemistry,2014,national,national_i,7,0,1,0,/home/flaskappuser/Desktop/NewDisk_2T/aitutor/database/preflight/qb-extract/docx-cache/gaokao/chemistry/2014/2014年高考化学试卷（新课标Ⅰ）（解析卷）.docx
chemistry,2014,national,national_ii,7,0,1,0,/home/flaskappuser/Desktop/NewDisk_2T/aitutor/database/preflight/qb-extract/docx-cache/gaokao/chemistry/2014/2014年高考化学试卷（新课标Ⅱ）（解析卷）.docx
history,2012,zhejiang,independent,12,0,1,0,/home/flaskappuser/Desktop/NewDisk_2T/aitutor/database/preflight/qb-extract/docx-cache/gaokao/history/2012/2012年高考历史试卷（浙江）（解析卷）.docx
chemistry,2022,national,national_b,11,0,1,0,/home/flaskappuser/Desktop/NewDisk_2T/aitutor/database/incoming/gaokao/chemistry/2022/2022年高考化学试卷（全国乙卷）（解析卷）.docx
geography,2023,zhejiang,independent,26,0,1,0,/home/flaskappuser/Desktop/NewDisk_2T/aitutor/database/incoming/gaokao/geography/2023/2023年高考地理试卷（浙江）（1月）（解析卷）.docx
history,2012,jiangsu,independent,20,0,1,0,/home/flaskappuser/Desktop/NewDisk_2T/aitutor/database/preflight/qb-extract/docx-cache/gaokao/history/2012/2012年高考历史试卷（江苏）（解析卷卷）   .docx
english,2008,tianjin,independent,55,0,1,1,/home/flaskappuser/Desktop/NewDisk_2T/aitutor/database/preflight/qb-extract/docx-cache/gaokao/english/2008/2008年高考英语试卷（天津）（解析卷）.docx
chemistry,2023,hebei,independent,15,0,1,0,/home/flaskappuser/Desktop/NewDisk_2T/aitutor/database/incoming/gaokao/chemistry/2023/2023年高考化学试卷（河北）（解析卷）.docx
chemistry,2015,national,national_ii,7,0,1,0,/home/flaskappuser/Desktop/NewDisk_2T/aitutor/database/preflight/qb-extract/docx-cache/gaokao/chemistry/2015/2015年高考化学试卷（新课标Ⅱ）（解析卷）.docx
math,2012,liaoning,independent,0,0,1,0,/home/flaskappuser/Desktop/NewDisk_2T/aitutor/database/preflight/qb-extract/docx-cache/gaokao/math/2012/2012年高考数学试卷（文）（辽宁）（解析卷）.docx
chemistry,2015,chongqing,independent,8,0,1,0,/home/flaskappuser/Desktop/NewDisk_2T/aitutor/database/preflight/qb-extract/docx-cache/gaokao/chemistry/2015/2015年高考化学试卷（重庆）（解析卷）.docx
english,2023,national,national_b,35,0,1,18,/home/flaskappuser/Desktop/NewDisk_2T/aitutor/database/incoming/gaokao/english/2023/2023年高考英语试卷（全国乙卷）（解析卷）.docx
politics,2015,zhejiang,independent,12,0,1,0,/home/flaskappuser/Desktop/NewDisk_2T/aitutor/database/preflight/qb-extract/docx-cache/gaokao/politics/2015/2015年高考政治试卷（浙江）（6月）（解析卷）.docx
english,2023,national,national_a,35,0,1,18,/home/flaskappuser/Desktop/NewDisk_2T/aitutor/database/incoming/gaokao/english/2023/2023年高考英语试卷（全国甲卷）（解析卷）.docx
chemistry,2016,national,national_i,7,0,1,0,/home/flaskappuser/Desktop/NewDisk_2T/aitutor/database/preflight/qb-extract/docx-cache/gaokao/chemistry/2016/2016年高考化学试卷（新课标Ⅰ）（解析卷）.docx
geography,2014,national,national_ii,11,0,1,0,/home/flaskappuser/Desktop/NewDisk_2T/aitutor/database/preflight/qb-extract/docx-cache/gaokao/geography/2014/2014年高考地理试卷（新课标Ⅱ）（解析卷）.docx
chemistry,2016,national,national_iii,8,0,1,0,/home/flaskappuser/Desktop/NewDisk_2T/aitutor/database/preflight/qb-extract/docx-cache/gaokao/chemistry/2016/2016年高考化学试卷（新课标Ⅲ）（解析卷）.docx
politics,2016,national,national_i,12,0,1,0,/home/flaskappuser/Desktop/NewDisk_2T/aitutor/database/preflight/qb-extract/docx-cache/gaokao/politics/2016/2016年高考政治试卷（新课标Ⅰ）（解析卷）.docx
geography,2021,liaoning,independent,15,0,1,0,/home/flaskappuser/Desktop/NewDisk_2T/aitutor/database/preflight/qb-extract/docx-cache/gaokao/geography/2021/2021年高考地理试卷（辽宁）（解析卷）.docx
politics,2022,hunan,independent,16,0,1,0,/home/flaskappuser/Desktop/NewDisk_2T/aitutor/database/incoming/gaokao/politics/2022/2022年高考政治试卷（湖南）（解析卷）.docx
geography,2017,shanghai,independent,0,0,1,0,/home/flaskappuser/Desktop/NewDisk_2T/aitutor/database/incoming/gaokao/geography/2017/2017年高考地理试题（上海）（解析卷）.docx
politics,2017,shanghai,independent,0,0,1,0,/home/flaskappuser/Desktop/NewDisk_2T/aitutor/database/preflight/qb-extract/docx-cache/gaokao/politics/2017/2017年高考政治试卷（上海）（答案）.docx
chemistry,2018,beijing,independent,7,0,1,0,/home/flaskappuser/Desktop/NewDisk_2T/aitutor/database/preflight/qb-extract/docx-cache/gaokao/chemistry/2018/2018年高考化学试卷（北京）（解析卷）.docx
chemistry,2018,national,national_i,8,0,1,0,/home/flaskappuser/Desktop/NewDisk_2T/aitutor/database/preflight/qb-extract/docx-cache/gaokao/chemistry/2018/2018年高考化学试卷（新课标Ⅰ）（解析卷）.docx
math,2013,tianjin,independent,0,0,1,0,/home/flaskappuser/Desktop/NewDisk_2T/aitutor/database/preflight/qb-extract/docx-cache/gaokao/math/2013/2013年高考数学试卷（文）（天津）（解析卷）.docx
geography,2021,fujian,independent,0,0,1,0,/home/flaskappuser/Desktop/NewDisk_2T/aitutor/database/preflight/qb-extract/docx-cache/gaokao/geography/2021/2021年高考地理试卷（福建）（解析卷）.docx
biology,2013,national,national_i,7,0,1,0,/home/flaskappuser/Desktop/NewDisk_2T/aitutor/database/preflight/qb-extract/docx-cache/gaokao/biology/2013/2013年高考生物试卷（新课标Ⅰ）（解析卷）.docx
chemistry,2019,national,national_i,8,0,1,0,/home/flaskappuser/Desktop/NewDisk_2T/aitutor/database/preflight/qb-extract/docx-cache/gaokao/chemistry/2019/2019年高考化学试卷（新课标Ⅰ）（解析卷）.docx
math,2023,national,national_a,16,0,1,0,/home/flaskappuser/Desktop/NewDisk_2T/aitutor/database/incoming/gaokao/math/2023/2023年高考数学试卷（文）（全国甲卷）（解析卷）.docx
chemistry,2022,tianjin,independent,16,0,1,0,/home/flaskappuser/Desktop/NewDisk_2T/aitutor/database/incoming/gaokao/chemistry/2022/2022年高考化学试卷（天津）（解析卷）.docx
history,2008,zhejiang,independent,12,0,1,0,/home/flaskappuser/Desktop/NewDisk_2T/aitutor/database/preflight/qb-extract/docx-cache/gaokao/history/2008/2008年高考历史试卷（浙江）（解析卷）.docx
biology,2013,beijing,independent,5,0,1,0,/home/flaskappuser/Desktop/NewDisk_2T/aitutor/database/preflight/qb-extract/docx-cache/gaokao/biology/2013/2013年高考生物试卷（北京）（解析卷）.docx
chinese,2017,zhejiang,independent,0,0,1,0,/home/flaskappuser/Desktop/NewDisk_2T/aitutor/database/incoming/gaokao/chinese/2017/2017年高考语文试卷（浙江）（解析卷）.docx
physics,2013,anhui,independent,6,0,1,0,/home/flaskappuser/Desktop/NewDisk_2T/aitutor/database/preflight/qb-extract/docx-cache/gaokao/physics/2013/2013年高考物理试卷（安徽）（解析卷）.docx
chemistry,2020,tianjin,independent,15,0,1,0,/home/flaskappuser/Desktop/NewDisk_2T/aitutor/database/preflight/qb-extract/docx-cache/gaokao/chemistry/2020/2020年高考化学试卷（天津）（解析卷）.docx
geography,2011,jiangsu,independent,15,0,1,0,/home/flaskappuser/Desktop/NewDisk_2T/aitutor/database/preflight/qb-extract/docx-cache/gaokao/geography/2011/2011年高考地理试卷（江苏）（解析卷）.docx
biology,2012,tianjin,independent,7,0,1,0,/home/flaskappuser/Desktop/NewDisk_2T/aitutor/database/preflight/qb-extract/docx-cache/gaokao/biology/2012/2012年高考生物试卷（天津）（解析卷）.docx
chinese,2016,zhejiang,independent,0,0,1,0,/home/flaskappuser/Desktop/NewDisk_2T/aitutor/database/incoming/gaokao/chinese/2016/2016年高考语文试卷（浙江）（解析卷）.docx
physics,2022,jiangsu,independent,11,0,1,0,/home/flaskappuser/Desktop/NewDisk_2T/aitutor/database/incoming/gaokao/physics/2022/2022年高考物理试卷（江苏）（解析卷）.docx
history,2023,shandong,independent,5,0,1,0,/home/flaskappuser/Desktop/NewDisk_2T/aitutor/database/incoming/gaokao/history/2023/2023年高考历史试卷（山东）（解析卷）.docx
history,2022,guangdong,independent,16,0,1,0,/home/flaskappuser/Desktop/NewDisk_2T/aitutor/database/incoming/gaokao/history/2022/2022年高考历史试卷（广东）（解析卷）.docx
physics,2022,hunan,independent,12,0,1,0,/home/flaskappuser/Desktop/NewDisk_2T/aitutor/database/incoming/gaokao/physics/2022/2022年高考物理试卷（湖南）（解析卷）.docx
physics,2022,fujian,independent,11,0,1,0,/home/flaskappuser/Desktop/NewDisk_2T/aitutor/database/incoming/gaokao/physics/2022/2022年高考物理试卷（福建）（解析卷）.docx
english,2019,zhejiang,independent,32,0,1,20,/home/flaskappuser/Desktop/NewDisk_2T/aitutor/database/preflight/qb-extract/docx-cache/gaokao/english/2019/2019年高考英语试卷（浙江）（6月）（解析卷）.docx
biology,2023,zhejiang,independent,22,0,1,0,/home/flaskappuser/Desktop/NewDisk_2T/aitutor/database/incoming/gaokao/biology/2023/2023年高考生物试卷（浙江）【1月】（解析卷）.docx
history,2022,hainan,independent,15,0,1,0,/home/flaskappuser/Desktop/NewDisk_2T/aitutor/database/incoming/gaokao/history/2022/2022年高考历史真题（海南）（解析卷）.docx
history,2021,hunan,independent,16,0,1,0,/home/flaskappuser/Desktop/NewDisk_2T/aitutor/database/preflight/qb-extract/docx-cache/gaokao/history/2021/2021年高考历史试卷（湖南）（解析卷）.docx
physics,2023,jiangsu,independent,12,0,1,0,/home/flaskappuser/Desktop/NewDisk_2T/aitutor/database/incoming/gaokao/physics/2023/2023年高考物理试卷（江苏）（解析卷）.docx
physics,2023,zhejiang,independent,18,0,1,0,/home/flaskappuser/Desktop/NewDisk_2T/aitutor/database/incoming/gaokao/physics/2023/2023年高考物理试卷（浙江）【1月】（解析卷）.docx
history,2021,hubei,independent,16,0,1,0,/home/flaskappuser/Desktop/NewDisk_2T/aitutor/database/preflight/qb-extract/docx-cache/gaokao/history/2021/2021年高考历史试卷（湖北）（解析卷）.docx
physics,2023,liaoning,independent,12,0,1,0,/home/flaskappuser/Desktop/NewDisk_2T/aitutor/database/incoming/gaokao/physics/2023/2023年高考物理试卷（辽宁）（解析卷）.docx
history,2023,hunan,independent,9,0,1,0,/home/flaskappuser/Desktop/NewDisk_2T/aitutor/database/incoming/gaokao/history/2023/2023年高考历史试卷（湖南）（解析卷）.docx
history,2021,jiangsu,independent,16,0,1,0,/home/flaskappuser/Desktop/NewDisk_2T/aitutor/database/incoming/gaokao/history/2021/2021年高考历史试卷（江苏）（解析卷卷）.docx
physics,2024,hebei,independent,11,0,1,0,/home/flaskappuser/Desktop/NewDisk_2T/aitutor/database/incoming/gaokao/physics/2024/2024年高考物理试卷（河北）（解析卷）.docx
history,2021,shandong,independent,12,0,1,0,/home/flaskappuser/Desktop/NewDisk_2T/aitutor/database/preflight/qb-extract/docx-cache/gaokao/history/2021/2021年高考历史试卷（山东）（解析卷）.docx
physics,2024,hainan,independent,16,0,1,0,/home/flaskappuser/Desktop/NewDisk_2T/aitutor/database/incoming/gaokao/physics/2024/2024年高考物理试卷（海南）（解析卷）.docx
history,2020,national,national_iii,12,0,1,0,/home/flaskappuser/Desktop/NewDisk_2T/aitutor/database/preflight/qb-extract/docx-cache/gaokao/history/2020/2020年高考历史试卷（新课标Ⅲ）（解析卷）.docx
history,2020,national,national_i,5,0,1,0,/home/flaskappuser/Desktop/NewDisk_2T/aitutor/database/preflight/qb-extract/docx-cache/gaokao/history/2020/2020年高考历史试卷（新课标Ⅰ）（解析卷）.docx
physics,2024,guizhou,independent,11,0,1,0,/home/flaskappuser/Desktop/NewDisk_2T/aitutor/database/incoming/gaokao/physics/2024/2024年高考物理试卷（贵州）（解析卷）.docx
english,2019,national,national_ii,35,0,1,19,/home/flaskappuser/Desktop/NewDisk_2T/aitutor/database/preflight/qb-extract/docx-cache/gaokao/english/2019/2019年高考英语试卷（新课标Ⅱ卷）（解析卷）.docx
history,2020,shandong,independent,12,0,1,0,/home/flaskappuser/Desktop/NewDisk_2T/aitutor/database/incoming/gaokao/history/2020/2020年高考历史试卷（山东）（解析卷）.docx
chemistry,2022,shandong,independent,20,0,1,0,/home/flaskappuser/Desktop/NewDisk_2T/aitutor/database/incoming/gaokao/chemistry/2022/2022年高考化学试卷（山东）（解析卷）.docx
history,2019,national,national_ii,12,0,1,0,/home/flaskappuser/Desktop/NewDisk_2T/aitutor/database/preflight/qb-extract/docx-cache/gaokao/history/2019/2019年高考历史试卷（新课标Ⅱ）（解析卷）.docx
physics,2021,guangdong,independent,11,0,1,0,/home/flaskappuser/Desktop/NewDisk_2T/aitutor/database/preflight/qb-extract/docx-cache/gaokao/physics/2021/2021年高考物理试卷（广东）（解析卷）.docx
biology,2022,hunan,independent,20,0,1,0,/home/flaskappuser/Desktop/NewDisk_2T/aitutor/database/incoming/gaokao/biology/2022/2022年高考生物试卷（湖南）（解析卷）.docx
biology,2011,tianjin,independent,7,0,1,0,/home/flaskappuser/Desktop/NewDisk_2T/aitutor/database/preflight/qb-extract/docx-cache/gaokao/biology/2011/2011年高考生物试卷（天津）（解析卷）.docx
physics,2021,shandong,independent,14,0,1,0,/home/flaskappuser/Desktop/NewDisk_2T/aitutor/database/preflight/qb-extract/docx-cache/gaokao/physics/2021/2021年高考物理试卷（山东）（解析卷）.docx
history,2018,jiangsu,independent,20,0,1,0,/home/flaskappuser/Desktop/NewDisk_2T/aitutor/database/preflight/qb-extract/docx-cache/gaokao/history/2018/2018年高考历史试卷（江苏）（解析卷卷）   .docx
biology,2011,beijing,independent,12,0,1,0,/home/flaskappuser/Desktop/NewDisk_2T/aitutor/database/preflight/qb-extract/docx-cache/gaokao/biology/2011/2011年高考生物试卷（北京）（解析卷）.docx
politics,2024,hubei,independent,11,0,1,0,/home/flaskappuser/Desktop/NewDisk_2T/aitutor/database/incoming/gaokao/politics/2024/2024年高考政治试卷（湖北）（解析卷）.docx
biology,2022,guangdong,independent,20,0,1,0,/home/flaskappuser/Desktop/NewDisk_2T/aitutor/database/incoming/gaokao/biology/2022/2022年高考生物试卷（广东）（解析卷）.docx
chemistry,2024,chongqing,independent,18,0,1,0,/home/flaskappuser/Desktop/NewDisk_2T/aitutor/database/incoming/gaokao/chemistry/2024/2024年高考化学试卷（重庆）（解析卷）.docx
politics,2009,zhejiang,independent,12,0,1,0,/home/flaskappuser/Desktop/NewDisk_2T/aitutor/database/preflight/qb-extract/docx-cache/gaokao/politics/2009/2009年高考政治试卷（浙江）（解析卷）.docx
history,2018,national,national_iii,8,0,1,0,/home/flaskappuser/Desktop/NewDisk_2T/aitutor/database/preflight/qb-extract/docx-cache/gaokao/history/2018/2018年高考历史试卷（新课标Ⅲ）（解析卷）.docx
